{
  "full_v4_2_seed42_fixed_nowarm_lambda1": {
    "last_step": 113,
    "full": {
      "n": 138,
      "step_avg": 34.544669860471174,
      "step_p95": 69.32795730198268,
      "data_avg": 31.277245641543455,
      "data_p95": 67.45044699194841,
      "compute_avg": 3.267424218927719,
      "compute_p95": 8.969514133234043,
      "wait_ratio_avg": 0.8812799110458205,
      "wait_ratio_p95": 0.9761140632311419
    },
    "recent30": {
      "n": 30,
      "step_avg": 37.31364606353842,
      "step_p95": 58.778505228983704,
      "data_avg": 35.0202114417858,
      "data_p95": 57.00000517972512,
      "compute_avg": 2.293434621752628,
      "compute_p95": 5.498855390876997,
      "wait_ratio_avg": 0.9324692377920746,
      "wait_ratio_p95": 0.9706638577175624
    }
  },
  "full_v4_2_seed42_fixed_warmup_lambda1": {
    "last_step": 48,
    "full": {
      "n": 48,
      "step_avg": 23.59453055408206,
      "step_p95": 46.87152566603618,
      "data_avg": 19.622182136876898,
      "data_p95": 45.38375555211678,
      "compute_avg": 3.9723484172051635,
      "compute_p95": 8.880674173880834,
      "wait_ratio_avg": 0.7924498329014129,
      "wait_ratio_p95": 0.9559420430691248
    },
    "recent30": {
      "n": 30,
      "step_avg": 29.203504486199623,
      "step_p95": 64.10072128497995,
      "data_avg": 26.237118234770605,
      "data_p95": 61.20496893808013,
      "compute_avg": 2.9663862514290185,
      "compute_p95": 5.875759699905757,
      "wait_ratio_avg": 0.8550624753962602,
      "wait_ratio_p95": 0.9593572856956127
    }
  },
  "wo_semantics_v4_2_seed42": {
    "last_step": 37,
    "full": {
      "n": 37,
      "step_avg": 20.588224619000872,
      "step_p95": 46.83992070500972,
      "data_avg": 16.922526343731914,
      "data_p95": 42.94807446713094,
      "compute_avg": 3.6656982752689586,
      "compute_p95": 10.5071768911439,
      "wait_ratio_avg": 0.8030227000312242,
      "wait_ratio_p95": 0.9713078324184471
    },
    "recent30": {
      "n": 30,
      "step_avg": 21.01348470459731,
      "step_p95": 46.83992070500972,
      "data_avg": 18.763668657651092,
      "data_p95": 42.94807446713094,
      "compute_avg": 2.2498160469462163,
      "compute_p95": 5.21632333798334,
      "wait_ratio_avg": 0.861070242763845,
      "wait_ratio_p95": 0.9713078324184471
    }
  },
  "wo_object_bias_v4_2_seed42": {
    "last_step": 113,
    "full": {
      "n": 113,
      "step_avg": 31.315402791237837,
      "step_p95": 60.44249205396045,
      "data_avg": 28.613988519512297,
      "data_p95": 59.31970763625577,
      "compute_avg": 2.7014142717255396,
      "compute_p95": 7.5913051551324315,
      "wait_ratio_avg": 0.8861171712687772,
      "wait_ratio_p95": 0.977168279840919
    },
    "recent30": {
      "n": 30,
      "step_avg": 37.318869748230405,
      "step_p95": 60.44249205396045,
      "data_avg": 35.31045155625907,
      "data_p95": 59.31970763625577,
      "compute_avg": 2.008418191971335,
      "compute_p95": 4.820792559010442,
      "wait_ratio_avg": 0.9417371702845085,
      "wait_ratio_p95": 0.9797161602291744
    }
  }
}