{
  "generated_at_utc": "2026-04-15T16:15:36.528554+00:00",
  "runs": [
    {
      "run_name": "stage2_calonly_topk1_seed123_longconfirm_v2_20260414",
      "track": "longconfirm",
      "ablation_name": "none",
      "family": "topk1",
      "seed": 123,
      "status": "completed",
      "global_step": 14500,
      "final_json_exists": true,
      "progress_json_exists": true,
      "raw_json_exists": true,
      "best_ckpt_exists": true,
      "latest_ckpt_exists": true,
      "sidecar_exists": true,
      "scientific_result_valid": true,
      "selected_gpu_id": 2,
      "lease_id": "ae8f7f6c-8439-49a4-8e70-1ed755ed8dd0",
      "batch_size": 8,
      "train_steps": 14500,
      "eval_interval": 500,
      "save_every_n_steps": 500,
      "effective_train_sample_count_per_dataset": {
        "VSPW": 2806,
        "VIPSeg": 2806
      },
      "effective_val_sample_count_per_dataset": {
        "VSPW": 343,
        "VIPSeg": 343
      },
      "best_checkpoint_metric": {
        "global_step": 10500,
        "metrics": {
          "teacher_forced_coord_loss": 3.014592101484348e-05,
          "free_rollout_coord_mean_l2": 0.0005033888573908999,
          "free_rollout_endpoint_l2": 0.0005282461077264041,
          "total_loss_reference": 3.0058316673588633e-05
        },
        "rank_key": [
          0.0005282461077264041,
          0.0005033888573908999,
          3.014592101484348e-05
        ]
      },
      "latest_checkpoint_metric": {
        "global_step": 14500,
        "metrics": {
          "teacher_forced_coord_loss": 3.288798994490261e-05,
          "free_rollout_coord_mean_l2": 0.002686925235125657,
          "free_rollout_endpoint_l2": 0.002716031047697491,
          "total_loss_reference": 3.2810218034112127e-05
        },
        "rank_key": [
          0.002716031047697491,
          0.002686925235125657,
          3.288798994490261e-05
        ]
      },
      "semantic_hard_sidecar_metric": {
        "enabled": true,
        "checkpoint_path": "/home/chen034/workspace/stwm/outputs/checkpoints/stage2_calonly_topk1_seed123_longconfirm_v2_20260414/best_semantic_hard.pt",
        "exists": true,
        "global_step": 14000,
        "semantic_hard_sidecar_score": 0.0003507210270095712,
        "metrics": {
          "teacher_forced_coord_loss": 1.3737623633530276e-07,
          "free_rollout_coord_mean_l2": 0.00035070887026496424,
          "free_rollout_endpoint_l2": 0.0003507262370429742,
          "total_loss_reference": 1.3842048076639913e-07
        },
        "score_formula": "mean endpoint L2 over semantic-hard subsets: occlusion_reappearance, crossing_or_interaction_ambiguity, small_object_or_low_area, appearance_change_or_semantic_shift"
      },
      "actual_gate_positive_ratio_mean": 0.125,
      "valuable_pair_ratio_mean": 0.0,
      "same_checkpoint_selected": false,
      "sidecar_truly_diverged": true,
      "gating_family": "hard_topk_query_gating_v2",
      "aux_loss_delay_steps": 180,
      "aux_loss_ramp_steps": 360,
      "persistence_objective_declared": false,
      "persistence_objective_effective": false
    },
    {
      "run_name": "stage2_calonly_topk1_seed321_longconfirm_v2_20260414",
      "track": "longconfirm",
      "ablation_name": "none",
      "family": "topk1",
      "seed": 321,
      "status": "completed",
      "global_step": 10000,
      "final_json_exists": true,
      "progress_json_exists": true,
      "raw_json_exists": true,
      "best_ckpt_exists": true,
      "latest_ckpt_exists": true,
      "sidecar_exists": true,
      "scientific_result_valid": true,
      "selected_gpu_id": 4,
      "lease_id": "e7052755-a8c6-4fc3-ad06-33466603b1d4",
      "batch_size": 8,
      "train_steps": 10000,
      "eval_interval": 500,
      "save_every_n_steps": 500,
      "effective_train_sample_count_per_dataset": {
        "VSPW": 2806,
        "VIPSeg": 2806
      },
      "effective_val_sample_count_per_dataset": {
        "VSPW": 343,
        "VIPSeg": 343
      },
      "best_checkpoint_metric": {
        "global_step": 9000,
        "metrics": {
          "teacher_forced_coord_loss": 2.7069694565206684e-05,
          "free_rollout_coord_mean_l2": 0.000570496107345045,
          "free_rollout_endpoint_l2": 0.0005962728865006151,
          "total_loss_reference": 2.6991210994522353e-05
        },
        "rank_key": [
          0.0005962728865006151,
          0.000570496107345045,
          2.7069694565206684e-05
        ]
      },
      "latest_checkpoint_metric": {
        "global_step": 10000,
        "metrics": {
          "teacher_forced_coord_loss": 2.887998234303907e-05,
          "free_rollout_coord_mean_l2": 0.0009679336001710972,
          "free_rollout_endpoint_l2": 0.000991991879594982,
          "total_loss_reference": 2.8797192906529555e-05
        },
        "rank_key": [
          0.000991991879594982,
          0.0009679336001710972,
          2.887998234303907e-05
        ]
      },
      "semantic_hard_sidecar_metric": {
        "enabled": true,
        "checkpoint_path": "/home/chen034/workspace/stwm/outputs/checkpoints/stage2_calonly_topk1_seed321_longconfirm_v2_20260414/best_semantic_hard.pt",
        "exists": true,
        "global_step": 9000,
        "semantic_hard_sidecar_score": 0.00016332968997840696,
        "metrics": {
          "teacher_forced_coord_loss": 3.3295078284167033e-08,
          "free_rollout_coord_mean_l2": 0.00016332832344162924,
          "free_rollout_endpoint_l2": 0.000163330275637026,
          "total_loss_reference": 3.326435908945768e-08
        },
        "score_formula": "mean endpoint L2 over semantic-hard subsets: occlusion_reappearance, crossing_or_interaction_ambiguity, small_object_or_low_area, appearance_change_or_semantic_shift"
      },
      "actual_gate_positive_ratio_mean": 0.125,
      "valuable_pair_ratio_mean": 0.0,
      "same_checkpoint_selected": true,
      "sidecar_truly_diverged": false,
      "gating_family": "hard_topk_query_gating_v2",
      "aux_loss_delay_steps": 180,
      "aux_loss_ramp_steps": 360,
      "persistence_objective_declared": false,
      "persistence_objective_effective": false
    }
  ],
  "longrun_produces_new_best": true,
  "semantic_hard_sidecar_improves_together": false,
  "overfit_or_regression_detected": false
}
