{
  "generated_at_utc": "2026-04-20T10:57:40.071017+00:00",
  "comparisons": {
    "vs_current_calibration_only_best": {
      "densified_200_overall_top1": {
        "count": 200,
        "mean_delta": 0.02,
        "ci95_low": -0.02,
        "ci95_high": 0.06,
        "bootstrap_win_rate": 0.816,
        "zero_excluded": false
      },
      "hard_subsets_top1": {
        "count": 200,
        "mean_delta": 0.02,
        "ci95_low": -0.015,
        "ci95_high": 0.06,
        "bootstrap_win_rate": 0.81575,
        "zero_excluded": false
      },
      "crossing_ambiguity_top1": {
        "count": 146,
        "mean_delta": 0.00684931506849315,
        "ci95_low": -0.034417808219178024,
        "ci95_high": 0.0547945205479452,
        "bootstrap_win_rate": 0.5595,
        "zero_excluded": false
      },
      "appearance_change_top1": {
        "count": 137,
        "mean_delta": 0.014598540145985401,
        "ci95_low": -0.0364963503649635,
        "ci95_high": 0.06569343065693431,
        "bootstrap_win_rate": 0.6485,
        "zero_excluded": false
      },
      "occlusion_reappearance_top1": {
        "count": 129,
        "mean_delta": 0.03875968992248062,
        "ci95_low": -0.007751937984496124,
        "ci95_high": 0.09302325581395349,
        "bootstrap_win_rate": 0.9265,
        "zero_excluded": false
      },
      "long_gap_persistence_top1": {
        "count": 67,
        "mean_delta": 0.04477611940298507,
        "ci95_low": 0.0,
        "ci95_high": 0.08955223880597014,
        "bootstrap_win_rate": 0.95475,
        "zero_excluded": false
      },
      "small_object_top1": {
        "count": 176,
        "mean_delta": 0.011363636363636364,
        "ci95_low": -0.028409090909090908,
        "ci95_high": 0.05113636363636364,
        "bootstrap_win_rate": 0.65925,
        "zero_excluded": false
      }
    },
    "vs_cropenc_baseline_best": {
      "densified_200_overall_top1": {
        "count": 200,
        "mean_delta": 0.02,
        "ci95_low": -0.02,
        "ci95_high": 0.06,
        "bootstrap_win_rate": 0.812,
        "zero_excluded": false
      },
      "hard_subsets_top1": {
        "count": 200,
        "mean_delta": 0.02,
        "ci95_low": -0.015124999999999956,
        "ci95_high": 0.06,
        "bootstrap_win_rate": 0.814,
        "zero_excluded": false
      },
      "crossing_ambiguity_top1": {
        "count": 146,
        "mean_delta": 0.00684931506849315,
        "ci95_low": -0.03424657534246575,
        "ci95_high": 0.04794520547945205,
        "bootstrap_win_rate": 0.5685,
        "zero_excluded": false
      },
      "appearance_change_top1": {
        "count": 137,
        "mean_delta": 0.014598540145985401,
        "ci95_low": -0.0364963503649635,
        "ci95_high": 0.06569343065693431,
        "bootstrap_win_rate": 0.6665,
        "zero_excluded": false
      },
      "occlusion_reappearance_top1": {
        "count": 129,
        "mean_delta": 0.03875968992248062,
        "ci95_low": -0.007751937984496124,
        "ci95_high": 0.08546511627907047,
        "bootstrap_win_rate": 0.91825,
        "zero_excluded": false
      },
      "long_gap_persistence_top1": {
        "count": 67,
        "mean_delta": 0.04477611940298507,
        "ci95_low": 0.0,
        "ci95_high": 0.1044776119402985,
        "bootstrap_win_rate": 0.9535,
        "zero_excluded": false
      },
      "small_object_top1": {
        "count": 176,
        "mean_delta": 0.011363636363636364,
        "ci95_low": -0.028409090909090908,
        "ci95_high": 0.05113636363636364,
        "bootstrap_win_rate": 0.65575,
        "zero_excluded": false
      }
    },
    "vs_legacysem_best": {
      "densified_200_overall_top1": {
        "count": 200,
        "mean_delta": 0.01,
        "ci95_low": -0.03,
        "ci95_high": 0.05,
        "bootstrap_win_rate": 0.63325,
        "zero_excluded": false
      },
      "hard_subsets_top1": {
        "count": 200,
        "mean_delta": 0.01,
        "ci95_low": -0.03,
        "ci95_high": 0.05,
        "bootstrap_win_rate": 0.64825,
        "zero_excluded": false
      },
      "crossing_ambiguity_top1": {
        "count": 146,
        "mean_delta": -0.00684931506849315,
        "ci95_low": -0.0547945205479452,
        "ci95_high": 0.0410958904109589,
        "bootstrap_win_rate": 0.328,
        "zero_excluded": false
      },
      "appearance_change_top1": {
        "count": 137,
        "mean_delta": 0.0072992700729927005,
        "ci95_low": -0.0364963503649635,
        "ci95_high": 0.058394160583941604,
        "bootstrap_win_rate": 0.55675,
        "zero_excluded": false
      },
      "occlusion_reappearance_top1": {
        "count": 129,
        "mean_delta": 0.031007751937984496,
        "ci95_low": -0.023255813953488372,
        "ci95_high": 0.08527131782945736,
        "bootstrap_win_rate": 0.85225,
        "zero_excluded": false
      },
      "long_gap_persistence_top1": {
        "count": 67,
        "mean_delta": 0.029850746268656716,
        "ci95_low": -0.029850746268656716,
        "ci95_high": 0.08955223880597014,
        "bootstrap_win_rate": 0.77275,
        "zero_excluded": false
      },
      "small_object_top1": {
        "count": 176,
        "mean_delta": 0.0,
        "ci95_low": -0.045454545454545456,
        "ci95_high": 0.03977272727272727,
        "bootstrap_win_rate": 0.44075,
        "zero_excluded": false
      }
    }
  }
}
