{
  "generated_at_utc": "2026-04-20T13:19:21.339650+00:00",
  "probe_design": {
    "probe_a": "future object retrieval from predicted future state via candidate ranking",
    "probe_b": "occlusion/long-gap recovery via subset-filtered candidate retrieval",
    "leakage_check_passed": true,
    "probe_train_items": 0,
    "probe_eval_items": 323
  },
  "probe_a": {
    "overall": {
      "stage1_frozen_baseline": {
        "count": 323,
        "top1": 0.0804953560371517,
        "top5": 0.44891640866873067,
        "mrr": 0.2546427008067758,
        "candidate_confusion_rate": 0.8270902488220536
      },
      "current_calibration_only_best": {
        "count": 323,
        "top1": 0.09287925696594428,
        "top5": 0.4520123839009288,
        "mrr": 0.26117267422764723,
        "candidate_confusion_rate": 0.8142177154386842
      },
      "current_tusb_v3p1_best::best.pt": {
        "count": 323,
        "top1": 0.1021671826625387,
        "top5": 0.43962848297213625,
        "mrr": 0.26427734806327713,
        "candidate_confusion_rate": 0.8073300749427224
      }
    },
    "hard_subsets": {
      "stage1_frozen_baseline": {
        "count": 323,
        "top1": 0.0804953560371517,
        "top5": 0.44891640866873067,
        "mrr": 0.2546427008067758,
        "candidate_confusion_rate": 0.8270902488220536
      },
      "current_calibration_only_best": {
        "count": 323,
        "top1": 0.09287925696594428,
        "top5": 0.4520123839009288,
        "mrr": 0.26117267422764723,
        "candidate_confusion_rate": 0.8142177154386842
      },
      "current_tusb_v3p1_best::best.pt": {
        "count": 323,
        "top1": 0.1021671826625387,
        "top5": 0.43962848297213625,
        "mrr": 0.26427734806327713,
        "candidate_confusion_rate": 0.8073300749427224
      }
    }
  },
  "probe_b": {
    "recovery": {
      "stage1_frozen_baseline": {
        "count": 0,
        "top1": 0.0,
        "top5": 0.0,
        "mrr": 0.0,
        "candidate_confusion_rate": 0.0
      },
      "current_calibration_only_best": {
        "count": 47,
        "top1": 0.10638297872340426,
        "top5": 0.574468085106383,
        "mrr": 0.32401109987173504,
        "candidate_confusion_rate": 0.7386946870064538
      },
      "current_tusb_v3p1_best::best.pt": {
        "count": 47,
        "top1": 0.14893617021276595,
        "top5": 0.5531914893617021,
        "mrr": 0.33269948037539787,
        "candidate_confusion_rate": 0.7174180912617729
      }
    }
  },
  "utility_improved_vs_calibration": true,
  "utility_improved_on_hard_subsets": true,
  "utility_claim_ready": true
}
