{
  "generated_at_utc": "2026-04-17T20:21:47.620312+00:00",
  "best_tusb_v2_run_name": "stage2_tusb_v2_seed123_20260418",
  "best_tusb_lite_run_name": "stage2_tusb_lite_seed123_20260417",
  "active_unit_count_mean_tusb_v2": 7.88475,
  "active_unit_count_mean_tusb_lite": 1.3241666666666667,
  "active_unit_count_mean_significantly_higher_than_tusb_lite": true,
  "assignment_entropy_mean": 0.6755495386529053,
  "actual_top2_assignment_ratio_mean": 0.9986716746687109,
  "z_dyn_drift_mean": 0.5049063861563228,
  "z_sem_drift_mean": 0.004152420718613946,
  "z_sem_to_z_dyn_drift_ratio": 0.008568906314248694,
  "same_instance_within_unit_consistency": 0.0,
  "different_instance_between_unit_separation": 0.03684046935532024,
  "unit_semantic_stability_over_time": 0.999999225756565
}
