{
  "generated_at_utc": "2026-04-16T17:30:27.135485+00:00",
  "local_temporal_branch_status": "0_running_4_completed_0_failed",
  "running_count": 0,
  "completed_count": 4,
  "failed_count": 0,
  "all_runs_terminal": true,
  "best_run_name": "stage2_localtemp_w5_seed123_20260416",
  "best_window": 5,
  "case_candidates": [
    {
      "run_name": "stage2_localtemp_w5_seed123_20260416",
      "seed": 123,
      "local_temporal_window": 5,
      "endpoint_l2": 0.0005282461077264041,
      "semantic_hard_sidecar_score": 0.00015759576882164064
    },
    {
      "run_name": "stage2_localtemp_w3_seed123_20260416",
      "seed": 123,
      "local_temporal_window": 3,
      "endpoint_l2": 0.0005282461077264041,
      "semantic_hard_sidecar_score": 0.00017441686508484566
    },
    {
      "run_name": "stage2_localtemp_w5_seed42_20260416",
      "seed": 42,
      "local_temporal_window": 5,
      "endpoint_l2": 0.0006753838883778053,
      "semantic_hard_sidecar_score": 0.00037085846818696994
    },
    {
      "run_name": "stage2_localtemp_w3_seed42_20260416",
      "seed": 42,
      "local_temporal_window": 3,
      "endpoint_l2": 0.0006753838883778053,
      "semantic_hard_sidecar_score": 0.00041075960124054776
    }
  ],
  "run_rows": [
    {
      "run_name": "stage2_localtemp_w3_seed42_20260416",
      "family": "localtemp_w3",
      "seed": 42,
      "local_temporal_window": 3,
      "status": "completed",
      "global_step": 8000,
      "final_json_exists": true,
      "best_ckpt_exists": true,
      "latest_ckpt_exists": true,
      "sidecar_exists": true,
      "scientific_result_valid": true,
      "selected_gpu_id": 5,
      "lease_id": "87a1e564-9e1e-465e-ae8c-10ab581c2729",
      "best_checkpoint_metric": {
        "global_step": 5500,
        "metrics": {
          "teacher_forced_coord_loss": 2.9959894559164227e-05,
          "free_rollout_coord_mean_l2": 0.0006491923910082364,
          "free_rollout_endpoint_l2": 0.0006753838883778053,
          "total_loss_reference": 2.9872955285117714e-05
        },
        "rank_key": [
          0.0006753838883778053,
          0.0006491923910082364,
          2.9959894559164227e-05
        ]
      },
      "semantic_hard_sidecar_metric": {
        "enabled": true,
        "checkpoint_path": "/raid/chen034/workspace/stwm/outputs/checkpoints/stage2_localtemp_w3_seed42_20260416/best_semantic_hard.pt",
        "exists": true,
        "global_step": 7000,
        "semantic_hard_sidecar_score": 0.00041075960124054776,
        "metrics": {
          "teacher_forced_coord_loss": 1.8832815257132424e-07,
          "free_rollout_coord_mean_l2": 0.0004108269125796281,
          "free_rollout_endpoint_l2": 0.00041073075352379907,
          "total_loss_reference": 1.8842903273252887e-07
        },
        "score_formula": "mean endpoint L2 over semantic-hard subsets: occlusion_reappearance, crossing_or_interaction_ambiguity, small_object_or_low_area, appearance_change_or_semantic_shift"
      },
      "actual_gate_positive_ratio_mean": 0.125
    },
    {
      "run_name": "stage2_localtemp_w3_seed123_20260416",
      "family": "localtemp_w3",
      "seed": 123,
      "local_temporal_window": 3,
      "status": "completed",
      "global_step": 13000,
      "final_json_exists": true,
      "best_ckpt_exists": true,
      "latest_ckpt_exists": true,
      "sidecar_exists": true,
      "scientific_result_valid": true,
      "selected_gpu_id": 6,
      "lease_id": "f5bca5b5-a208-4b88-aa51-e5b1468267c7",
      "best_checkpoint_metric": {
        "global_step": 10500,
        "metrics": {
          "teacher_forced_coord_loss": 3.014592101484348e-05,
          "free_rollout_coord_mean_l2": 0.0005033888573908999,
          "free_rollout_endpoint_l2": 0.0005282461077264041,
          "total_loss_reference": 3.0058316673588633e-05
        },
        "rank_key": [
          0.0005282461077264041,
          0.0005033888573908999,
          3.014592101484348e-05
        ]
      },
      "semantic_hard_sidecar_metric": {
        "enabled": true,
        "checkpoint_path": "/raid/chen034/workspace/stwm/outputs/checkpoints/stage2_localtemp_w3_seed123_20260416/best_semantic_hard.pt",
        "exists": true,
        "global_step": 11000,
        "semantic_hard_sidecar_score": 0.00017441686508484566,
        "metrics": {
          "teacher_forced_coord_loss": 3.207673761934506e-08,
          "free_rollout_coord_mean_l2": 0.0001745159254194452,
          "free_rollout_endpoint_l2": 0.00017437441065573157,
          "total_loss_reference": 3.176460658949054e-08
        },
        "score_formula": "mean endpoint L2 over semantic-hard subsets: occlusion_reappearance, crossing_or_interaction_ambiguity, small_object_or_low_area, appearance_change_or_semantic_shift"
      },
      "actual_gate_positive_ratio_mean": 0.125
    },
    {
      "run_name": "stage2_localtemp_w5_seed42_20260416",
      "family": "localtemp_w5",
      "seed": 42,
      "local_temporal_window": 5,
      "status": "completed",
      "global_step": 6000,
      "final_json_exists": true,
      "best_ckpt_exists": true,
      "latest_ckpt_exists": true,
      "sidecar_exists": true,
      "scientific_result_valid": true,
      "selected_gpu_id": 4,
      "lease_id": "ddc1912d-8e74-4541-9b09-172074b40383",
      "best_checkpoint_metric": {
        "global_step": 5500,
        "metrics": {
          "teacher_forced_coord_loss": 2.9959894559164227e-05,
          "free_rollout_coord_mean_l2": 0.0006491923910082364,
          "free_rollout_endpoint_l2": 0.0006753838883778053,
          "total_loss_reference": 2.9872955285117714e-05
        },
        "rank_key": [
          0.0006753838883778053,
          0.0006491923910082364,
          2.9959894559164227e-05
        ]
      },
      "semantic_hard_sidecar_metric": {
        "enabled": true,
        "checkpoint_path": "/raid/chen034/workspace/stwm/outputs/checkpoints/stage2_localtemp_w5_seed42_20260416/best_semantic_hard.pt",
        "exists": true,
        "global_step": 7500,
        "semantic_hard_sidecar_score": 0.00037085846818696994,
        "metrics": {
          "teacher_forced_coord_loss": 1.5291601001967464e-07,
          "free_rollout_coord_mean_l2": 0.0003708198917313264,
          "free_rollout_endpoint_l2": 0.0003708750009536743,
          "total_loss_reference": 1.5216196800338366e-07
        },
        "score_formula": "mean endpoint L2 over semantic-hard subsets: occlusion_reappearance, crossing_or_interaction_ambiguity, small_object_or_low_area, appearance_change_or_semantic_shift"
      },
      "actual_gate_positive_ratio_mean": 0.125
    },
    {
      "run_name": "stage2_localtemp_w5_seed123_20260416",
      "family": "localtemp_w5",
      "seed": 123,
      "local_temporal_window": 5,
      "status": "completed",
      "global_step": 13000,
      "final_json_exists": true,
      "best_ckpt_exists": true,
      "latest_ckpt_exists": true,
      "sidecar_exists": true,
      "scientific_result_valid": true,
      "selected_gpu_id": 5,
      "lease_id": "23d28c20-3b75-4dab-9711-aaaa5b0c5963",
      "best_checkpoint_metric": {
        "global_step": 10500,
        "metrics": {
          "teacher_forced_coord_loss": 3.014592101484348e-05,
          "free_rollout_coord_mean_l2": 0.0005033888573908999,
          "free_rollout_endpoint_l2": 0.0005282461077264041,
          "total_loss_reference": 3.0058316673588633e-05
        },
        "rank_key": [
          0.0005282461077264041,
          0.0005033888573908999,
          3.014592101484348e-05
        ]
      },
      "semantic_hard_sidecar_metric": {
        "enabled": true,
        "checkpoint_path": "/raid/chen034/workspace/stwm/outputs/checkpoints/stage2_localtemp_w5_seed123_20260416/best_semantic_hard.pt",
        "exists": true,
        "global_step": 11500,
        "semantic_hard_sidecar_score": 0.00015759576882164064,
        "metrics": {
          "teacher_forced_coord_loss": 2.955672493079384e-08,