{
  "generated_at_utc": "2026-04-16T17:30:27.136091+00:00",
  "all_runs_terminal": true,
  "baseline_run_name": "stage2_calonly_topk1_seed123_wave1_20260413",
  "baseline_endpoint_l2": 0.0005282461077264041,
  "baseline_semantic_hard_sidecar_score": 0.0001250835310202092,
  "best_local_temporal_run_name": "stage2_localtemp_w5_seed123_20260416",
  "best_local_temporal_window": 5,
  "best_local_temporal_endpoint_l2": 0.0005282461077264041,
  "best_local_temporal_semantic_hard_sidecar_score": 0.00015759576882164064,
  "hard_subset_improved": false,
  "non_catastrophic_vs_baseline": true,
  "local_temporal_branch_promising": false,
  "case_candidates": [
    {
      "run_name": "stage2_localtemp_w5_seed123_20260416",
      "seed": 123,
      "local_temporal_window": 5,
      "endpoint_l2": 0.0005282461077264041,
      "semantic_hard_sidecar_score": 0.00015759576882164064
    },
    {
      "run_name": "stage2_localtemp_w3_seed123_20260416",
      "seed": 123,
      "local_temporal_window": 3,
      "endpoint_l2": 0.0005282461077264041,
      "semantic_hard_sidecar_score": 0.00017441686508484566
    },
    {
      "run_name": "stage2_localtemp_w5_seed42_20260416",
      "seed": 42,
      "local_temporal_window": 5,
      "endpoint_l2": 0.0006753838883778053,
      "semantic_hard_sidecar_score": 0.00037085846818696994
    },
    {
      "run_name": "stage2_localtemp_w3_seed42_20260416",
      "seed": 42,
      "local_temporal_window": 3,
      "endpoint_l2": 0.0006753838883778053,
      "semantic_hard_sidecar_score": 0.00041075960124054776
    }
  ]
}
