{
  "generated_at_utc": "2026-04-18T07:23:37.295049+00:00",
  "best_run_name": "stage2_tusb_v2_seed123_20260418",
  "active_unit_count_mean": 7.88475,
  "assignment_entropy_mean": 0.6755495386529053,
  "actual_top2_assignment_ratio_mean": 0.9986716746687109,
  "same_instance_within_unit_consistency": 0.0,
  "different_instance_between_unit_separation": 0.03684046935532024,
  "structural_change_applied": false
}
