{
  "generated_at_utc": "2026-04-20T10:57:40.072309+00:00",
  "table_rows": [
    {
      "run_name": "stage2_tusb_v3p1_seed123_20260418",
      "active_unit_count_mean": 4.9625,
      "assignment_entropy_mean": 0.6703820317374237,
      "same_instance_dominant_unit_match_rate_mean": 0.9540004280779293,
      "same_instance_assignment_cosine_mean": 0.9685703599637854,
      "different_instance_dominant_unit_collision_rate_mean": 0.3297738421426432,
      "unit_purity_by_instance_id_mean": 0.6674555556907422,
      "z_dyn_drift_mean": 0.5104378376309512,
      "z_sem_drift_mean": 0.006622139258833584,
      "z_sem_to_z_dyn_drift_ratio_mean": 0.012505243847244689
    },
    {
      "run_name": "stage2_tusb_v3p1_seed42_20260418",
      "active_unit_count_mean": 5.973125,
      "assignment_entropy_mean": 0.6697419139651363,
      "same_instance_dominant_unit_match_rate_mean": 0.9407187174470215,
      "same_instance_assignment_cosine_mean": 0.953105883936892,
      "different_instance_dominant_unit_collision_rate_mean": 0.23104454805537006,
      "unit_purity_by_instance_id_mean": 0.6686353264632052,
      "z_dyn_drift_mean": 0.4944178789001905,
      "z_sem_drift_mean": 0.0068221598495119395,
      "z_sem_to_z_dyn_drift_ratio_mean": 0.013166723796474515
    },
    {
      "run_name": "stage2_tusb_v3p1_seed456_20260418",
      "active_unit_count_mean": 5.298125,
      "assignment_entropy_mean": 0.6734207150138574,
      "same_instance_dominant_unit_match_rate_mean": 0.9473834136135948,
      "same_instance_assignment_cosine_mean": 0.9580192489541252,
      "different_instance_dominant_unit_collision_rate_mean": 0.29622305341615524,
      "unit_purity_by_instance_id_mean": 0.6571340313592456,
      "z_dyn_drift_mean": 0.5022125415798449,
      "z_sem_drift_mean": 0.006824734106773225,
      "z_sem_to_z_dyn_drift_ratio_mean": 0.013078194702638166
    }
  ],
  "v3p1_seed_summary": {
    "mean": {
      "active_unit_count_mean": 5.41125,
      "assignment_entropy_mean": 0.671181553572139,
      "same_instance_dominant_unit_match_rate_mean": 0.9473675197128486,
      "same_instance_assignment_cosine_mean": 0.9598984976182675,
      "different_instance_dominant_unit_collision_rate_mean": 0.28568048120472284,
      "unit_purity_by_instance_id_mean": 0.6644083045043977,
      "z_dyn_drift_mean": 0.5023560860369954,
      "z_sem_drift_mean": 0.006756344405039583,
      "z_sem_to_z_dyn_drift_ratio_mean": 0.012916720782119124
    },
    "std": {
      "active_unit_count_mean": 0.42026870124956933,
      "assignment_entropy_mean": 0.00160474726196118,
      "same_instance_dominant_unit_match_rate_mean": 0.00542224730672027,
      "same_instance_assignment_cosine_mean": 0.006451676079534198,
      "different_instance_dominant_unit_collision_rate_mean": 0.04098965519386379,
      "unit_purity_by_instance_id_mean": 0.005166188286128679,
      "z_dyn_drift_mean": 0.0065409083565002805,
      "z_sem_drift_mean": 9.49031880435424e-05,
      "z_sem_to_z_dyn_drift_ratio_mean": 0.0002931942485385369
    }
  },
  "established_mechanisms": [
    "same-instance binding",
    "slow semantic state",
    "anti-collapse / multi-unit utilization"
  ],
  "unresolved_mechanisms": [
    "different-instance collision not fully eliminated",
    "appearance plumbing still weak"
  ]
}
