{
  "generated_at_utc": "2026-04-24T13:21:27.497959+00:00",
  "panels": {
    "densified_200_context_preserving": {
      "trace_residual_vs_frozen_external_teacher_only": {
        "overall_top1": {
          "count": 894,
          "mean_delta": 0.012304250559284116,
          "ci95_low": -0.006711409395973154,
          "ci95_high": 0.030201342281879196,
          "zero_excluded": false,
          "bootstrap_win_rate": 0.04697986577181208
        },
        "hard_subset_top1": {
          "count": 894,
          "mean_delta": 0.012304250559284116,
          "ci95_low": -0.006711409395973154,
          "ci95_high": 0.03131991051454139,
          "zero_excluded": false,
          "bootstrap_win_rate": 0.04697986577181208
        },
        "ambiguity_top1": {
          "count": 654,
          "mean_delta": 0.027522935779816515,
          "ci95_low": 0.00764525993883792,
          "ci95_high": 0.047400611620795105,
          "zero_excluded": true,
          "bootstrap_win_rate": 0.04892966360856269
        },
        "occlusion_reappearance_top1": {
          "count": 564,
          "mean_delta": 0.010638297872340425,
          "ci95_low": -0.015957446808510637,
          "ci95_high": 0.03723404255319149,
          "zero_excluded": false,
          "bootstrap_win_rate": 0.0549645390070922
        },
        "long_gap_persistence_top1": {
          "count": 276,
          "mean_delta": -0.021739130434782608,
          "ci95_low": -0.057971014492753624,
          "ci95_high": 0.014492753623188406,
          "zero_excluded": false,
          "bootstrap_win_rate": 0.03985507246376811
        }
      },
      "trace_residual_vs_tusb_semantic_target": {
        "overall_top1": {
          "count": 894,
          "mean_delta": 0.09395973154362416,
          "ci95_low": 0.05704697986577181,
          "ci95_high": 0.1297539149888143,
          "zero_excluded": true,
          "bootstrap_win_rate": 0.20246085011185683
        },
        "hard_subset_top1": {
          "count": 894,
          "mean_delta": 0.09395973154362416,
          "ci95_low": 0.058165548098434,
          "ci95_high": 0.13087248322147652,
          "zero_excluded": true,
          "bootstrap_win_rate": 0.20246085011185683
        },
        "ambiguity_top1": {
          "count": 654,
          "mean_delta": 0.06574923547400612,
          "ci95_low": 0.02599388379204893,
          "ci95_high": 0.10397553516819572,
          "zero_excluded": true,
          "bootstrap_win_rate": 0.1620795107033639
        },
        "occlusion_reappearance_top1": {
          "count": 564,
          "mean_delta": 0.11170212765957446,
          "ci95_low": 0.06382978723404255,
          "ci95_high": 0.1595744680851064,
          "zero_excluded": true,
          "bootstrap_win_rate": 0.23049645390070922
        },
        "long_gap_persistence_top1": {
          "count": 276,
          "mean_delta": 0.12318840579710146,
          "ci95_low": 0.05434782608695652,
          "ci95_high": 0.19202898550724637,
          "zero_excluded": true,
          "bootstrap_win_rate": 0.23550724637681159
        }
      },
      "trace_residual_vs_legacysem": {
        "overall_top1": {
          "count": 894,
          "mean_delta": 0.2684563758389262,
          "ci95_low": 0.22818791946308725,
          "ci95_high": 0.3087248322147651,
          "zero_excluded": true,
          "bootstrap_win_rate": 0.35570469798657717
        },
        "hard_subset_top1": {
          "count": 894,
          "mean_delta": 0.2684563758389262,
          "ci95_low": 0.22818791946308725,
          "ci95_high": 0.30648769574944074,
          "zero_excluded": true,
          "bootstrap_win_rate": 0.35570469798657717
        },
        "ambiguity_top1": {
          "count": 654,
          "mean_delta": 0.21712538226299694,
          "ci95_low": 0.1712538226299694,
          "ci95_high": 0.26146788990825687,
          "zero_excluded": true,
          "bootstrap_win_rate": 0.308868501529052
        },
        "occlusion_reappearance_top1": {
          "count": 564,
          "mean_delta": 0.32269503546099293,
          "ci95_low": 0.2730496453900709,
          "ci95_high": 0.374113475177305,
          "zero_excluded": true,
          "bootstrap_win_rate": 0.40070921985815605
        },
        "long_gap_persistence_top1": {
          "count": 276,
          "mean_delta": 0.3115942028985507,
          "ci95_low": 0.2318840579710145,
          "ci95_high": 0.38405797101449274,
          "zero_excluded": true,
          "bootstrap_win_rate": 0.4057971014492754
        }
      }
    },
    "true_ood_combined": {
      "trace_residual_vs_frozen_external_teacher_only": {
        "overall_top1": {
          "count": 2586,
          "mean_delta": -0.002320185614849188,
          "ci95_low": -0.015081206496519721,
          "ci95_high": 0.009667440061871617,
          "zero_excluded": false,
          "bootstrap_win_rate": 0.051817478731631866
        },
        "hard_subset_top1": {
          "count": 2586,
          "mean_delta": -0.002320185614849188,
          "ci95_low": -0.015081206496519721,
          "ci95_high": 0.010054137664346482,
          "zero_excluded": false,
          "bootstrap_win_rate": 0.051817478731631866
        },
        "ambiguity_top1": {
          "count": 1908,
          "mean_delta": 0.005241090146750524,
          "ci95_low": -0.009958071278825996,
          "ci95_high": 0.01939203354297694,
          "zero_excluded": false,
          "bootstrap_win_rate": 0.05450733752620545
        },
        "occlusion_reappearance_top1": {
          "count": 876,
          "mean_delta": -0.01141552511415525,
          "ci95_low": -0.03199200913242008,
          "ci95_high": 0.0091324200913242,
          "zero_excluded": false,
          "bootstrap_win_rate": 0.045662100456621
        },
        "long_gap_persistence_top1": {
          "count": 402,
          "mean_delta": -0.03731343283582089,
          "ci95_low": -0.06965174129353234,
          "ci95_high": -0.004975124378109453,
          "zero_excluded": true,
          "bootstrap_win_rate": 0.03731343283582089
        }
      },
      "trace_residual_vs_legacysem": {
        "overall_top1": {
          "count": 2586,
          "mean_delta": 0.34261407579273007,
          "ci95_low": 0.3194122196442382,
          "ci95_high": 0.36504253673627224,
          "zero_excluded": true,
          "bootstrap_win_rate": 0.4075792730085073
        },
        "hard_subset_top1": {
          "count": 2586,
          "mean_delta": 0.34261407579273007,
          "ci95_low": 0.3201759474091261,
          "ci95_high": 0.36504253673627224,
          "zero_excluded": true,
          "bootstrap_win_rate": 0.4075792730085073
        },
        "ambiguity_top1": {
          "count": 1908,
          "mean_delta": 0.3087002096436059,
          "ci95_low": 0.2830188679245283,
          "ci95_high": 0.3359669811320755,
          "zero_excluded": true,
          "bootstrap_win_rate": 0.37840670859538783
        },
        "occlusion_reappearance_top1": {
          "count": 876,
          "mean_delta": 0.3447488584474886,
          "ci95_low": 0.3036529680365297,
          "ci95_high": 0.3858447488584475,
          "zero_excluded": true,
          "bootstrap_win_rate": 0.4246575342465753
        },
        "long_gap_persistence_top1": {
          "count": 402,
          "mean_delta": 0.3308457711442786,
          "ci95_low": 0.2736318407960199,
          "ci95_high": 0.39054726368159204,
          "zero_excluded": true,
          "bootstrap_win_rate": 0.41044776119402987
        }
      }
    }
  },
  "residual_assoc_zero_excluded_on_id": false,
  "residual_assoc_zero_excluded_on_ood": false,
  "claim_level": "weak_claim"
}
