{
  "bootstrap_name": "stwm_ostf_v30_external_gt_round2_multiseed_bootstrap",
  "generated_at_utc": "2026-05-08T06:33:45.641619+00:00",
  "per_seed": {
    "v30_extgt_m128_h32_seed123_vs_last_observed_copy_minFDE_K": {
      "ci95": [
        14.818676218337561,
        25.870900046613794
      ],
      "item_count": 169,
      "mean_delta": 20.02687698003103,
      "zero_excluded": true
    },
    "v30_extgt_m128_h32_seed123_vs_last_observed_copy_motion_minFDE_K": {
      "ci95": [
        21.320156017531698,
        35.98463458811116
      ],
      "item_count": 117,
      "mean_delta": 28.490885856824043,
      "zero_excluded": true
    },
    "v30_extgt_m128_h32_seed123_vs_last_observed_copy_threshold_auc_endpoint_16_32_64_128": {
      "ci95": [
        0.04138313609467456,
        0.07840236686390532
      ],
      "item_count": 169,
      "mean_delta": 0.05917159763313609,
      "zero_excluded": true
    },
    "v30_extgt_m128_h32_seed2026_vs_last_observed_copy_minFDE_K": {
      "ci95": [
        15.505317840914755,
        25.635885838220812
      ],
      "item_count": 169,
      "mean_delta": 20.350693584193845,
      "zero_excluded": true
    },
    "v30_extgt_m128_h32_seed2026_vs_last_observed_copy_motion_minFDE_K": {
      "ci95": [
        22.344196869369245,
        36.41521668393388
      ],
      "item_count": 117,
      "mean_delta": 28.987366195417877,
      "zero_excluded": true
    },
    "v30_extgt_m128_h32_seed2026_vs_last_observed_copy_threshold_auc_endpoint_16_32_64_128": {
      "ci95": [
        0.04142011834319527,
        0.07840236686390532
      ],
      "item_count": 169,
      "mean_delta": 0.05917159763313609,
      "zero_excluded": true
    },
    "v30_extgt_m128_h32_seed42_vs_last_observed_copy_minFDE_K": {
      "ci95": [
        14.256165005187311,
        20.962238731186773
      ],
      "item_count": 338,
      "mean_delta": 17.445091281416854,
      "zero_excluded": true
    },
    "v30_extgt_m128_h32_seed42_vs_last_observed_copy_motion_minFDE_K": {
      "ci95": [
        20.055307059614066,
        28.964490001833337
      ],
      "item_count": 234,
      "mean_delta": 24.460690897754116,
      "zero_excluded": true
    },
    "v30_extgt_m128_h32_seed42_vs_last_observed_copy_threshold_auc_endpoint_16_32_64_128": {
      "ci95": [
        0.05029585798816568,
        0.07692307692307693
      ],
      "item_count": 338,
      "mean_delta": 0.06360946745562131,
      "zero_excluded": true
    },
    "v30_extgt_m128_h32_seed456_vs_last_observed_copy_minFDE_K": {
      "ci95": [
        15.212978081449249,
        25.56695004243117
      ],
      "item_count": 169,
      "mean_delta": 20.06414772349702,
      "zero_excluded": true
    },
    "v30_extgt_m128_h32_seed456_vs_last_observed_copy_motion_minFDE_K": {
      "ci95": [
        21.868465962369218,
        35.675019446397435
      ],
      "item_count": 117,
      "mean_delta": 28.440719946836815,
      "zero_excluded": true
    },
    "v30_extgt_m128_h32_seed456_vs_last_observed_copy_threshold_auc_endpoint_16_32_64_128": {
      "ci95": [
        0.047337278106508875,
        0.08727810650887574
      ],
      "item_count": 169,
      "mean_delta": 0.06656804733727811,
      "zero_excluded": true
    },
    "v30_extgt_m128_h32_seed789_vs_last_observed_copy_minFDE_K": {
      "ci95": [
        14.791320286700007,
        24.571827087740925
      ],
      "item_count": 169,
      "mean_delta": 19.41644472201195,
      "zero_excluded": true
    },
    "v30_extgt_m128_h32_seed789_vs_last_observed_copy_motion_minFDE_K": {
      "ci95": [
        21.305400993885137,
        35.246779839605345
      ],
      "item_count": 117,
      "mean_delta": 27.486108910324226,
      "zero_excluded": true
    },
    "v30_extgt_m128_h32_seed789_vs_last_observed_copy_threshold_auc_endpoint_16_32_64_128": {
      "ci95": [
        0.051775147928994084,
        0.09319526627218935
      ],
      "item_count": 169,
      "mean_delta": 0.07248520710059171,
      "zero_excluded": true
    },
    "v30_extgt_m128_h64_seed123_vs_last_observed_copy_minFDE_K": {
      "ci95": [
        16.279907155036927,
        28.15185548763464
      ],
      "item_count": 202,
      "mean_delta": 22.017516164496392,
      "zero_excluded": true
    },
    "v30_extgt_m128_h64_seed123_vs_last_observed_copy_motion_minFDE_K": {
      "ci95": [
        22.594144036465845,
        37.52868506764405
      ],
      "item_count": 149,
      "mean_delta": 29.6100175460713,
      "zero_excluded": true
    },
    "v30_extgt_m128_h64_seed123_vs_last_observed_copy_threshold_auc_endpoint_16_32_64_128": {
      "ci95": [
        0.027227722772277228,
        0.05693069306930693
      ],
      "item_count": 202,
      "mean_delta": 0.04207920792079208,
      "zero_excluded": true
    },
    "v30_extgt_m128_h64_seed2026_vs_last_observed_copy_minFDE_K": {
      "ci95": [
        20.408105923633766,
        31.052259912349207
      ],
      "item_count": 202,
      "mean_delta": 25.43244956743599,
      "zero_excluded": true
    },
    "v30_extgt_m128_h64_seed2026_vs_last_observed_copy_motion_minFDE_K": {
      "ci95": [
        27.262782074781075,
        41.24813354127359
      ],
      "item_count": 149,
      "mean_delta": 33.66082823836563,
      "zero_excluded": true
    },
    "v30_extgt_m128_h64_seed2026_vs_last_observed_copy_threshold_auc_endpoint_16_32_64_128": {
      "ci95": [
        0.03712871287128713,
        0.06806930693069307
      ],
      "item_count": 202,
      "mean_delta": 0.05198019801980198,
      "zero_excluded": true
    },
    "v30_extgt_m128_h64_seed42_vs_last_observed_copy_minFDE_K": {
      "ci95": [
        20.971943332889293,
        28.50888872654131
      ],
      "item_count": 404,
      "mean_delta": 24.536877490506313,
      "zero_excluded": true
    },
    "v30_extgt_m128_h64_seed42_vs_last_observed_copy_motion_minFDE_K": {
      "ci95": [
        27.997320350704577,
        37.39594165606786
      ],
      "item_count": 298,
      "mean_delta": 32.411883270980525,
      "zero_excluded": true
    },
    "v30_extgt_m128_h64_seed42_vs_last_observed_copy_threshold_auc_endpoint_16_32_64_128": {
      "ci95": [
        0.03896967821782178,
        0.06126237623762376
      ],
      "item_count": 404,
      "mean_delta": 0.04950495049504951,
      "zero_excluded": true
    },
    "v30_extgt_m128_h64_seed456_vs_last_observed_copy_minFDE_K": {
      "ci95": [
        11.90092516606397,
        21.09895679620233
      ],
      "item_count": 202,
      "mean_delta": 16.162615360599933,
      "zero_excluded": true
    },
    "v30_extgt_m128_h64_seed456_vs_last_observed_copy_motion_minFDE_K": {
      "ci95": [
        16.22435879675334,
        28.38875728101538
      ],
      "item_count": 149,
      "mean_delta": 21.838257130360443,
      "zero_excluded": true
    },
    "v30_extgt_m128_h64_seed456_vs_last_observed_copy_threshold_auc_endpoint_16_32_64_128": {
      "ci95": [
        0.0197710396039604,
        0.04579207920792079
      ],
      "item_count": 202,
      "mean_delta": 0.03217821782178218,
      "zero_excluded": true
    },
    "v30_extgt_m128_h64_seed789_vs_last_observed_copy_minFDE_K": {
      "ci95": [
        18.629846198015873,
        29.758566254908494
      ],
      "item_count": 202,
      "mean_delta": 23.869199667826738,
      "zero_excluded": true
    },
    "v30_extgt_m128_h64_seed789_vs_last_observed_copy_motion_minFDE_K": {
      "ci95": [
        24.584416212491544,
        39.90317275508138
      ],
      "item_count": 149,
      "mean_delta": 31.35435899312064,
      "zero_excluded": true
    },
    "v30_extgt_m128_h64_seed789_vs_last_observed_copy_threshold_auc_endpoint_16_32_64_128": {
      "ci95": [
        0.03094059405940594,
        0.06188118811881188
      ],
      "item_count": 202,
      "mean_delta": 0.04579207920792079,
      "zero_excluded": true
    }
  },