{
  "generated_at_utc": "2026-04-25T01:26:08.297149+00:00",
  "panels": {
    "densified_200_context_preserving": {
      "trace_gallery_vs_frozen_external_teacher_only": {
        "overall_top1": {
          "count": 894,
          "mean_delta": 0.040268456375838924,
          "ci95_low": 0.0022371364653243847,
          "ci95_high": 0.07829977628635347,
          "zero_excluded": true,
          "bootstrap_win_rate": 0.18232662192393737
        },
        "hard_subset_top1": {
          "count": 894,
          "mean_delta": 0.040268456375838924,
          "ci95_low": 0.003355704697986577,
          "ci95_high": 0.07718120805369127,
          "zero_excluded": true,
          "bootstrap_win_rate": 0.18232662192393737
        },
        "ambiguity_top1": {
          "count": 654,
          "mean_delta": 0.07339449541284404,
          "ci95_low": 0.03211009174311927,
          "ci95_high": 0.11467889908256881,
          "zero_excluded": true,
          "bootstrap_win_rate": 0.1834862385321101
        },
        "occlusion_reappearance_top1": {
          "count": 564,
          "mean_delta": 0.015957446808510637,
          "ci95_low": -0.03368794326241135,
          "ci95_high": 0.06382978723404255,
          "zero_excluded": false,
          "bootstrap_win_rate": 0.18085106382978725
        },
        "long_gap_persistence_top1": {
          "count": 276,
          "mean_delta": -0.06159420289855073,
          "ci95_low": -0.12681159420289856,
          "ci95_high": 0.0037137681159423587,
          "zero_excluded": false,
          "bootstrap_win_rate": 0.13405797101449277
        }
      },
      "trace_gallery_vs_tusb_semantic_target": {
        "overall_top1": {
          "count": 894,
          "mean_delta": 0.12192393736017897,
          "ci95_low": 0.09393176733780761,
          "ci95_high": 0.14988814317673377,
          "zero_excluded": true,
          "bootstrap_win_rate": 0.1621923937360179
        },
        "hard_subset_top1": {
          "count": 894,
          "mean_delta": 0.12192393736017897,
          "ci95_low": 0.09507829977628636,
          "ci95_high": 0.14879753914988825,
          "zero_excluded": true,
          "bootstrap_win_rate": 0.1621923937360179
        },
        "ambiguity_top1": {
          "count": 654,
          "mean_delta": 0.11162079510703364,
          "ci95_low": 0.07951070336391437,
          "ci95_high": 0.1437308868501529,
          "zero_excluded": true,
          "bootstrap_win_rate": 0.14984709480122324
        },
        "occlusion_reappearance_top1": {
          "count": 564,
          "mean_delta": 0.11702127659574468,
          "ci95_low": 0.0797872340425532,
          "ci95_high": 0.152526595744681,
          "zero_excluded": true,
          "bootstrap_win_rate": 0.16312056737588654
        },
        "long_gap_persistence_top1": {
          "count": 276,
          "mean_delta": 0.08333333333333333,
          "ci95_low": 0.03260869565217391,
          "ci95_high": 0.13405797101449277,
          "zero_excluded": true,
          "bootstrap_win_rate": 0.13768115942028986
        }
      },
      "trace_gallery_vs_legacysem": {
        "overall_top1": {
          "count": 894,
          "mean_delta": 0.29642058165548096,
          "ci95_low": 0.25727069351230425,
          "ci95_high": 0.33557046979865773,
          "zero_excluded": true,
          "bootstrap_win_rate": 0.3680089485458613
        },
        "hard_subset_top1": {
          "count": 894,
          "mean_delta": 0.29642058165548096,
          "ci95_low": 0.25838926174496646,
          "ci95_high": 0.33557046979865773,
          "zero_excluded": true,
          "bootstrap_win_rate": 0.3680089485458613
        },
        "ambiguity_top1": {
          "count": 654,
          "mean_delta": 0.26299694189602446,
          "ci95_low": 0.21712538226299694,
          "ci95_high": 0.3073394495412844,
          "zero_excluded": true,
          "bootstrap_win_rate": 0.3363914373088685
        },
        "occlusion_reappearance_top1": {
          "count": 564,
          "mean_delta": 0.3280141843971631,
          "ci95_low": 0.274822695035461,
          "ci95_high": 0.3776595744680851,
          "zero_excluded": true,
          "bootstrap_win_rate": 0.4078014184397163
        },
        "long_gap_persistence_top1": {
          "count": 276,
          "mean_delta": 0.2717391304347826,
          "ci95_low": 0.1956521739130435,
          "ci95_high": 0.35144927536231885,
          "zero_excluded": true,
          "bootstrap_win_rate": 0.391304347826087
        }
      }
    },
    "true_ood_combined": {
      "trace_gallery_vs_frozen_external_teacher_only": {
        "overall_top1": {
          "count": 2586,
          "mean_delta": -0.0030935808197989174,
          "ci95_low": -0.025135344160866203,
          "ci95_high": 0.019334880123743233,
          "zero_excluded": false,
          "bootstrap_win_rate": 0.1597061098221191
        },
        "hard_subset_top1": {
          "count": 2586,
          "mean_delta": -0.0030935808197989174,
          "ci95_low": -0.02397525135344161,
          "ci95_high": 0.018561484918793503,
          "zero_excluded": false,
          "bootstrap_win_rate": 0.1597061098221191
        },
        "ambiguity_top1": {
          "count": 1908,
          "mean_delta": 0.027777777777777776,
          "ci95_low": 0.002620545073375262,
          "ci95_high": 0.051362683438155136,
          "zero_excluded": true,
          "bootstrap_win_rate": 0.1650943396226415
        },
        "occlusion_reappearance_top1": {
          "count": 876,
          "mean_delta": -0.033105022831050226,
          "ci95_low": -0.0730593607305936,
          "ci95_high": 0.00684931506849315,
          "zero_excluded": false,
          "bootstrap_win_rate": 0.17123287671232876
        },
        "long_gap_persistence_top1": {
          "count": 402,
          "mean_delta": -0.09203980099502487,
          "ci95_low": -0.15180348258706466,
          "ci95_high": -0.03233830845771144,
          "zero_excluded": true,
          "bootstrap_win_rate": 0.1517412935323383
        }
      },
      "trace_gallery_vs_legacysem": {
        "overall_top1": {
          "count": 2586,
          "mean_delta": 0.34184068058778033,
          "ci95_low": 0.3186388244392885,
          "ci95_high": 0.3642691415313225,
          "zero_excluded": true,
          "bootstrap_win_rate": 0.40641918020108275
        },
        "hard_subset_top1": {
          "count": 2586,
          "mean_delta": 0.34184068058778033,
          "ci95_low": 0.3182521268368136,
          "ci95_high": 0.3642691415313225,
          "zero_excluded": true,
          "bootstrap_win_rate": 0.40641918020108275
        },
        "ambiguity_top1": {
          "count": 1908,
          "mean_delta": 0.3312368972746331,
          "ci95_low": 0.3050183438155136,
          "ci95_high": 0.35691823899371067,
          "zero_excluded": true,
          "bootstrap_win_rate": 0.3920335429769392
        },
        "occlusion_reappearance_top1": {
          "count": 876,
          "mean_delta": 0.3230593607305936,
          "ci95_low": 0.2819634703196347,
          "ci95_high": 0.363013698630137,
          "zero_excluded": true,
          "bootstrap_win_rate": 0.4063926940639269
        },
        "long_gap_persistence_top1": {
          "count": 402,
          "mean_delta": 0.27611940298507465,
          "ci95_low": 0.21641791044776118,
          "ci95_high": 0.3407960199004975,
          "zero_excluded": true,
          "bootstrap_win_rate": 0.38308457711442784
        }
      }
    }
  },
  "trace_gallery_zero_excluded_on_id": true,
  "trace_gallery_zero_excluded_on_ood": false,
  "claim_level": "weak_claim"
}
