{
  "best_external_by_false_confuser": "sam2",
  "best_external_by_long_gap": "sam2",
  "best_external_by_ood": "sam2",
  "best_external_by_overall": "sam2",
  "created_at": "2026-04-27T16:09:55+0800",
  "external_reports": {
    "cotracker": "reports/stwm_external_baseline_cotracker_full_eval_20260426.json",
    "cutie": "reports/stwm_external_baseline_cutie_full_eval_20260426.json",
    "sam2": "reports/stwm_external_baseline_sam2_full_eval_20260426.json"
  },
  "per_method_overall": {
    "calibration-only": {
      "MRR": 0.3570264260736007,
      "count": 389,
      "false_confuser_rate": 0.8487574978577549,
      "false_reacquisition_rate": 0.8487574978577549,
      "runtime_per_item": null,
      "source": "official matched per-item mean",
      "top1": 0.15124250214224508,
      "top5": 0.6443873179091688
    },
    "cotracker": {
      "MRR": 0.7289178924174189,
      "count": 389,
      "failed_items": 0,
      "false_confuser_rate": 0.39845758354755784,
      "false_reacquisition_rate": 0.39845758354755784,
      "runtime_per_item": 0.617604884318766,
      "successful_items": 389,
      "top1": 0.6015424164524421,
      "top5": 0.8946015424164524
    },
    "cropenc": {
      "MRR": 0.35633010771918455,
      "count": 389,
      "false_confuser_rate": 0.8508997429305912,
      "false_reacquisition_rate": 0.8508997429305912,
      "runtime_per_item": null,
      "source": "official matched per-item mean",
      "top1": 0.14910025706940874,
      "top5": 0.6456726649528706
    },
    "cutie": {
      "MRR": 0.6255134137899792,
      "count": 389,
      "failed_items": 0,
      "false_confuser_rate": 0.5115681233933161,
      "false_reacquisition_rate": 0.5115681233933161,
      "runtime_per_item": 0.7249339331619538,
      "successful_items": 389,
      "top1": 0.4884318766066838,
      "top5": 0.8251928020565553
    },
    "frozen_external_teacher_only": {
      "MRR": 0.6953703703703704,
      "count": 1038,
      "false_confuser_rate": 0.4797687861271676,
      "false_reacquisition_rate": 0.4797687861271676,
      "runtime_per_item": null,
      "source": "stwm_reacquisition_v2_eval_20260425 aggregate; not item-aligned to external manifest",
      "top1": 0.5202312138728323,
      "top5": 0.930635838150289
    },
    "legacysem": {
      "MRR": 0.3577152621183171,
      "count": 389,
      "false_confuser_rate": 0.8530419880034276,
      "false_reacquisition_rate": 0.8530419880034276,
      "runtime_per_item": null,
      "source": "official matched per-item mean",
      "top1": 0.1469580119965724,
      "top5": 0.6495287060839761
    },
    "sam2": {
      "MRR": 0.7754042623766482,
      "count": 389,
      "failed_items": 0,
      "false_confuser_rate": 0.32904884318766064,
      "false_reacquisition_rate": 0.32904884318766064,
      "runtime_per_item": 1.893683033419023,
      "successful_items": 389,
      "top1": 0.6709511568123393,
      "top5": 0.9254498714652957
    },
    "stwm_trace_belief_assoc": {
      "MRR": 0.6599690243984163,
      "count": 389,
      "false_confuser_rate": 0.4910025706940874,
      "false_reacquisition_rate": 0.4910025706940874,
      "runtime_per_item": null,
      "source": "official matched per-item mean",
      "top1": 0.5089974293059126,
      "top5": 0.8646101113967438
    }
  },
  "per_method_per_subset": {
    "calibration-only": {
      "OOD_hard": {
        "MRR": 0.3604334533724991,
        "count": 370,
        "false_confuser_rate": 0.8463963963963964,
        "false_reacquisition_rate": 0.8463963963963964,
        "top1": 0.15360360360360362
      },
      "OOD_hard_top1": 0.15360360360360362,
      "appearance_change": {
        "MRR": 0.45868665799404895,
        "count": 161,
        "false_confuser_rate": 0.7712215320910973,
        "false_reacquisition_rate": 0.7712215320910973,
        "top1": 0.2287784679089027
      },
      "appearance_change_top1": 0.2287784679089027,
      "crossing_ambiguity": {
        "MRR": 0.32387197994598965,
        "count": 302,
        "false_confuser_rate": 0.8647902869757175,
        "false_reacquisition_rate": 0.8647902869757175,
        "top1": 0.13520971302428256
      },
      "crossing_ambiguity_top1": 0.13520971302428256,
      "long_gap_persistence": {
        "MRR": 0.478228021978022,
        "count": 52,
        "false_confuser_rate": 0.8076923076923077,
        "false_reacquisition_rate": 0.8076923076923077,
        "top1": 0.19230769230769232
      },
      "long_gap_persistence_top1": 0.19230769230769232,
      "occlusion_reappearance": {
        "MRR": 0.42503693123299546,
        "count": 127,
        "false_confuser_rate": 0.8333333333333334,
        "false_reacquisition_rate": 0.8333333333333334,
        "top1": 0.16666666666666666
      },
      "occlusion_reappearance_top1": 0.16666666666666666
    },
    "cotracker": {
      "OOD_hard": {
        "MRR": 0.7296299871299872,
        "count": 370,
        "failed_items": 0,
        "false_confuser_rate": 0.3972972972972973,
        "false_reacquisition_rate": 0.3972972972972973,
        "runtime_per_item": 0.6160997297297297,
        "successful_items": 370,
        "top1": 0.6027027027027027,
        "top5": 0.8972972972972973
      },
      "OOD_hard_top1": 0.6027027027027027,
      "appearance_change": {
        "MRR": 0.6336109424700468,
        "count": 161,
        "failed_items": 0,
        "false_confuser_rate": 0.5590062111801242,
        "false_reacquisition_rate": 0.5590062111801242,
        "runtime_per_item": 0.5969751552795031,
        "successful_items": 161,
        "top1": 0.4409937888198758,
        "top5": 0.8881987577639752
      },
      "appearance_change_top1": 0.4409937888198758,
      "crossing_ambiguity": {
        "MRR": 0.7644757589337582,
        "count": 302,
        "failed_items": 0,
        "false_confuser_rate": 0.34105960264900664,
        "false_reacquisition_rate": 0.34105960264900664,
        "runtime_per_item": 0.6267066225165563,
        "successful_items": 302,
        "top1": 0.6589403973509934,
        "top5": 0.8973509933774835
      },
      "crossing_ambiguity_top1": 0.6589403973509934,
      "long_gap_persistence": {
        "MRR": 0.5630265567765568,
        "count": 52,
        "failed_items": 0,
        "false_confuser_rate": 0.6730769230769231,
        "false_reacquisition_rate": 0.6730769230769231,
        "runtime_per_item": 0.5575615384615384,
        "successful_items": 52,
        "top1": 0.3269230769230769,
        "top5": 0.8653846153846154
      },
      "long_gap_persistence_top1": 0.3269230769230769,
      "occlusion_reappearance": {
        "MRR": 0.6136096474782757,
        "count": 127,
        "failed_items": 0,
        "false_confuser_rate": 0.5826771653543307,
        "false_reacquisition_rate": 0.5826771653543307,
        "runtime_per_item": 0.5795346456692914,
        "successful_items": 127,
        "top1": 0.41732283464566927,
        "top5": 0.889763779527559
      },
      "occlusion_reappearance_top1": 0.41732283464566927
    },
    "cropenc": {
      "OOD_hard": {
        "MRR": 0.3588650272739122,
        "count": 370,
        "false_confuser_rate": 0.8495495495495495,
        "false_reacquisition_rate": 0.8495495495495495,
        "top1": 0.15045045045045044
      },
      "OOD_hard_top1": 0.15045045045045044,
      "appearance_change": {
        "MRR": 0.4562496868643061,
        "count": 161,
        "false_confuser_rate": 0.777432712215321,
        "false_reacquisition_rate": 0.777432712215321,
        "top1": 0.22256728778467907
      },
      "appearance_change_top1": 0.22256728778467907,
      "crossing_ambiguity": {
        "MRR": 0.32175993801077524,
        "count": 302,
        "false_confuser_rate": 0.869757174392936,
        "false_reacquisition_rate": 0.869757174392936,
        "top1": 0.13024282560706402
      },
      "crossing_ambiguity_top1": 0.13024282560706402,
      "long_gap_persistence": {
        "MRR": 0.4930250305250305,
        "count": 52,