{
  "generated_at_utc": "2026-05-16T10:46:47.866127+00:00",
  "strongest_prior_downstream_eval_done": true,
  "semantic_seed_rows": [
    {
      "seed": 42,
      "thresholds": {
        "changed": 0.25387546345591533,
        "hard": 0.24871950969099998,
        "uncertainty": 0.15240025222301481
      },
      "val": {
        "semantic_changed": {
          "roc_auc": 0.6022502307332016,
          "balanced_accuracy": 0.5902804644727894,
          "f1": 0.2656694725367892,
          "positive_ratio": 0.12543333333333334
        },
        "semantic_hard": {
          "roc_auc": 0.5875222253431694,
          "balanced_accuracy": 0.578855874286349,
          "f1": 0.3460743500917004,
          "positive_ratio": 0.19751666666666667
        },
        "semantic_uncertainty": {
          "roc_auc": 0.5899935868841695,
          "balanced_accuracy": 0.5879400071075125,
          "f1": 0.44983650918931106,
          "positive_ratio": 0.28908333333333336
        },
        "cluster": {
          "cluster_top1": 0.62045,
          "cluster_top5": 0.8845,
          "copy_top1": 0.8646166666666667,
          "stable_top5": 1.0,
          "stable_copy_top1": 1.0,
          "stable_token_ratio": 0.8646166666666667
        }
      },
      "test": {
        "semantic_changed": {
          "roc_auc": 0.6140248881681494,
          "balanced_accuracy": 0.5833659289560519,
          "f1": 0.25685088928962907,
          "positive_ratio": 0.12215
        },
        "semantic_hard": {
          "roc_auc": 0.5888429081129538,
          "balanced_accuracy": 0.5502608695652174,
          "f1": 0.3050899679566182,
          "positive_ratio": 0.19166666666666668
        },
        "semantic_uncertainty": {
          "roc_auc": 0.5906777011776752,
          "balanced_accuracy": 0.5577957620879639,
          "f1": 0.4138978287475636,
          "positive_ratio": 0.28628333333333333
        },
        "cluster": {
          "cluster_top1": 0.7503833333333333,
          "cluster_top5": 0.9498166666666666,
          "copy_top1": 0.9293833333333333,
          "stable_top5": 1.0,
          "stable_copy_top1": 1.0,
          "stable_token_ratio": 0.9293833333333333
        }
      },
      "stable_preservation": true,
      "semantic_smoke_passed": true
    },
    {
      "seed": 123,
      "thresholds": {
        "changed": 0.2777825973927975,
        "hard": 0.2774223446846008,
        "uncertainty": 0.1607091348618269
      },
      "val": {
        "semantic_changed": {
          "roc_auc": 0.5872968603034185,
          "balanced_accuracy": 0.5713797758822003,
          "f1": 0.2504719600222099,
          "positive_ratio": 0.12533333333333332
        },
        "semantic_hard": {
          "roc_auc": 0.5746227430273924,
          "balanced_accuracy": 0.5534059685994852,
          "f1": 0.3111465065702821,
          "positive_ratio": 0.19411666666666666
        },
        "semantic_uncertainty": {
          "roc_auc": 0.5804181121525789,
          "balanced_accuracy": 0.5783318499916579,
          "f1": 0.439113337287726,
          "positive_ratio": 0.28365
        },
        "cluster": {
          "cluster_top1": 0.60035,
          "cluster_top5": 0.87975,
          "copy_top1": 0.8633666666666666,
          "stable_top5": 1.0,
          "stable_copy_top1": 1.0,
          "stable_token_ratio": 0.8633666666666666
        }
      },
      "test": {
        "semantic_changed": {
          "roc_auc": 0.6116095720450597,
          "balanced_accuracy": 0.5765716268614955,
          "f1": 0.25044782060638227,
          "positive_ratio": 0.12226666666666666
        },
        "semantic_hard": {
          "roc_auc": 0.5801023793546028,
          "balanced_accuracy": 0.540186440262747,
          "f1": 0.29547029926765317,
          "positive_ratio": 0.19161666666666666
        },
        "semantic_uncertainty": {
          "roc_auc": 0.5769560765945534,
          "balanced_accuracy": 0.5507492514995613,
          "f1": 0.41548698821734337,
          "positive_ratio": 0.2841666666666667
        },
        "cluster": {
          "cluster_top1": 0.7352666666666666,
          "cluster_top5": 0.94915,
          "copy_top1": 0.9279333333333334,
          "stable_top5": 1.0,
          "stable_copy_top1": 1.0,
          "stable_token_ratio": 0.9279333333333334
        }
      },
      "stable_preservation": true,
      "semantic_smoke_passed": true
    },
    {
      "seed": 456,
      "thresholds": {
        "changed": 0.3253640756011009,
        "hard": 0.22248971462249756,
        "uncertainty": 0.22077214121818545
      },
      "val": {
        "semantic_changed": {
          "roc_auc": 0.6152197796945331,
          "balanced_accuracy": 0.5976994995959328,
          "f1": 0.2669095761059222,
          "positive_ratio": 0.12453333333333333
        },
        "semantic_hard": {
          "roc_auc": 0.6067248452485439,
          "balanced_accuracy": 0.58253544139688,
          "f1": 0.3569417006431003,
          "positive_ratio": 0.19303333333333333
        },
        "semantic_uncertainty": {
          "roc_auc": 0.6005035273311717,
          "balanced_accuracy": 0.5754477946419163,
          "f1": 0.4220679576178297,
          "positive_ratio": 0.28425
        },
        "cluster": {
          "cluster_top1": 0.5704166666666667,
          "cluster_top5": 0.8792333333333333,
          "copy_top1": 0.8622333333333333,
          "stable_top5": 1.0,
          "stable_copy_top1": 1.0,
          "stable_token_ratio": 0.8622333333333333
        }
      },
      "test": {
        "semantic_changed": {
          "roc_auc": 0.6054249326884541,
          "balanced_accuracy": 0.5693046368197361,
          "f1": 0.24326511735460746,
          "positive_ratio": 0.1216
        },
        "semantic_hard": {
          "roc_auc": 0.6011612421452535,
          "balanced_accuracy": 0.5646023964734767,
          "f1": 0.33422478547010537,
          "positive_ratio": 0.18955
        },
        "semantic_uncertainty": {
          "roc_auc": 0.6005032763547442,
          "balanced_accuracy": 0.5580944686756619,
          "f1": 0.38703884648902737,
          "positive_ratio": 0.28335
        },
        "cluster": {
          "cluster_top1": 0.6887833333333333,
          "cluster_top5": 0.956,
          "copy_top1": 0.92835,
          "stable_top5": 1.0,
          "stable_copy_top1": 1.0,
          "stable_token_ratio": 0.92835
        }
      },
      "stable_preservation": true,
      "semantic_smoke_passed": true
    }
  ],
  "real_instance_identity_seed_rows": [
    {
      "seed": 42,
      "val": {
        "identity_retrieval_exclude_same_point_top1": 0.9964384191176471,
        "identity_retrieval_same_frame_top1": 0.9964384191176471,
        "identity_retrieval_instance_pooled_top1": 0.9438189338235294,
        "identity_confuser_separation": 0.48196720124489595,
        "identity_confuser_avoidance_top1": 0.9958945834988743,
        "occlusion_reappear_retrieval_top1": 0.0,
        "trajectory_crossing_retrieval_top1": 0.995254459171985,
        "same_pair_similarity_mean": 0.9684885359848467,
        "confuser_pair_similarity_mean": 0.4865213347399508,
        "confuser_pair_count": 3149608.0,
        "occlusion_reappear_total": 0.0,
        "trajectory_crossing_total": 6111.0
      },
      "test": {
        "identity_retrieval_exclude_same_point_top1": 0.99765625,
        "identity_retrieval_same_frame_top1": 0.99765625,
        "identity_retrieval_instance_pooled_top1": 0.9384114583333333,
        "identity_confuser_separation": 0.453384363824582,
        "identity_confuser_avoidance_top1": 0.9974329720479178,
        "occlusion_reappear_retrieval_top1": 0.0,
        "trajectory_crossing_retrieval_top1": 0.996662958843159,
        "same_pair_similarity_mean": 0.975199140213293,
        "confuser_pair_similarity_mean": 0.521814776388711,
        "confuser_pair_count": 3449728.0,
        "occlusion_reappear_total": 0.0,
        "trajectory_crossing_total": 5394.0
      },