{
  "complete_train_sample_count": 0,
  "future_teacher_leakage_detected": false,
  "generated_at_utc": "2026-05-10T04:53:24.025724+00:00",
  "global_identity_labels_used": true,
  "hard_identity_ROC_AUC_fused_test": {
    "mean": 0.7019453486083792,
    "std": 0.0018780189550851583,
    "worst": 0.6993972578734021
  },
  "hard_identity_ROC_AUC_fused_val": {
    "mean": 0.5422106916909274,
    "std": 0.001166625403694041,
    "worst": 0.5405745918205824
  },
  "identity_retrieval_exclude_same_point_top1_test": {
    "mean": 0.5875651041666666,
    "std": 0.0010033225916290653,
    "worst": 0.58642578125
  },
  "identity_retrieval_exclude_same_point_top1_val": {
    "mean": 0.57568359375,
    "std": 0.005182839625029511,
    "worst": 0.5693359375
  },
  "identity_retrieval_instance_pooled_top1_test": {
    "mean": 0.8650716145833334,
    "std": 0.00215003984596727,
    "worst": 0.862060546875
  },
  "identity_retrieval_instance_pooled_top1_val": {
    "mean": 0.8740234375,
    "std": 0.008099681826021313,
    "worst": 0.86279296875
  },
  "identity_retrieval_same_frame_top1_test": {
    "mean": 0.3503182087653199,
    "std": 0.007089501638936062,
    "worst": 0.3404367271770587
  },
  "identity_retrieval_same_frame_top1_val": {
    "mean": 0.42650227764536636,
    "std": 0.004840757553310362,
    "worst": 0.41965678627145087
  },
  "identity_signal_stable": false,
  "pass_gate": false,
  "recommended_next_step": "fix_identity_belief_calibration",
  "sample_local_collision_prevented": true,
  "semantic_proto_top1_test": {
    "mean": 0.26945521972084135,
    "std": 0.0,
    "worst": 0.26945521972084135
  },
  "semantic_proto_top1_val": {
    "mean": 0.22020816557812173,
    "std": 0.0,
    "worst": 0.22020816557812173
  },
  "semantic_proto_top5_test": {
    "mean": 0.6359106783305084,
    "std": 0.0,
    "worst": 0.6359106783305084
  },
  "semantic_proto_top5_val": {
    "mean": 0.5632757746562882,
    "std": 0.0,
    "worst": 0.5632757746562882
  },
  "semantic_ranking_signal_stable": true,
  "semantic_top1_copy_beaten": false,
  "semantic_top5_copy_beaten": true,
  "training_scale_still_smoke": true,
  "trajectory_degraded": false,
  "val_calibrated_balanced_accuracy_test": {
    "mean": 0.632763378115529,
    "std": 0.0026432226507432837,
    "worst": 0.6291898493689781
  },
  "val_calibrated_balanced_accuracy_val": {
    "mean": 0.5425271146032705,
    "std": 0.0011985204188962762,
    "worst": 0.540848191800141
  }
}
