{
  "candidate_AP": 0.08831719689053301,
  "candidate_AUROC": 0.5812809871309584,
  "candidate_MRR": 0.3739431900217003,
  "candidate_feature_used_for_rollout": false,
  "candidate_feature_used_for_scoring": true,
  "candidate_positive_rate": 0.06858251057827927,
  "candidate_record_count": 5672,
  "candidate_top1": 0.17098445595854922,
  "dev": {
    "candidate_AP": 0.08328462405745031,
    "candidate_AUROC": 0.5769191212769459,
    "candidate_MRR": 0.34607847502293043,
    "candidate_positive_rate": 0.06780776826859776,
    "candidate_record_count": 3038,
    "candidate_top1": 0.12682926829268293,
    "metric_items": 205
  },
  "full_free_rollout_executed": true,
  "full_model_forward_executed": true,
  "future_candidate_used_as_input": false,
  "generated_at_utc": "2026-04-28T15:19:03.158756+00:00",
  "heldout": {
    "candidate_AP": 0.09912804540199162,
    "candidate_AUROC": 0.5869556977970406,
    "candidate_MRR": 0.40550267386008654,
    "candidate_positive_rate": 0.06947608200455581,
    "candidate_record_count": 2634,
    "candidate_top1": 0.22099447513812154,
    "metric_items": 181
  },
  "metric_items": 386,
  "mode": "posterior_v5",
  "old_association_report_used": false,
  "per_subset_breakdown": {
    "OOD_hard": {
      "candidate_AP": null,
      "candidate_AUROC": null,
      "candidate_MRR": null,
      "candidate_positive_rate": null,
      "candidate_record_count": 0,
      "candidate_top1": null,
      "metric_items": 0
    },
    "appearance_change": {
      "candidate_AP": 0.15088742450553363,
      "candidate_AUROC": 0.521869207505447,
      "candidate_MRR": 0.4775236114246502,
      "candidate_positive_rate": 0.1442652329749104,
      "candidate_record_count": 1116,
      "candidate_top1": 0.26582278481012656,
      "metric_items": 158
    },
    "crossing_ambiguity": {
      "candidate_AP": 0.08024317570765435,
      "candidate_AUROC": 0.5987058850303281,
      "candidate_MRR": 0.3362596181513567,
      "candidate_positive_rate": 0.05753476852733854,
      "candidate_record_count": 5249,
      "candidate_top1": 0.1423841059602649,
      "metric_items": 302
    },
    "long_gap_persistence": {
      "candidate_AP": 0.2671933861673551,
      "candidate_AUROC": 0.5702702702702702,
      "candidate_MRR": 0.5583562271062269,
      "candidate_positive_rate": 0.21940928270042195,
      "candidate_record_count": 237,
      "candidate_top1": 0.3076923076923077,
      "metric_items": 52
    },
    "occlusion_reappearance": {
      "candidate_AP": 0.12412062343322117,
      "candidate_AUROC": 0.48160427315006676,
      "candidate_MRR": 0.46744588444906604,
      "candidate_positive_rate": 0.12932790224032586,
      "candidate_record_count": 982,
      "candidate_top1": 0.23622047244094488,
      "metric_items": 127
    }
  },
  "score_components_used": [
    "distance_score",
    "target_candidate_appearance_score",
    "aligned_predicted_semantic_score",
    "aligned_predicted_identity_score",
    "visibility_reappearance_priors"
  ],
  "source_dataset": "reports/stwm_semantic_state_measurement_alignment_dataset_v1_20260428.json",
  "stage2_val_fallback_used": false
}
