{
  "generated_at_utc": "2026-04-22T10:07:53.200918+00:00",
  "comparison": "TUSB-v3.1 vs calibration-only",
  "panel": "densified_200_context_preserving",
  "metrics": {
    "overall_top1": {
      "count": 1200,
      "mean_delta": 0.01,
      "ci95_low": -0.005833333333333334,
      "ci95_high": 0.02666666666666667,
      "zero_excluded": false,
      "bootstrap_win_rate": 0.86875
    },
    "hard_subset_top1": {
      "count": 1200,
      "mean_delta": 0.01,
      "ci95_low": -0.006666666666666667,
      "ci95_high": 0.026687500000000076,
      "zero_excluded": false,
      "bootstrap_win_rate": 0.867
    },
    "ambiguity_top1": {
      "count": 876,
      "mean_delta": 0.00684931506849315,
      "ci95_low": -0.01141552511415525,
      "ci95_high": 0.026255707762557076,
      "zero_excluded": false,
      "bootstrap_win_rate": 0.73225
    },
    "appearance_change_top1": {
      "count": 822,
      "mean_delta": 0.0,
      "ci95_low": -0.019464720194647202,
      "ci95_high": 0.019464720194647202,
      "zero_excluded": false,
      "bootstrap_win_rate": 0.46875
    },
    "occlusion_reappearance_top1": {
      "count": 774,
      "mean_delta": 0.023255813953488372,
      "ci95_low": 0.002583979328165375,
      "ci95_high": 0.04392764857881137,
      "zero_excluded": true,
      "bootstrap_win_rate": 0.98675
    },
    "long_gap_persistence_top1": {
      "count": 402,
      "mean_delta": 0.022388059701492536,
      "ci95_low": -0.0024875621890547263,
      "ci95_high": 0.04975124378109453,
      "zero_excluded": false,
      "bootstrap_win_rate": 0.9545
    }
  },
  "primary_zero_excluded": false,
  "hard_subset_zero_excluded": false,
  "bootstrap_claim_level": "moderate_claim"
}
