{
  "complete_train_sample_count": 47,
  "future_teacher_leakage_detected": false,
  "generated_at_utc": "2026-05-10T05:08:44.845933+00:00",
  "global_identity_labels_used": true,
  "hard_identity_ROC_AUC_fused_test": {
    "mean": 0.6669637174599122,
    "std": 0.0007959222265849517,
    "worst": 0.6658981398548761
  },
  "hard_identity_ROC_AUC_fused_val": {
    "mean": 0.548904166392977,
    "std": 0.0011563737219836717,
    "worst": 0.5480694828265275
  },
  "identity_retrieval_exclude_same_point_top1_test": {
    "mean": 0.586181640625,
    "std": 0.0024168688810087074,
    "worst": 0.58349609375
  },
  "identity_retrieval_exclude_same_point_top1_val": {
    "mean": 0.579833984375,
    "std": 0.007875821671181777,
    "worst": 0.5703125
  },
  "identity_retrieval_instance_pooled_top1_test": {
    "mean": 0.8578287760416666,
    "std": 0.0016235300572314457,
    "worst": 0.8564453125
  },
  "identity_retrieval_instance_pooled_top1_val": {
    "mean": 0.8671875,
    "std": 0.005718660836836219,
    "worst": 0.862548828125
  },
  "identity_retrieval_same_frame_top1_test": {
    "mean": 0.3510200759828785,
    "std": 0.0055918765012885376,
    "worst": 0.34333070244672453
  },
  "identity_retrieval_same_frame_top1_val": {
    "mean": 0.42807403045968223,
    "std": 0.0033810662744615974,
    "worst": 0.4256370254810192
  },
  "identity_signal_stable": false,
  "pass_gate": false,
  "recommended_next_step": "fix_identity_belief_calibration",
  "sample_local_collision_prevented": true,
  "semantic_proto_top1_test": {
    "mean": 0.21821356661016755,
    "std": 0.0,
    "worst": 0.21821356661016755
  },
  "semantic_proto_top1_val": {
    "mean": 0.152247174256658,
    "std": 0.0,
    "worst": 0.152247174256658
  },
  "semantic_proto_top5_test": {
    "mean": 0.5814269625854597,
    "std": 0.0,
    "worst": 0.5814269625854597
  },
  "semantic_proto_top5_val": {
    "mean": 0.4696847693179446,
    "std": 5.551115123125783e-17,
    "worst": 0.46968476931794456
  },
  "semantic_ranking_signal_stable": false,
  "semantic_top1_copy_beaten": false,
  "semantic_top5_copy_beaten": false,
  "training_scale_still_smoke": true,
  "trajectory_degraded": false,
  "val_calibrated_balanced_accuracy_test": {
    "mean": 0.6118876373999186,
    "std": 0.00408127377984059,
    "worst": 0.6063916406568055
  },
  "val_calibrated_balanced_accuracy_val": {
    "mean": 0.5370034585809744,
    "std": 0.000700736602354154,
    "worst": 0.5361136294953158
  }
}
