{
  "H32_M128_trained": true,
  "H32_M512_trained": true,
  "H64_stress_trained": true,
  "V28_beats_damped_prior": true,
  "V28_beats_last_observed_all_average": true,
  "V28_beats_last_observed_hard_subset": true,
  "bootstrap_highlights": {
    "h64_vs_last_all_minfde": {
      "ci95": [
        0.000750735291728267,
        0.0018221422478004736
      ],
      "item_count": 54,
      "mean_delta": 0.0012768551155372902,
      "zero_excluded": true
    },
    "h64_vs_last_hard_minfde": {
      "ci95": [
        0.0011006268587979405,
        0.004292964935302734
      ],
      "item_count": 11,
      "mean_delta": 0.0026630054820667615,
      "zero_excluded": true
    },
    "m128_vs_damped_all_minfde": {
      "ci95": [
        0.0007827200778263553,
        1.0560216271459815
      ],
      "item_count": 257,
      "mean_delta": 0.337976778527642,
      "zero_excluded": true
    },
    "m128_vs_damped_hard_minfde": {
      "ci95": [
        0.0011156669029822716,
        4.788066159761869
      ],
      "item_count": 52,
      "mean_delta": 1.667313208946815,
      "zero_excluded": true
    },
    "m128_vs_last_all_minfde": {
      "ci95": [
        0.0007827200778263553,
        1.0560216271459815
      ],
      "item_count": 257,
      "mean_delta": 0.337976778527642,
      "zero_excluded": true
    },
    "m128_vs_last_hard_minfde": {
      "ci95": [
        0.0011156669029822716,
        4.788066159761869
      ],
      "item_count": 52,
      "mean_delta": 1.667313208946815,
      "zero_excluded": true
    },
    "m128_vs_last_hard_miss32": {
      "ci95": [
        0.0,
        0.0
      ],
      "item_count": 52,
      "mean_delta": 0.0,
      "zero_excluded": false
    },
    "m128_vs_prior_only_hard_minfde": {
      "ci95": [
        0.0011156669029822716,
        4.788066159761869
      ],
      "item_count": 52,
      "mean_delta": 1.667313208946815,
      "zero_excluded": true
    },
    "m128_vs_wo_dense_extent_hard": {
      "ci95": [
        -0.004856015423050777,
        0.005657526816251517
      ],
      "item_count": 52,
      "mean_delta": 0.0001784287543683765,
      "zero_excluded": false
    },
    "m128_vs_wo_dense_hard_minfde": {
      "ci95": [
        0.0007112062894381009,
        0.0014729133019080528
      ],
      "item_count": 52,
      "mean_delta": 0.0010915902944711538,
      "zero_excluded": true
    },
    "m128_vs_wo_residual_hard_minfde": {
      "ci95": [
        0.0008347364572378305,
        0.0015714058509239783
      ],
      "item_count": 52,
      "mean_delta": 0.0011972280649038462,
      "zero_excluded": true
    },
    "m128_vs_wo_semantic_hard_minfde": {
      "ci95": [
        -0.0020439001230093145,
        -0.0005175076998197116
      ],
      "item_count": 52,
      "mean_delta": -0.0012984642615685095,
      "zero_excluded": true
    },
    "m128_vs_wo_semantic_sem_top5": {
      "ci95": [
        0.5330739299610895,
        0.6575875486381323
      ],
      "item_count": 257,
      "mean_delta": 0.5953307392996109,
      "zero_excluded": true
    },
    "m512_vs_last_all_minfde": {
      "ci95": [
        0.00022139753349096394,
        0.8223168163911834
      ],
      "item_count": 257,
      "mean_delta": 0.2625284027960514,
      "zero_excluded": true
    },
    "m512_vs_last_hard_minfde": {
      "ci95": [
        0.00024910706740159254,
        3.7195573219886193
      ],
      "item_count": 52,
      "mean_delta": 1.296606210561899,
      "zero_excluded": true
    }
  },
  "cache_verified": true,
  "dense_point_minfde_load_bearing": true,
  "dense_points_load_bearing": true,
  "dense_shape_extent_load_bearing": false,
  "generated_at_utc": "2026-05-06T17:01:23.052522+00:00",
  "next_step_choice": "run_v28_multiseed_H64",
  "object_dense_semantic_trace_field_claim_allowed": true,
  "object_dense_semantic_trace_field_claim_allowed_strict": false,
  "object_dense_semantic_trace_field_claim_allowed_strict_reason": "strict claim blocked because semantic trace dynamics is negative or dense shape/identity utility is not established, despite original V28 positive pilot.",
  "residual_modes_load_bearing": true,
  "semantic_field_load_bearing": true,
  "semantic_identity_reacquisition_load_bearing": null,
  "semantic_identity_reacquisition_note": "No V28 reacquisition/false-confuser utility metric is wired into this run; semantic identity utility cannot be claimed from V28 alone.",
  "semantic_memory_load_bearing": true,
  "semantic_trace_dynamics_load_bearing": "negative",
  "strict_claim_audit_updated_at_utc": "2026-05-07T11:05:56.986581+00:00",
  "strongest_prior_used": "last_observed_copy",
  "visibility_quality_sufficient": true
}
