{
  "assignment_load_bearing_on_residual": true,
  "attention_temporal_entropy": {
    "test": 0.015574404761233987,
    "val": 0.02574492245912552
  },
  "attention_uses_nontrivial_timesteps": true,
  "causal_assignment_subset_gain": {
    "test": 0.016377025750531026,
    "val": 0.037019516472146984
  },
  "changed_semantic_signal": {
    "test": false,
    "val": false
  },
  "effective_units": {
    "test": 12.112426035502958,
    "val": 11.08
  },
  "future_leakage_detected": false,
  "generated_at_utc": "2026-05-13T06:14:49.842813+00:00",
  "learned_gate_training_allowed": false,
  "oracle_residual_probe_passed": false,
  "oracle_residual_probe_ran": true,
  "pointwise_baseline_dominates": false,
  "recommended_next_step": "fix_local_semantic_evidence_encoder",
  "semantic_hard_signal": {
    "test": false,
    "val": false
  },
  "semantic_measurements_load_bearing_on_residual": false,
  "semantic_usage_score_delta_under_zero_sem": {
    "test": 0.3924830307563146,
    "val": 0.39173078536987305
  },
  "shuffle_assignment_metric_delta": {
    "test": 0.006364908626615361,
    "val": 0.02188782546217371
  },
  "shuffle_semantic_measurements_metric_delta": {
    "test": -0.004759416824005165,
    "val": 0.007359029228844412
  },
  "stable_preservation": {
    "test": true,
    "val": true
  },
  "strict_residual_subset_gain": {
    "test": 0.0009525474146481728,
    "val": 0.0029263443477021474
  },
  "trajectory_degraded": false,
  "unit_dominant_instance_purity": {
    "test": 0.6594735912050659,
    "val": 0.6799417622142752
  },
  "unit_memory_load_bearing_on_residual": true,
  "unit_semantic_purity": {
    "test": 0.8402807711383061,
    "val": 0.854133051728215
  },
  "v30_backbone_frozen": true,
  "zero_semantic_measurements_metric_delta": {
    "test": -0.005572160132291344,
    "val": 0.00889990505083698
  },
  "zero_unit_memory_metric_delta": {
    "test": 0.01637702596226572,
    "val": 0.037019516638486356
  },
  "\u4e2d\u6587\u7ed3\u8bba": "V34.12 local evidence oracle residual probe \u5df2\u8bc4\u4f30\uff1b\u53ea\u6709 semantic measurement \u5e72\u9884\u5728 val/test \u90fd\u4f24\u5bb3 residual \u4e14 hard/changed \u6709\u6b63\u4fe1\u53f7\u65f6\u624d\u5141\u8bb8 learned gate\u3002"
}
