{
  "batch_size": 32,
  "checkpoint_path": "outputs/checkpoints/stwm_ostf_v33_11_identity_preserving_copy_residual_h32_m128/v33_11_identity_preserving_copy_residual_m128_h32_seed42_best.pt",
  "complete_train_sample_count": 128,
  "completed": true,
  "copy_residual_target_root": "outputs/cache/stwm_ostf_v33_11_copy_residual_semantic_targets/pointodyssey/clip_vit_b32_local/K32",
  "duration_seconds": 200.4975368976593,
  "experiment_name": "v33_11_identity_preserving_copy_residual_m128_h32_seed42",
  "fresh_training_completed": true,
  "future_teacher_leakage_detected": false,
  "generated_at_utc": "2026-05-10T12:25:25.008767+00:00",
  "hard_semantic_protocol": "manifests/ostf_v33_11_true_semantic_hard/H32_M128_seed42.json",
  "identity_path_frozen_or_distilled": true,
  "identity_teacher_checkpoint": "outputs/checkpoints/stwm_ostf_v33_9_fresh_expanded_h32_m128/v33_9_v33_6_global_contrastive_fresh_seed42_best.pt",
  "identity_teacher_checkpoint_loaded": true,
  "integrated_v30_backbone_used": true,
  "loss_tail": [
    {
      "identity_distillation_loss": 0.0,
      "loss": 0.8064060807228088,
      "semantic_change_gate_focal_bce": 0.05743912234902382,
      "semantic_changed_ce": 0.23763421177864075,
      "semantic_full_ce": 0.07480607181787491,
      "semantic_hard_ce": 0.23763421177864075,
      "semantic_stable_ce": 0.04648001864552498,
      "stable_gate_mean": 0.10658535361289978,
      "stable_margin_loss": 0.07485169917345047,
      "step": 1491.0
    },
    {
      "identity_distillation_loss": 0.0,
      "loss": 0.9043534994125366,
      "semantic_change_gate_focal_bce": 0.07231245934963226,
      "semantic_changed_ce": 0.23069915175437927,
      "semantic_full_ce": 0.09627419710159302,
      "semantic_hard_ce": 0.23069915175437927,
      "semantic_stable_ce": 0.06470929086208344,
      "stable_gate_mean": 0.14361339807510376,
      "stable_margin_loss": 0.09974619746208191,
      "step": 1492.0
    },
    {
      "identity_distillation_loss": 0.0,
      "loss": 0.8802551031112671,
      "semantic_change_gate_focal_bce": 0.06768262386322021,
      "semantic_changed_ce": 0.2566041350364685,
      "semantic_full_ce": 0.0808868557214737,
      "semantic_hard_ce": 0.2566041350364685,
      "semantic_stable_ce": 0.051873743534088135,
      "stable_gate_mean": 0.1160520389676094,
      "stable_margin_loss": 0.08137363940477371,
      "step": 1493.0
    },
    {
      "identity_distillation_loss": 0.0,
      "loss": 0.8675726652145386,
      "semantic_change_gate_focal_bce": 0.07127254456281662,
      "semantic_changed_ce": 0.2517830431461334,
      "semantic_full_ce": 0.08034756779670715,
      "semantic_hard_ce": 0.2517830431461334,
      "semantic_stable_ce": 0.05039628595113754,
      "stable_gate_mean": 0.11274710297584534,
      "stable_margin_loss": 0.0808701142668724,
      "step": 1494.0
    },
    {
      "identity_distillation_loss": 0.0,
      "loss": 0.870995283126831,
      "semantic_change_gate_focal_bce": 0.06419067829847336,
      "semantic_changed_ce": 0.2570019066333771,
      "semantic_full_ce": 0.07995978742837906,
      "semantic_hard_ce": 0.2570019066333771,
      "semantic_stable_ce": 0.05050528049468994,
      "stable_gate_mean": 0.10705753415822983,
      "stable_margin_loss": 0.08429115265607834,
      "step": 1495.0
    },
    {
      "identity_distillation_loss": 0.0,
      "loss": 0.8541889190673828,
      "semantic_change_gate_focal_bce": 0.06878028064966202,
      "semantic_changed_ce": 0.2420186549425125,
      "semantic_full_ce": 0.08495291322469711,
      "semantic_hard_ce": 0.2420186549425125,
      "semantic_stable_ce": 0.05129077658057213,
      "stable_gate_mean": 0.11811695247888565,
      "stable_margin_loss": 0.0821017473936081,
      "step": 1496.0
    },
    {
      "identity_distillation_loss": 0.0,
      "loss": 0.9631050825119019,
      "semantic_change_gate_focal_bce": 0.07622858881950378,
      "semantic_changed_ce": 0.3115847408771515,
      "semantic_full_ce": 0.07742924988269806,
      "semantic_hard_ce": 0.3115847408771515,
      "semantic_stable_ce": 0.04380751773715019,
      "stable_gate_mean": 0.10660117864608765,
      "stable_margin_loss": 0.07193009555339813,
      "step": 1497.0
    },
    {
      "identity_distillation_loss": 0.0,
      "loss": 0.8624206781387329,
      "semantic_change_gate_focal_bce": 0.07008102536201477,
      "semantic_changed_ce": 0.25173404812812805,
      "semantic_full_ce": 0.08270600438117981,
      "semantic_hard_ce": 0.25173404812812805,
      "semantic_stable_ce": 0.04937165230512619,
      "stable_gate_mean": 0.11058571189641953,
      "stable_margin_loss": 0.08044371753931046,
      "step": 1498.0
    },
    {
      "identity_distillation_loss": 0.0,
      "loss": 0.8534036874771118,
      "semantic_change_gate_focal_bce": 0.06756831705570221,
      "semantic_changed_ce": 0.255513459444046,
      "semantic_full_ce": 0.07746481150388718,
      "semantic_hard_ce": 0.255513459444046,
      "semantic_stable_ce": 0.04661508649587631,
      "stable_gate_mean": 0.10959657281637192,
      "stable_margin_loss": 0.07402083277702332,
      "step": 1499.0
    },
    {
      "identity_distillation_loss": 0.0,
      "loss": 0.8159137964248657,
      "semantic_change_gate_focal_bce": 0.06529803574085236,
      "semantic_changed_ce": 0.23552705347537994,
      "semantic_full_ce": 0.08107058703899384,
      "semantic_hard_ce": 0.23552705347537994,
      "semantic_stable_ce": 0.04927726835012436,
      "stable_gate_mean": 0.11507392674684525,
      "stable_margin_loss": 0.06967885047197342,
      "step": 1500.0
    }
  ],
  "no_gate_focal": false,
  "no_identity_freeze": false,
  "no_stable_margin": false,
  "observed_instance_context_used": false,
  "observed_visual_teacher_context_used": true,
  "semantic_baseline_bank_root": "outputs/cache/stwm_ostf_v33_11_semantic_baseline_bank/pointodyssey/clip_vit_b32_local/K32",
  "steps": 1500,
  "target_root": "outputs/cache/stwm_ostf_v33_8_complete_h32_m128",
  "train_loss_decreased": true,
  "train_loss_first": {
    "identity_distillation_loss": 0.0,
    "loss": 2.705867290496826,
    "semantic_change_gate_focal_bce": 0.1333119124174118,
    "semantic_changed_ce": 0.9977356791496277,
    "semantic_full_ce": 0.15706616640090942,
    "semantic_hard_ce": 0.9977356791496277,
    "semantic_stable_ce": 0.01641571894288063,
    "stable_gate_mean": 0.5743609070777893,
    "stable_margin_loss": 0.02284296229481697,
    "step": 1.0
  },
  "train_loss_last": {
    "identity_distillation_loss": 0.0,
    "loss": 0.8159137964248657,
    "semantic_change_gate_focal_bce": 0.06529803574085236,
    "semantic_changed_ce": 0.23552705347537994,
    "semantic_full_ce": 0.08107058703899384,
    "semantic_hard_ce": 0.23552705347537994,
    "semantic_stable_ce": 0.04927726835012436,
    "stable_gate_mean": 0.11507392674684525,
    "stable_margin_loss": 0.06967885047197342,
    "step": 1500.0
  },
  "v30_backbone_frozen": true,
  "v30_checkpoint_loaded": true
}
