{
  "audit_name": "stwm_semantic_memory_world_model_v2_baseline_comparison",
  "comparisons": {
    "32": {
      "copy_baseline": {
        "change_detection": {
          "ap": 0.6816456989798688,
          "auroc": 0.5,
          "eligible": true
        },
        "changed_subset_count": 901,
        "changed_subset_top5": 0.5283018798462955,
        "proto_ce": 2.6276559181256016,
        "proto_top1": 0.3286140155374737,
        "proto_top5": 0.6833085168136392,
        "stable_subset_count": 441,
        "stable_subset_top5": 0.9999999889170502,
        "valid_count": 1342
      },
      "frequency_baseline": "reported in persistence baseline v2",
      "v1_medium_reference": "reports/stwm_semantic_memory_transition_residual_v1_medium_eval_20260428.json",
      "v2_best": {
        "change_detection": {
          "ap": 0.8827128749255967,
          "auroc": 0.7767736025227702,
          "eligible": true
        },
        "changed_subset_count": 901,
        "changed_subset_top5": 0.5993340773534828,
        "proto_ce": 2.4523332457428717,
        "proto_top1": 0.3949329391366146,
        "proto_top5": 0.7295081996526874,
        "stable_subset_count": 441,
        "stable_subset_top5": 0.9954648458498135,
        "valid_count": 1342
      }
    },
    "64": {
      "copy_baseline": {
        "change_detection": {
          "ap": 0.7073241523341128,
          "auroc": 0.5,
          "eligible": true
        },
        "changed_subset_count": 873,
        "changed_subset_top5": 0.4249713619208691,
        "proto_ce": 3.060481503006243,
        "proto_top1": 0.34947839785705914,
        "proto_top5": 0.6259314639024692,
        "stable_subset_count": 469,
        "stable_subset_top5": 0.9999999930101163,
        "valid_count": 1342
      },
      "frequency_baseline": "reported in persistence baseline v2",
      "v1_medium_reference": "reports/stwm_semantic_memory_transition_residual_v1_medium_eval_20260428.json",
      "v2_best": {
        "change_detection": {
          "ap": 0.8580015815740512,
          "auroc": 0.7786753517635192,
          "eligible": true
        },
        "changed_subset_count": 873,
        "changed_subset_top5": 0.5360824790402376,
        "proto_ce": 2.878683782370009,
        "proto_top1": 0.378539502620697,
        "proto_top5": 0.6870342982508209,
        "stable_subset_count": 469,
        "stable_subset_top5": 0.9680170546462541,
        "valid_count": 1342
      }
    }
  }
}
