{
  "candidate_AP": 0.21116428369439993,
  "candidate_AUROC": 0.7328237312172488,
  "candidate_MRR": 0.6187728326241082,
  "candidate_feature_used_for_rollout": false,
  "candidate_feature_used_for_scoring": true,
  "candidate_positive_rate": 0.06808961016052213,
  "candidate_record_count": 5669,
  "candidate_score_mode": "target_candidate_appearance_frozen",
  "candidate_top1": 0.45077720207253885,
  "dev": {
    "candidate_AP": 0.21608137190040463,
    "candidate_AUROC": 0.7294284828441505,
    "candidate_MRR": 0.6185473182046746,
    "candidate_positive_rate": 0.0675008231807705,
    "candidate_record_count": 3037,
    "candidate_top1": 0.45365853658536587,
    "metric_items": 205
  },
  "full_free_rollout_executed": true,
  "full_model_forward_executed": true,
  "future_candidate_used_as_input": false,
  "generated_at_utc": "2026-04-28T16:54:50.110009+00:00",
  "heldout": {
    "candidate_AP": 0.2047032542889563,
    "candidate_AUROC": 0.736440870903972,
    "candidate_MRR": 0.6190282495079975,
    "candidate_positive_rate": 0.06876899696048633,
    "candidate_record_count": 2632,
    "candidate_top1": 0.44751381215469616,
    "metric_items": 181
  },
  "metric_items": 386,
  "mode": "target_candidate_appearance_frozen",
  "old_association_report_used": false,
  "per_subset_breakdown": {
    "OOD_hard": {
      "candidate_AP": null,
      "candidate_AUROC": null,
      "candidate_MRR": null,
      "candidate_positive_rate": null,
      "candidate_record_count": 0,
      "candidate_top1": null,
      "metric_items": 0
    },
    "appearance_change": {
      "candidate_AP": 0.22022732825610133,
      "candidate_AUROC": 0.6193187089933064,
      "candidate_MRR": 0.6089232183731442,
      "candidate_positive_rate": 0.14195867026055706,
      "candidate_record_count": 1113,
      "candidate_top1": 0.41139240506329117,
      "metric_items": 158
    },
    "crossing_ambiguity": {
      "candidate_AP": 0.2114469370112145,
      "candidate_AUROC": 0.7460672532821417,
      "candidate_MRR": 0.5890937529566416,
      "candidate_positive_rate": 0.05753476852733854,
      "candidate_record_count": 5249,
      "candidate_top1": 0.4271523178807947,
      "metric_items": 302
    },
    "long_gap_persistence": {
      "candidate_AP": 0.37632407568972887,
      "candidate_AUROC": 0.6971933471933472,
      "candidate_MRR": 0.7094551282051283,
      "candidate_positive_rate": 0.21940928270042195,
      "candidate_record_count": 237,
      "candidate_top1": 0.5192307692307693,
      "metric_items": 52
    },
    "occlusion_reappearance": {
      "candidate_AP": 0.253081845049359,
      "candidate_AUROC": 0.6696689229635769,
      "candidate_MRR": 0.7108451784436037,
      "candidate_positive_rate": 0.12932790224032586,
      "candidate_record_count": 982,
      "candidate_top1": 0.5354330708661418,
      "metric_items": 127
    }
  },
  "predicted_candidate_index_0_ratio": 0.15025906735751296,
  "score_tie_rate": 0.0,
  "stage2_val_fallback_used": false
}
