{
  "generated_at_utc": "2026-05-15T08:48:29.640793+00:00",
  "checkpoint_path": "outputs/checkpoints/stwm_ostf_v35_4_identity_measurement_retrieval_head_h32_m128/v35_semantic_state_head_m128_h32_seed42_best.pt",
  "val": {
    "global_top1": 0.3801688134147718,
    "global_top5": 0.46246012734166947,
    "stable_top1": 0.9192502604667159,
    "stable_top5": 0.9623612951517787,
    "changed_top1": 0.1222363251737685,
    "changed_top5": 0.2278210939860985,
    "hard_top1": 0.3323085736108459,
    "hard_top5": 0.41831201069314494,
    "copy_global_top1": 0.4001563551687089,
    "copy_stable_top1": 0.9681977726302586,
    "copy_changed_top1": 0.13277727410093684,
    "copy_hard_top1": 0.3421615428680542,
    "family_top1": 0.7447773611093692,
    "family_top3": 0.9672991943946254,
    "effective_units": 3.1675546169281006,
    "unit_semantic_purity": 0.29605141984563854,
    "unit_dominant_instance_purity": 0.4097474094703772,
    "identity_retrieval_exclude_same_point_top1": 0.7599107237751089,
    "identity_retrieval_same_frame_top1": 0.7599107237751089,
    "identity_retrieval_instance_pooled_top1": 0.5502397331665624,
    "identity_same_pair_similarity": 0.835871515210082,
    "identity_confuser_pair_similarity": 0.7123005044604317,
    "identity_confuser_separation": 0.12357101074965027,
    "semantic_changed_metrics": {
      "roc_auc": 0.643655129830097,
      "balanced_accuracy": 0.6084793873443981,
      "f1": 0.7142269936466118,
      "positive_ratio": 0.6916834936600905
    },
    "same_instance_metrics": {
      "roc_auc": 0.4866719323258311,
      "balanced_accuracy": 0.5150636475429224,
      "f1": 0.2981216067856767,
      "positive_ratio": 0.9381110218293827
    },
    "uncertainty_high_metrics": {
      "roc_auc": 0.5242591105756408,
      "balanced_accuracy": 0.5235081763037099,
      "f1": 0.27949599083619703,
      "positive_ratio": 0.30000543480532943
    }
  },
  "test": {
    "global_top1": 0.3804098039366387,
    "global_top5": 0.43632936492687013,
    "stable_top1": 0.939830544718422,
    "stable_top5": 0.959004747218909,
    "changed_top1": 0.141836402786029,
    "changed_top5": 0.21518337414885524,
    "hard_top1": 0.3449106811304506,
    "hard_top5": 0.40724031950951656,
    "copy_global_top1": 0.38981715612054324,
    "copy_stable_top1": 0.9640703481769064,
    "copy_changed_top1": 0.1463256621657585,
    "copy_hard_top1": 0.35495263453136233,
    "family_top1": 0.7696985650713621,
    "family_top3": 0.9673682471120812,
    "effective_units": 3.0924293994903564,
    "unit_semantic_purity": 0.28458940459098153,
    "unit_dominant_instance_purity": 0.3457887025272158,
    "identity_retrieval_exclude_same_point_top1": 0.6984209531013615,
    "identity_retrieval_same_frame_top1": 0.6984209531013615,
    "identity_retrieval_instance_pooled_top1": 0.49704087294248195,
    "identity_same_pair_similarity": 0.7436398738733677,
    "identity_confuser_pair_similarity": 0.6731262361085938,
    "identity_confuser_separation": 0.07051363776477393,
    "semantic_changed_metrics": {
      "roc_auc": 0.6633347257831521,
      "balanced_accuracy": 0.6228436156166692,
      "f1": 0.7156310140609023,
      "positive_ratio": 0.714772386654472
    },
    "same_instance_metrics": {
      "roc_auc": 0.5490519025186787,
      "balanced_accuracy": 0.5203077283946578,
      "f1": 0.3421873627234969,
      "positive_ratio": 0.9098111669505635
    },
    "uncertainty_high_metrics": {
      "roc_auc": 0.5146354623806634,
      "balanced_accuracy": 0.5122810014321236,
      "f1": 0.2727013294097154,
      "positive_ratio": 0.3000053800216738
    }
  },
  "thresholds_from_val": {
    "semantic_changed": 0.7414934635162354,
    "same_instance": 0.8647728532552719,
    "uncertainty_high": 0.11835226565599441
  },
  "interventions_val": {
    "zero_semantic_measurements": {
      "hard_top5_delta_vs_normal": 0.2639297307618866,
      "changed_top5_delta_vs_normal": 0.08996675732849801,
      "global_top5_delta_vs_normal": 0.319294813105406
    },
    "shuffle_semantic_measurements": {
      "hard_top5_delta_vs_normal": 0.2128508688180256,
      "changed_top5_delta_vs_normal": 0.046485343003928675,
      "global_top5_delta_vs_normal": 0.25338316631758495
    },
    "shuffle_assignment": {
      "hard_top5_delta_vs_normal": 0.0022722932976895205,
      "changed_top5_delta_vs_normal": 0.0004291326684798813,
      "global_top5_delta_vs_normal": 0.001224921508869159
    },
    "zero_unit_memory": {
      "hard_top5_delta_vs_normal": 0.03144930303608939,
      "changed_top5_delta_vs_normal": 0.0380658809307948,
      "global_top5_delta_vs_normal": 0.023047755216367927
    }
  },
  "v30_backbone_frozen": true,
  "future_leakage_detected": false,
  "trajectory_degraded": false,
  "teacher_as_method": false,
  "中文结论": "V35 semantic state head 已完成 seed42 评估；本结果只验证低维 semantic state head，不代表完整 semantic field success。"
}