{
  "best_candidate_by_val": "v33_9_v33_6_global_contrastive_fresh_seed42",
  "best_candidate_test_confirmed": false,
  "changed_copy_top1": {
    "test": {
      "mean": 0.0,
      "std": 0.0,
      "worst": 0.0
    },
    "val": {
      "mean": 0.0,
      "std": 0.0,
      "worst": 0.0
    }
  },
  "changed_copy_top5": {
    "test": {
      "mean": 0.0,
      "std": 0.0,
      "worst": 0.0
    },
    "val": {
      "mean": 0.0,
      "std": 0.0,
      "worst": 0.0
    }
  },
  "changed_semantic_top1": {
    "test": {
      "mean": 0.21993537122044102,
      "std": 0.0,
      "worst": 0.21993537122044102
    },
    "val": {
      "mean": 0.1918464769906435,
      "std": 0.0,
      "worst": 0.1918464769906435
    }
  },
  "changed_semantic_top5": {
    "test": {
      "mean": 0.6337649819466062,
      "std": 0.0,
      "worst": 0.6337649819466062
    },
    "val": {
      "mean": 0.5344281076952454,
      "std": 0.0,
      "worst": 0.5344281076952454
    }
  },
  "changed_top1_beats_copy": true,
  "changed_top5_beats_copy": true,
  "generated_at_utc": "2026-05-10T09:13:10.844747+00:00",
  "global_semantic_top1_copy_beaten": false,
  "global_semantic_top5_copy_beaten": false,
  "hard_identity_ROC_AUC_test": {
    "mean": 0.5920917089438743,
    "std": 0.0011149880536037108,
    "worst": 0.5907013566238792
  },
  "hard_identity_ROC_AUC_val": {
    "mean": 0.6305979777835725,
    "std": 0.000511446075497657,
    "worst": 0.6300244315944198
  },
  "identity_retrieval_exclude_same_point_top1_test": {
    "mean": 0.4974772135416667,
    "std": 0.00739799360505437,
    "worst": 0.488037109375
  },
  "identity_retrieval_exclude_same_point_top1_val": {
    "mean": 0.578857421875,
    "std": 0.009913031373888314,
    "worst": 0.5693359375
  },
  "identity_retrieval_instance_pooled_top1_test": {
    "mean": 0.7245279947916666,
    "std": 0.0010978790334661493,
    "worst": 0.7236328125
  },
  "identity_retrieval_instance_pooled_top1_val": {
    "mean": 0.8228352864583334,
    "std": 0.009737780399009731,
    "worst": 0.80908203125
  },
  "identity_retrieval_same_frame_top1_test": {
    "mean": 0.20056341327479757,
    "std": 0.004411034500152333,
    "worst": 0.19517795637198623
  },
  "identity_retrieval_same_frame_top1_val": {
    "mean": 0.3559286924711762,
    "std": 0.004877159501371421,
    "worst": 0.35018566123964584
  },
  "identity_signal_stable": true,
  "integrated_identity_field_claim_allowed": false,
  "integrated_semantic_field_claim_allowed": false,
  "semantic_hard_copy_top1": {
    "test": {
      "mean": 0.0,
      "std": 0.0,
      "worst": 0.0
    },
    "val": {
      "mean": 0.0,
      "std": 0.0,
      "worst": 0.0
    }
  },
  "semantic_hard_copy_top5": {
    "test": {
      "mean": 0.0,
      "std": 0.0,
      "worst": 0.0
    },
    "val": {
      "mean": 0.0,
      "std": 0.0,
      "worst": 0.0
    }
  },
  "semantic_hard_top1": {
    "test": {
      "mean": 0.21993537122044102,
      "std": 0.0,
      "worst": 0.21993537122044102
    },
    "val": {
      "mean": 0.1918464769906435,
      "std": 0.0,
      "worst": 0.1918464769906435
    }
  },
  "semantic_hard_top1_beats_copy": true,
  "semantic_hard_top5": {
    "test": {
      "mean": 0.6337649819466062,
      "std": 0.0,
      "worst": 0.6337649819466062
    },
    "val": {
      "mean": 0.5344281076952454,
      "std": 0.0,
      "worst": 0.5344281076952454
    }
  },
  "semantic_hard_top5_beats_copy": true,
  "semantic_proto_copy_top1_test": {
    "mean": 0.7565321692395522,
    "std": 0.0,
    "worst": 0.7565321692395522
  },
  "semantic_proto_copy_top1_val": {
    "mean": 0.7803407042447917,
    "std": 0.0,
    "worst": 0.7803407042447917
  },
  "semantic_proto_copy_top5_test": {
    "mean": 0.7565321692395522,
    "std": 0.0,
    "worst": 0.7565321692395522
  },
  "semantic_proto_copy_top5_val": {
    "mean": 0.7803407042447917,
    "std": 0.0,
    "worst": 0.7803407042447917
  },
  "semantic_proto_top1_test": {
    "mean": 0.36118815992065095,
    "std": 0.0,
    "worst": 0.36118815992065095
  },
  "semantic_proto_top1_val": {
    "mean": 0.3114185693433099,
    "std": 0.0,
    "worst": 0.3114185693433099
  },
  "semantic_proto_top5_test": {
    "mean": 0.7622853605980398,
    "std": 0.0,
    "worst": 0.7622853605980398
  },
  "semantic_proto_top5_val": {
    "mean": 0.6521437264997302,
    "std": 0.0,
    "worst": 0.6521437264997302
  },
  "semantic_ranking_signal_stable": false,
  "semantic_strong_gate_passed": true,
  "semantic_weak_gate_passed": false,
  "stable_preservation_not_degraded": false,
  "stable_semantic_preservation_top1": {
    "test": {
      "mean": 0.4066971057465832,
      "std": 5.551115123125783e-17,
      "worst": 0.40669710574658324
    },
    "val": {
      "mean": 0.34521959115418016,
      "std": 5.551115123125783e-17,
      "worst": 0.3452195911541801
    }
  },
  "stable_semantic_preservation_top5": {
    "test": {
      "mean": 0.8037568634027231,
      "std": 1.1102230246251565e-16,
      "worst": 0.8037568634027232
    },
    "val": {
      "mean": 0.6851436963349663,
      "std": 0.0,
      "worst": 0.6851436963349663
    }
  },
  "trajectory_degraded": false,
  "val_calibrated_balanced_accuracy_test": {
    "mean": 0.5664510730039857,
    "std": 0.0010624480397040533,
    "worst": 0.565071699076635
  },
  "val_calibrated_balanced_accuracy_val": {
    "mean": 0.5856151391399432,
    "std": 0.00041027373436992723,
    "worst": 0.5851241882573475
  }
}
