{
  "candidate": "v33_10_copy_residual_semantic_m128_h32_seed42",
  "changed_top5_beats_nontrivial_baseline": true,
  "copy_prior_active": true,
  "fresh_training_completed": true,
  "future_teacher_leakage_detected": false,
  "gate_collapse_detected": false,
  "generated_at_utc": "2026-05-10T11:00:30.533381+00:00",
  "hard_identity_ROC_AUC_test": {
    "mean": 0.5730780514715609,
    "std": 0.0007659966937043261,
    "worst": 0.5720872504792037
  },
  "hard_identity_ROC_AUC_val": {
    "mean": 0.6105204555793636,
    "std": 0.00029669574492813516,
    "worst": 0.6101203394396162
  },
  "identity_regressed": true,
  "pass_gate": false,
  "semantic_change_AUROC": {
    "test": {
      "mean": 0.5769576829027839,
      "std": 0.0,
      "worst": 0.5769576829027839
    },
    "val": {
      "mean": 0.5387297536437551,
      "std": 0.0,
      "worst": 0.5387297536437551
    }
  },
  "semantic_change_gate_active": true,
  "semantic_hard_top5_beats_nontrivial_baseline": true,
  "stable_preservation_not_degraded_top5": false,
  "trajectory_degraded": false,
  "val_calibrated_balanced_accuracy_test": {
    "mean": 0.5462285292824419,
    "std": 0.004732524812211045,
    "worst": 0.5398068167312029
  },
  "val_calibrated_balanced_accuracy_val": {
    "mean": 0.575338644529245,
    "std": 0.0015100000912807096,
    "worst": 0.5732074713797951
  },
  "visibility_AUROC": null,
  "visibility_F1": null
}
