{
  "audit_name": "stwm_free_rollout_semantic_trace_field_v5_test_significance",
  "bootstrap_unit": "item",
  "changed_item_count": 47,
  "low_sample_warning": true,
  "prototype_count": 64,
  "residual_vs_copy_ce_improvement": {
    "bootstrap_win_rate": 0.9375,
    "ci95": [
      0.27102996557950976,
      0.4698797345161438
    ],
    "item_count": 48,
    "mean_delta": 0.36406519760688144,
    "zero_excluded": true
  },
  "residual_vs_copy_changed_top5": {
    "bootstrap_win_rate": 0.6170212765957447,
    "ci95": [
      0.07627030117437243,
      0.21205469875774802
    ],
    "item_count": 47,
    "mean_delta": 0.14168400911891715,
    "zero_excluded": true
  },
  "residual_vs_copy_overall_top5": {
    "bootstrap_win_rate": 0.5625,
    "ci95": [
      0.03936458626606812,
      0.13250196621132387
    ],
    "item_count": 48,
    "mean_delta": 0.08412543839464585,
    "zero_excluded": true
  },
  "selected_seed": 789,
  "stable_preservation_drop": {
    "bootstrap_win_rate": 0.15555555555555556,
    "ci95": [
      0.010187799367639755,
      0.09868782040145653
    ],
    "item_count": 45,
    "mean_delta": 0.045957202381557885,
    "zero_excluded": true
  },
  "test_eval_path": "reports/stwm_free_rollout_semantic_trace_field_v5_test_eval_20260428.json",
  "test_item_count": 48
}
