{
  "candidate": "v33_12_copy_conservative_semantic_m128_h32_seed42",
  "changed_top5_beats_strongest_baseline": false,
  "changed_update_gate_recall": {
    "test": {
      "mean": 0.38586406309416227,
      "std": 5.551115123125783e-17,
      "worst": 0.3858640630941622
    },
    "val": {
      "mean": 0.3887062049463909,
      "std": 0.0,
      "worst": 0.3887062049463909
    }
  },
  "fresh_training_completed": true,
  "future_teacher_leakage_detected": false,
  "gate_collapse_detected": false,
  "generated_at_utc": "2026-05-10T13:49:59.443675+00:00",
  "hard_identity_ROC_AUC_test": {
    "mean": 0.5911789769824708,
    "std": 0.0010343258734479904,
    "worst": 0.5897285138888524
  },
  "hard_identity_ROC_AUC_val": {
    "mean": 0.6300356978843699,
    "std": 0.0007511250855438749,
    "worst": 0.6289765276866192
  },
  "identity_regressed_vs_v33_9": false,
  "pass_gate": false,
  "semantic_change_AUROC": {
    "test": {
      "mean": 0.5605337313110029,
      "std": 0.0,
      "worst": 0.5605337313110029
    },
    "val": {
      "mean": 0.5486433893803851,
      "std": 0.0,
      "worst": 0.5486433893803851
    }
  },
  "semantic_hard_top5_beats_strongest_baseline": false,
  "stable_preservation_not_degraded_top5": false,
  "stable_wrong_update_rate": {
    "test": {
      "mean": 0.3040223389820904,
      "std": 0.0,
      "worst": 0.3040223389820904
    },
    "val": {
      "mean": 0.3503018896437084,
      "std": 0.0,
      "worst": 0.3503018896437084
    }
  },
  "trajectory_degraded": false,
  "val_calibrated_balanced_accuracy_test": {
    "mean": 0.5609158475525864,
    "std": 0.007429661446763602,
    "worst": 0.5505404025360623
  },
  "val_calibrated_balanced_accuracy_val": {
    "mean": 0.5848452388922363,
    "std": 0.0013284083073194478,
    "worst": 0.5830153310571065
  }
}
