{
  "candidate_AP": 0.11025560404757276,
  "candidate_AUROC": 0.6210648291175429,
  "candidate_MRR": 0.4277309306499984,
  "candidate_feature_used_for_rollout": false,
  "candidate_feature_used_for_scoring": true,
  "candidate_positive_rate": 0.06808961016052213,
  "candidate_record_count": 5669,
  "candidate_score_mode": "aligned_listwise_semantic",
  "candidate_top1": 0.22020725388601037,
  "dev": {
    "candidate_AP": 0.12152113434268619,
    "candidate_AUROC": 0.6544818795645584,
    "candidate_MRR": 0.4588270768162124,
    "candidate_positive_rate": 0.0675008231807705,
    "candidate_record_count": 3037,
    "candidate_top1": 0.25853658536585367,
    "metric_items": 205
  },
  "full_free_rollout_executed": true,
  "full_model_forward_executed": true,
  "future_candidate_used_as_input": false,
  "generated_at_utc": "2026-04-28T16:00:43.720425+00:00",
  "heldout": {
    "candidate_AP": 0.10226026932216911,
    "candidate_AUROC": 0.5829732367665921,
    "candidate_MRR": 0.3925115385832938,
    "candidate_positive_rate": 0.06876899696048633,
    "candidate_record_count": 2632,
    "candidate_top1": 0.17679558011049723,
    "metric_items": 181
  },
  "metric_items": 386,
  "mode": "aligned_listwise_semantic",
  "old_association_report_used": false,
  "per_subset_breakdown": {
    "OOD_hard": {
      "candidate_AP": null,
      "candidate_AUROC": null,
      "candidate_MRR": null,
      "candidate_positive_rate": null,
      "candidate_record_count": 0,
      "candidate_top1": null,
      "metric_items": 0
    },
    "appearance_change": {
      "candidate_AP": 0.15272043269136623,
      "candidate_AUROC": 0.5268606269467824,
      "candidate_MRR": 0.4977008577942634,
      "candidate_positive_rate": 0.14195867026055706,
      "candidate_record_count": 1113,
      "candidate_top1": 0.2848101265822785,
      "metric_items": 158
    },
    "crossing_ambiguity": {
      "candidate_AP": 0.09565051683491536,
      "candidate_AUROC": 0.6324402909248632,
      "candidate_MRR": 0.38689875809664015,
      "candidate_positive_rate": 0.05753476852733854,
      "candidate_record_count": 5249,
      "candidate_top1": 0.18874172185430463,
      "metric_items": 302
    },
    "long_gap_persistence": {
      "candidate_AP": 0.33106711756787505,
      "candidate_AUROC": 0.585031185031185,
      "candidate_MRR": 0.5573946886446886,
      "candidate_positive_rate": 0.21940928270042195,
      "candidate_record_count": 237,
      "candidate_top1": 0.3269230769230769,
      "metric_items": 52
    },
    "occlusion_reappearance": {
      "candidate_AP": 0.18476143290119532,
      "candidate_AUROC": 0.5597366118708845,
      "candidate_MRR": 0.5379243695081595,
      "candidate_positive_rate": 0.12932790224032586,
      "candidate_record_count": 982,
      "candidate_top1": 0.3228346456692913,
      "metric_items": 127
    }
  },
  "stage2_val_fallback_used": false
}
