{
  "candidate_AP": 0.09778302043820572,
  "candidate_AUROC": 0.5632383272575344,
  "candidate_MRR": 0.4139014849542738,
  "candidate_feature_used_for_rollout": false,
  "candidate_feature_used_for_scoring": true,
  "candidate_positive_rate": 0.06808961016052213,
  "candidate_record_count": 5669,
  "candidate_score_mode": "aligned_listwise_semantic_identity",
  "candidate_top1": 0.21502590673575128,
  "dev": {
    "candidate_AP": 0.11258698738343202,
    "candidate_AUROC": 0.5879357861375224,
    "candidate_MRR": 0.44806642094522064,
    "candidate_positive_rate": 0.0675008231807705,
    "candidate_record_count": 3037,
    "candidate_top1": 0.25853658536585367,
    "metric_items": 205
  },
  "full_free_rollout_executed": true,
  "full_model_forward_executed": true,
  "future_candidate_used_as_input": false,
  "generated_at_utc": "2026-04-28T16:00:44.427234+00:00",
  "heldout": {
    "candidate_AP": 0.08528229575677362,
    "candidate_AUROC": 0.5347890476544696,
    "candidate_MRR": 0.3752063917048601,
    "candidate_positive_rate": 0.06876899696048633,
    "candidate_record_count": 2632,
    "candidate_top1": 0.16574585635359115,
    "metric_items": 181
  },
  "metric_items": 386,
  "mode": "aligned_listwise_semantic_identity",
  "old_association_report_used": false,
  "per_subset_breakdown": {
    "OOD_hard": {
      "candidate_AP": null,
      "candidate_AUROC": null,
      "candidate_MRR": null,
      "candidate_positive_rate": null,
      "candidate_record_count": 0,
      "candidate_top1": null,
      "metric_items": 0
    },
    "appearance_change": {
      "candidate_AP": 0.18422048986514533,
      "candidate_AUROC": 0.5695804890980184,
      "candidate_MRR": 0.5390356977702053,
      "candidate_positive_rate": 0.14195867026055706,
      "candidate_record_count": 1113,
      "candidate_top1": 0.3227848101265823,
      "metric_items": 158
    },
    "crossing_ambiguity": {
      "candidate_AP": 0.07891798005673273,
      "candidate_AUROC": 0.5666227575211146,
      "candidate_MRR": 0.35308821145369707,
      "candidate_positive_rate": 0.05753476852733854,
      "candidate_record_count": 5249,
      "candidate_top1": 0.16225165562913907,
      "metric_items": 302
    },
    "long_gap_persistence": {
      "candidate_AP": 0.28309901995849246,
      "candidate_AUROC": 0.4890852390852391,
      "candidate_MRR": 0.5416056166056165,
      "candidate_positive_rate": 0.21940928270042195,
      "candidate_record_count": 237,
      "candidate_top1": 0.28846153846153844,
      "metric_items": 52
    },
    "occlusion_reappearance": {
      "candidate_AP": 0.17617338715957584,
      "candidate_AUROC": 0.49548280149191876,
      "candidate_MRR": 0.5235029704077269,
      "candidate_positive_rate": 0.12932790224032586,
      "candidate_record_count": 982,
      "candidate_top1": 0.31496062992125984,
      "metric_items": 127
    }
  },
  "stage2_val_fallback_used": false
}
