{
  "checkpoint_path": "outputs/checkpoints/stwm_ostf_v33_7_identity_belief_calibration/v33_7_no_embedding_similarity_logits_best.pt",
  "complete_test_sample_count": 44,
  "complete_train_sample_count": 0,
  "complete_val_sample_count": 42,
  "future_teacher_leakage_detected": false,
  "generated_at_utc": "2026-05-10T04:53:24.025663+00:00",
  "global_identity_labels_used": true,
  "identity_signal_stable": false,
  "metrics": {
    "balanced_accuracy_at_zero_threshold_fused": {
      "test": {
        "mean": 0.6574388202831681,
        "std": 0.0015525401277179732,
        "worst": 0.6553127968516759
      },
      "val": {
        "mean": 0.5332090930459017,
        "std": 0.0018124591816349733,
        "worst": 0.5306739196131762
      }
    },
    "hard_identity_ROC_AUC_embedding": {
      "test": {
        "mean": 0.5,
        "std": 0.0,
        "worst": 0.5
      },
      "val": {
        "mean": 0.5,
        "std": 0.0,
        "worst": 0.5
      }
    },
    "hard_identity_ROC_AUC_fused": {
      "test": {
        "mean": 0.7019453486083792,
        "std": 0.0018780189550851583,
        "worst": 0.6993972578734021
      },
      "val": {
        "mean": 0.5422106916909274,
        "std": 0.001166625403694041,
        "worst": 0.5405745918205824
      }
    },
    "hard_identity_ROC_AUC_head": {
      "test": {
        "mean": 0.7019453516776247,
        "std": 0.001878022097487795,
        "worst": 0.6993972578734021
      },
      "val": {
        "mean": 0.5422106899996583,
        "std": 0.0011666239508197253,
        "worst": 0.5405745918205824
      }
    },
    "identity_retrieval_exclude_same_point_top1": {
      "test": {
        "mean": 0.5875651041666666,
        "std": 0.0010033225916290653,
        "worst": 0.58642578125
      },
      "val": {
        "mean": 0.57568359375,
        "std": 0.005182839625029511,
        "worst": 0.5693359375
      }
    },
    "identity_retrieval_instance_pooled_top1": {
      "test": {
        "mean": 0.8650716145833334,
        "std": 0.00215003984596727,
        "worst": 0.862060546875
      },
      "val": {
        "mean": 0.8740234375,
        "std": 0.008099681826021313,
        "worst": 0.86279296875
      }
    },
    "identity_retrieval_same_frame_top1": {
      "test": {
        "mean": 0.3503182087653199,
        "std": 0.007089501638936062,
        "worst": 0.3404367271770587
      },
      "val": {
        "mean": 0.42650227764536636,
        "std": 0.004840757553310362,
        "worst": 0.41965678627145087
      }
    },
    "semantic_proto_top1": {
      "test": {
        "mean": 0.26945521972084135,
        "std": 0.0,
        "worst": 0.26945521972084135
      },
      "val": {
        "mean": 0.22020816557812173,
        "std": 0.0,
        "worst": 0.22020816557812173
      }
    },
    "semantic_proto_top5": {
      "test": {
        "mean": 0.6359106783305084,
        "std": 0.0,
        "worst": 0.6359106783305084
      },
      "val": {
        "mean": 0.5632757746562882,
        "std": 0.0,
        "worst": 0.5632757746562882
      }
    },
    "val_calibrated_balanced_accuracy": {
      "test": {
        "mean": 0.632763378115529,
        "std": 0.0026432226507432837,
        "worst": 0.6291898493689781
      },
      "val": {
        "mean": 0.5425271146032705,
        "std": 0.0011985204188962762,
        "worst": 0.540848191800141
      }
    }
  },
  "per_seed": {
    "123": {
      "test": {
        "ECE": 0.057953894985613486,
        "F1": 0.8515051924173409,
        "ROC_AUC": 0.6658035985418952,
        "actual_identity_hard_negative_ratio": 0.5,
        "actual_identity_hard_positive_ratio": 0.5,
        "available_ratio": 1.0,
        "available_sample_count": 44,
        "best_val_threshold": 0.5899217754602437,
        "brier_score": 0.22310630006477952,
        "hard_identity_ROC_AUC_embedding_similarity_logits": 0.5,
        "hard_identity_ROC_AUC_fused_same_instance_logits": 0.7025706582837468,
        "hard_identity_ROC_AUC_same_instance_head_logits": 0.7025706582837468,
        "hard_identity_balanced_accuracy_at_zero_embedding_similarity_logits": 0.5,
        "hard_identity_balanced_accuracy_at_zero_fused_same_instance_logits": 0.6580268693174107,
        "hard_identity_balanced_accuracy_at_zero_same_instance_head_logits": 0.658230424752341,
        "identity_retrieval_exclude_same_point_count": 4096,
        "identity_retrieval_exclude_same_point_prior_top1": 0.006074659770174996,
        "identity_retrieval_exclude_same_point_top1": 0.5888671875,
        "identity_retrieval_instance_pooled_prior_top1": 0.0026117979242979246,
        "identity_retrieval_instance_pooled_top1": 0.8662109375,
        "identity_retrieval_same_frame_count": 3801,
        "identity_retrieval_same_frame_prior_top1": 0.20237538923411064,
        "identity_retrieval_same_frame_top1": 0.3404367271770587,
        "identity_retrieval_semantic_confuser_count": 4095,
        "identity_retrieval_semantic_confuser_prior_top1": 0.06586708303319722,
        "identity_retrieval_semantic_confuser_top1": 0.8498168498168498,
        "logit_margin": 0.8068922758102417,
        "manifest_full_coverage_ok": true,
        "manifest_sample_count": 44,
        "missing_component_breakdown": {},
        "negative_logit_mean": -0.2996366620063782,
        "positive_logit_mean": 0.5072556138038635,
        "semantic_copy_baseline_beaten": true,
        "semantic_hard_copy_top1": 0.0,
        "semantic_hard_copy_top5": 0.0,
        "semantic_hard_top1": 0.14599260172626388,
        "semantic_hard_top5": 0.5165607512093332,
        "semantic_proto_copy_top1": 0.4003321692242939,
        "semantic_proto_copy_top5": 0.4003321692242939,
        "semantic_proto_target_coverage": 0.9755304509943182,
        "semantic_proto_top1": 0.26945521972084135,
        "semantic_proto_top5": 0.6359106783305084,
        "semantic_ranking_signal_positive": true,
        "semantic_top1_copy_beaten": false,
        "semantic_top5_copy_beaten": true,
        "trajectory_degraded": false,
        "val_calibrated_balanced_accuracy": 0.6336002171257973
      },
      "val": {
        "ECE": 0.2662339514856752,
        "F1": 0.859355523140167,
        "ROC_AUC": 0.5650429459777017,
        "actual_identity_hard_negative_ratio": 0.5,
        "actual_identity_hard_positive_ratio": 0.5,
        "available_ratio": 1.0,
        "available_sample_count": 42,
        "best_val_threshold": 0.5899217754602437,
        "brier_score": 0.33526989321104517,
        "hard_identity_ROC_AUC_embedding_similarity_logits": 0.5,
        "hard_identity_ROC_AUC_fused_same_instance_logits": 0.5432128751632662,
        "hard_identity_ROC_AUC_same_instance_head_logits": 0.5432128700894591,
        "hard_identity_balanced_accuracy_at_zero_embedding_similarity_logits": 0.5,
        "hard_identity_balanced_accuracy_at_zero_fused_same_instance_logits": 0.5341492898156542,
        "hard_identity_balanced_accuracy_at_zero_same_instance_head_logits": 0.5348040697088747,
        "identity_retrieval_exclude_same_point_count": 4096,
        "identity_retrieval_exclude_same_point_prior_top1": 0.009524503040276702,
        "identity_retrieval_exclude_same_point_top1": 0.5693359375,
        "identity_retrieval_instance_pooled_prior_top1": 0.0033018305479242983,
        "identity_retrieval_instance_pooled_top1": 0.877685546875,
        "identity_retrieval_same_frame_count": 3871,
        "identity_retrieval_same_frame_prior_top1": 0.27467963019500097,
        "identity_retrieval_same_frame_top1": 0.42986308447429605,
        "identity_retrieval_semantic_confuser_count": 4094,
        "identity_retrieval_semantic_confuser_prior_top1": 0.06200130280621569,
        "identity_retrieval_semantic_confuser_top1": 0.7738153395212506,
        "logit_margin": 0.24644231796264648,
        "manifest_full_coverage_ok": true,
        "manifest_sample_count": 42,
        "missing_component_breakdown": {},
        "negative_logit_mean": 1.3120183944702148,