{
  "audit_name": "stwm_ostf_v20_bootstrap",
  "best_variant_name": "v20_context_residual_m512_seed42_h8",
  "generated_at_utc": "2026-05-05T04:35:56.061553+00:00",
  "v20_best_vs_cv_all_endpoint": {
    "ci95": [
      -1.525085825540666,
      -0.839497291482985
    ],
    "item_count": 496,
    "mean_delta": -1.1823673503052803,
    "zero_excluded": true
  },
  "v20_best_vs_cv_all_point_L1": {
    "ci95": [
      -2.4608696586873022,
      -1.9014373743966702
    ],
    "item_count": 496,
    "mean_delta": -2.187756719127778,
    "zero_excluded": true
  },
  "v20_best_vs_cv_hard20_endpoint": {
    "ci95": [
      -1.199315987586975,
      0.32262811565399163
    ],
    "item_count": 100,
    "mean_delta": -0.43818538665771484,
    "zero_excluded": false
  },
  "v20_best_vs_cv_hard20_point_L1": {
    "ci95": [
      -1.635309983253479,
      -0.32800195789337205
    ],
    "item_count": 100,
    "mean_delta": -1.0140430068969726,
    "zero_excluded": true
  },
  "v20_m512_vs_single_hard20_point_L1": {
    "ci95": [
      -1.5516978158950805,
      -0.44916477394104015
    ],
    "item_count": 100,
    "mean_delta": -0.9680051040649414,
    "zero_excluded": true
  },
  "v20_m512_vs_wo_context_hard20_point_L1": {
    "ci95": [
      -1.4419840211868287,
      -0.003606454849243321
    ],
    "item_count": 100,
    "mean_delta": -0.7082643127441406,
    "zero_excluded": true
  },
  "v20_m512_vs_wo_dense_hard20_point_L1": {
    "ci95": [
      -0.9878624763488769,
      -0.2673674583435059
    ],
    "item_count": 100,
    "mean_delta": -0.6126444244384766,
    "zero_excluded": true
  },
  "v20_m512_vs_wo_hard_hard20_point_L1": {
    "ci95": [
      -1.6742815017700194,
      -0.8125593004226686
    ],
    "item_count": 100,
    "mean_delta": -1.2660378646850585,
    "zero_excluded": true
  }
}
