{
  "audit_name": "stwm_papergrade_protocol_v2_mixed_test_eval",
  "blocker": "Mixed VSPW+VIPSeg protocol is unavailable because VIPSeg observed semantic memory eligible item count is zero.",
  "candidate_scorer_used": false,
  "existing_vspw_free_rollout_result": {
    "change_ap": 0.8014397384589701,
    "change_auroc": 0.7449680332480789,
    "changed_gain_over_copy": 0.1402224441312383,
    "copy_proto_ce": 3.0393585481900254,
    "copy_top5_changed": 0.5155568120194232,
    "copy_top5_overall": 0.6994234889766539,
    "copy_top5_stable": 0.9999999994375626,
    "future_trace_coord_error": 0.48867128994958153,
    "overall_gain_over_copy": 0.08211041215070469,
    "proto_ce": 2.6675769077323683,
    "prototype_count": 64,
    "residual_top5_changed": 0.6557792561506615,
    "residual_top5_overall": 0.7815339011273585,
    "residual_top5_stable": 0.9871116235732209,
    "seed": 123,
    "stable_preservation_drop": 0.012888375864341661,
    "test_item_count": 229
  },
  "free_rollout_path": true,
  "future_candidate_leakage": false,
  "protocol_available": false
}
