{
  "candidate_AP": 0.09245851890107638,
  "candidate_AUROC": 0.5758267168251271,
  "candidate_MRR": 0.3570550117672932,
  "candidate_feature_used_for_rollout": false,
  "candidate_feature_used_for_scoring": true,
  "candidate_positive_rate": 0.06858251057827927,
  "candidate_record_count": 5672,
  "candidate_top1": 0.15025906735751296,
  "dev": {
    "candidate_AP": 0.1081254734189782,
    "candidate_AUROC": 0.6176618808622676,
    "candidate_MRR": 0.37788833652263143,
    "candidate_positive_rate": 0.06780776826859776,
    "candidate_record_count": 3038,
    "candidate_top1": 0.17073170731707318,
    "metric_items": 205
  },
  "full_free_rollout_executed": true,
  "full_model_forward_executed": true,
  "future_candidate_used_as_input": false,
  "generated_at_utc": "2026-04-28T15:19:04.276687+00:00",
  "heldout": {
    "candidate_AP": 0.07900148566246935,
    "candidate_AUROC": 0.5281618074924254,
    "candidate_MRR": 0.3334592572101429,
    "candidate_positive_rate": 0.06947608200455581,
    "candidate_record_count": 2634,
    "candidate_top1": 0.1270718232044199,
    "metric_items": 181
  },
  "metric_items": 386,
  "mode": "posterior_v5_no_distance",
  "old_association_report_used": false,
  "per_subset_breakdown": {
    "OOD_hard": {
      "candidate_AP": null,
      "candidate_AUROC": null,
      "candidate_MRR": null,
      "candidate_positive_rate": null,
      "candidate_record_count": 0,
      "candidate_top1": null,
      "metric_items": 0
    },
    "appearance_change": {
      "candidate_AP": 0.15678095245087129,
      "candidate_AUROC": 0.5303372248056973,
      "candidate_MRR": 0.46349246124934873,
      "candidate_positive_rate": 0.1442652329749104,
      "candidate_record_count": 1116,
      "candidate_top1": 0.22784810126582278,
      "metric_items": 158
    },
    "crossing_ambiguity": {
      "candidate_AP": 0.07210631797620332,
      "candidate_AUROC": 0.5754474248223219,
      "candidate_MRR": 0.3138147154502807,
      "candidate_positive_rate": 0.05753476852733854,
      "candidate_record_count": 5249,
      "candidate_top1": 0.11920529801324503,
      "metric_items": 302
    },
    "long_gap_persistence": {
      "candidate_AP": 0.2933958694458548,
      "candidate_AUROC": 0.579002079002079,
      "candidate_MRR": 0.5482829670329669,
      "candidate_positive_rate": 0.21940928270042195,
      "candidate_record_count": 237,
      "candidate_top1": 0.3076923076923077,
      "metric_items": 52
    },
    "occlusion_reappearance": {
      "candidate_AP": 0.17089853151121834,
      "candidate_AUROC": 0.5330754708293042,
      "candidate_MRR": 0.4813186380684509,
      "candidate_positive_rate": 0.12932790224032586,
      "candidate_record_count": 982,
      "candidate_top1": 0.25196850393700787,
      "metric_items": 127
    }
  },
  "score_components_used": [
    "target_candidate_appearance_score",
    "aligned_predicted_semantic_score",
    "aligned_predicted_identity_score",
    "visibility_reappearance_priors"
  ],
  "source_dataset": "reports/stwm_semantic_state_measurement_alignment_dataset_v1_20260428.json",
  "stage2_val_fallback_used": false
}
