{
  "batch_size": 32,
  "checkpoint_path": "outputs/checkpoints/stwm_ostf_v34_1_identity_bound_semantic_trace_units_h32_m128/v34_1_identity_bound_semantic_trace_units_m128_h32_seed42_best.pt",
  "complete_train_sample_count": 128,
  "duration_seconds": 3531.4576320648193,
  "fresh_training_completed": true,
  "future_leakage_detected": false,
  "generated_at_utc": "2026-05-11T06:59:33.051429+00:00",
  "identity_bound_model_built": true,
  "loss_tail": [
    {
      "future_semantic_rollout": 0.3872223198413849,
      "identity_bce": 0.25106316804885864,
      "identity_contrastive": 4.9371466636657715,
      "identity_hard_bce": 0.20933152735233307,
      "loss": 3.8560843467712402,
      "observed_semantic_reconstruction": 0.3243371844291687,
      "point_assignment_entropy": 0.6379227042198181,
      "same_instance_assignment_consistency": 0.3433550000190735,
      "semantic_hard_loss": 0.3574203848838806,
      "semantic_uncertainty_calibration": 0.08546804636716843,
      "step": 1491.0,
      "unit_assignment_ce": 1.681997537612915,
      "unit_usage_entropy": 0.7615783214569092
    },
    {
      "future_semantic_rollout": 0.38417869806289673,
      "identity_bce": 0.22629262506961823,
      "identity_contrastive": 5.086985111236572,
      "identity_hard_bce": 0.24620448052883148,
      "loss": 3.840059757232666,
      "observed_semantic_reconstruction": 0.3081243336200714,
      "point_assignment_entropy": 0.6011335849761963,
      "same_instance_assignment_consistency": 0.33787667751312256,
      "semantic_hard_loss": 0.36787909269332886,
      "semantic_uncertainty_calibration": 0.0801863744854927,
      "step": 1492.0,
      "unit_assignment_ce": 1.5361796617507935,
      "unit_usage_entropy": 0.7295225262641907
    },
    {
      "future_semantic_rollout": 0.3934515714645386,
      "identity_bce": 0.19804513454437256,
      "identity_contrastive": 5.019114017486572,
      "identity_hard_bce": 0.22373758256435394,
      "loss": 3.8267059326171875,
      "observed_semantic_reconstruction": 0.32166415452957153,
      "point_assignment_entropy": 0.6273267865180969,
      "same_instance_assignment_consistency": 0.381216824054718,
      "semantic_hard_loss": 0.35147377848625183,
      "semantic_uncertainty_calibration": 0.08537117391824722,
      "step": 1493.0,
      "unit_assignment_ce": 1.6286108493804932,
      "unit_usage_entropy": 0.7427731156349182
    },
    {
      "future_semantic_rollout": 0.3816273808479309,
      "identity_bce": 0.197126567363739,
      "identity_contrastive": 5.035147190093994,
      "identity_hard_bce": 0.26567232608795166,
      "loss": 3.934962749481201,
      "observed_semantic_reconstruction": 0.32206979393959045,
      "point_assignment_entropy": 0.6255287528038025,
      "same_instance_assignment_consistency": 0.34431013464927673,
      "semantic_hard_loss": 0.39060118794441223,
      "semantic_uncertainty_calibration": 0.08307445794343948,
      "step": 1494.0,
      "unit_assignment_ce": 1.6749149560928345,
      "unit_usage_entropy": 0.7523909211158752
    },
    {
      "future_semantic_rollout": 0.38809680938720703,
      "identity_bce": 0.17267248034477234,
      "identity_contrastive": 5.0150556564331055,
      "identity_hard_bce": 0.27162227034568787,
      "loss": 3.873209238052368,
      "observed_semantic_reconstruction": 0.3324894607067108,
      "point_assignment_entropy": 0.6030529141426086,
      "same_instance_assignment_consistency": 0.3342668116092682,
      "semantic_hard_loss": 0.3731505870819092,
      "semantic_uncertainty_calibration": 0.08656857907772064,
      "step": 1495.0,
      "unit_assignment_ce": 1.6153512001037598,
      "unit_usage_entropy": 0.7246271371841431
    },
    {
      "future_semantic_rollout": 0.3853868842124939,
      "identity_bce": 0.2525685429573059,
      "identity_contrastive": 5.0706868171691895,
      "identity_hard_bce": 0.22368337213993073,
      "loss": 3.829314708709717,
      "observed_semantic_reconstruction": 0.29969358444213867,
      "point_assignment_entropy": 0.604099690914154,
      "same_instance_assignment_consistency": 0.32818225026130676,
      "semantic_hard_loss": 0.3777952492237091,
      "semantic_uncertainty_calibration": 0.08718941360712051,
      "step": 1496.0,
      "unit_assignment_ce": 1.531113624572754,
      "unit_usage_entropy": 0.7374451756477356
    },
    {
      "future_semantic_rollout": 0.3889303505420685,
      "identity_bce": 0.27543023228645325,
      "identity_contrastive": 4.9934983253479,
      "identity_hard_bce": 0.21708275377750397,
      "loss": 3.9008474349975586,
      "observed_semantic_reconstruction": 0.3332628011703491,
      "point_assignment_entropy": 0.6197361946105957,
      "same_instance_assignment_consistency": 0.3498169779777527,
      "semantic_hard_loss": 0.3755214810371399,
      "semantic_uncertainty_calibration": 0.08793895691633224,
      "step": 1497.0,
      "unit_assignment_ce": 1.6262127161026,
      "unit_usage_entropy": 0.7428805828094482
    },
    {
      "future_semantic_rollout": 0.39579570293426514,
      "identity_bce": 0.23853302001953125,
      "identity_contrastive": 5.039258003234863,
      "identity_hard_bce": 0.20750920474529266,
      "loss": 3.8641042709350586,
      "observed_semantic_reconstruction": 0.3082537353038788,
      "point_assignment_entropy": 0.6120684742927551,
      "same_instance_assignment_consistency": 0.3461982011795044,
      "semantic_hard_loss": 0.37901127338409424,
      "semantic_uncertainty_calibration": 0.08567970246076584,
      "step": 1498.0,
      "unit_assignment_ce": 1.6298942565917969,
      "unit_usage_entropy": 0.7318324446678162
    },
    {
      "future_semantic_rollout": 0.38057243824005127,
      "identity_bce": 0.22299060225486755,
      "identity_contrastive": 5.026912689208984,
      "identity_hard_bce": 0.21844276785850525,
      "loss": 3.8576009273529053,
      "observed_semantic_reconstruction": 0.3255023956298828,
      "point_assignment_entropy": 0.6216859817504883,
      "same_instance_assignment_consistency": 0.3440566956996918,
      "semantic_hard_loss": 0.3634471595287323,
      "semantic_uncertainty_calibration": 0.08588238805532455,
      "step": 1499.0,
      "unit_assignment_ce": 1.6674121618270874,
      "unit_usage_entropy": 0.7463415861129761
    },
    {
      "future_semantic_rollout": 0.382634699344635,
      "identity_bce": 0.219657301902771,
      "identity_contrastive": 5.060021877288818,
      "identity_hard_bce": 0.29120901226997375,
      "loss": 3.8907480239868164,
      "observed_semantic_reconstruction": 0.30799371004104614,
      "point_assignment_entropy": 0.5910049676895142,
      "same_instance_assignment_consistency": 0.3455933928489685,
      "semantic_hard_loss": 0.36949458718299866,
      "semantic_uncertainty_calibration": 0.08398620039224625,
      "step": 1500.0,
      "unit_assignment_ce": 1.5247068405151367,
      "unit_usage_entropy": 0.7224043607711792
    }
  ],
  "outputs_future_semantic_field": true,
  "outputs_future_trace_field": true,
  "steps": 1500,
  "teacher_as_method": false,
  "trace_conditioned_semantic_units_active": true,
  "train_loss_decreased": true,
  "train_loss_first": {
    "future_semantic_rollout": 0.9833891987800598,
    "identity_bce": 0.6701446175575256,
    "identity_contrastive": 8.374733924865723,
    "identity_hard_bce": 0.6970647573471069,
    "loss": 7.923392295837402,
    "observed_semantic_reconstruction": 1.0319331884384155,
    "point_assignment_entropy": 0.9538520574569702,
    "same_instance_assignment_consistency": 0.744758665561676,
    "semantic_hard_loss": 0.9856362342834473,
    "semantic_uncertainty_calibration": 0.11257275938987732,
    "step": 1.0,
    "unit_assignment_ce": 2.4397122859954834,
    "unit_usage_entropy": 0.972523033618927
  },
  "train_loss_last": {
    "future_semantic_rollout": 0.382634699344635,
    "identity_bce": 0.219657301902771,
    "identity_contrastive": 5.060021877288818,