{
  "generated_at_utc": "2026-04-25T09:18:26.107198+00:00",
  "official_tusb_method": "TUSB-v3.1::official(best_semantic_hard.pt+trace_belief_assoc)",
  "panels": {
    "densified_200_context_preserving": {
      "vs_calibration": {
        "overall_top1": {
          "count": 894,
          "mean_delta": 0.30201342281879195,
          "ci95_low": 0.2639821029082774,
          "ci95_high": 0.3400447427293065,
          "zero_excluded": true,
          "bootstrap_win_rate": 0.36465324384787473
        },
        "hard_subset_top1": {
          "count": 894,
          "mean_delta": 0.30201342281879195,
          "ci95_low": 0.2639821029082774,
          "ci95_high": 0.3400447427293065,
          "zero_excluded": true,
          "bootstrap_win_rate": 0.36465324384787473
        },
        "ambiguity_top1": {
          "count": 654,
          "mean_delta": 0.27522935779816515,
          "ci95_low": 0.2308868501529052,
          "ci95_high": 0.3180428134556575,
          "zero_excluded": true,
          "bootstrap_win_rate": 0.3302752293577982
        },
        "appearance_change_top1": {
          "count": 600,
          "mean_delta": 0.25,
          "ci95_low": 0.20333333333333334,
          "ci95_high": 0.2966666666666667,
          "zero_excluded": true,
          "bootstrap_win_rate": 0.32666666666666666
        },
        "occlusion_reappearance_top1": {
          "count": 564,
          "mean_delta": 0.3333333333333333,
          "ci95_low": 0.28191489361702127,
          "ci95_high": 0.38475177304964536,
          "zero_excluded": true,
          "bootstrap_win_rate": 0.40070921985815605
        },
        "long_gap_persistence_top1": {
          "count": 276,
          "mean_delta": 0.3188405797101449,
          "ci95_low": 0.2463768115942029,
          "ci95_high": 0.38768115942028986,
          "zero_excluded": true,
          "bootstrap_win_rate": 0.391304347826087
        }
      },
      "vs_cropenc": {
        "overall_top1": {
          "count": 894,
          "mean_delta": 0.30089485458612975,
          "ci95_low": 0.26286353467561524,
          "ci95_high": 0.3400447427293065,
          "zero_excluded": true,
          "bootstrap_win_rate": 0.36129753914988816
        },
        "hard_subset_top1": {
          "count": 894,
          "mean_delta": 0.30089485458612975,
          "ci95_low": 0.26174496644295303,
          "ci95_high": 0.3378076062639821,
          "zero_excluded": true,
          "bootstrap_win_rate": 0.36129753914988816
        },
        "ambiguity_top1": {
          "count": 654,
          "mean_delta": 0.27675840978593275,
          "ci95_low": 0.23543577981651376,
          "ci95_high": 0.3195718654434251,
          "zero_excluded": true,
          "bootstrap_win_rate": 0.3287461773700306
        },
        "appearance_change_top1": {
          "count": 600,
          "mean_delta": 0.255,
          "ci95_low": 0.21,
          "ci95_high": 0.3,
          "zero_excluded": true,
          "bootstrap_win_rate": 0.33
        },
        "occlusion_reappearance_top1": {
          "count": 564,
          "mean_delta": 0.33156028368794327,
          "ci95_low": 0.28191489361702127,
          "ci95_high": 0.38120567375886527,
          "zero_excluded": true,
          "bootstrap_win_rate": 0.3971631205673759
        },
        "long_gap_persistence_top1": {
          "count": 276,
          "mean_delta": 0.286231884057971,
          "ci95_low": 0.21739130434782608,
          "ci95_high": 0.358695652173913,
          "zero_excluded": true,
          "bootstrap_win_rate": 0.36594202898550726
        }
      },
      "vs_legacysem": {
        "overall_top1": {
          "count": 894,
          "mean_delta": 0.29642058165548096,
          "ci95_low": 0.2594798657718121,
          "ci95_high": 0.3333333333333333,
          "zero_excluded": true,
          "bootstrap_win_rate": 0.36017897091722595
        },
        "hard_subset_top1": {
          "count": 894,
          "mean_delta": 0.29642058165548096,
          "ci95_low": 0.25727069351230425,
          "ci95_high": 0.3344519015659955,
          "zero_excluded": true,
          "bootstrap_win_rate": 0.36017897091722595
        },
        "ambiguity_top1": {
          "count": 654,
          "mean_delta": 0.26299694189602446,
          "ci95_low": 0.22018348623853212,
          "ci95_high": 0.3073394495412844,
          "zero_excluded": true,
          "bootstrap_win_rate": 0.3241590214067278
        },
        "appearance_change_top1": {
          "count": 600,
          "mean_delta": 0.25333333333333335,
          "ci95_low": 0.20833333333333334,
          "ci95_high": 0.3,
          "zero_excluded": true,
          "bootstrap_win_rate": 0.3283333333333333
        },
        "occlusion_reappearance_top1": {
          "count": 564,
          "mean_delta": 0.3280141843971631,
          "ci95_low": 0.2801418439716312,
          "ci95_high": 0.37770390070922005,
          "zero_excluded": true,
          "bootstrap_win_rate": 0.3971631205673759
        },
        "long_gap_persistence_top1": {
          "count": 276,
          "mean_delta": 0.2826086956521739,
          "ci95_low": 0.21014492753623187,
          "ci95_high": 0.35507246376811596,
          "zero_excluded": true,
          "bootstrap_win_rate": 0.3695652173913043
        }
      }
    },
    "protocol_v3_extended_600_context_preserving": {
      "vs_calibration": {
        "overall_top1": {
          "count": 2220,
          "mean_delta": 0.3644144144144144,
          "ci95_low": 0.3400900900900901,
          "ci95_high": 0.38828828828828826,
          "zero_excluded": true,
          "bootstrap_win_rate": 0.41306306306306306
        },
        "hard_subset_top1": {
          "count": 2220,
          "mean_delta": 0.3644144144144144,
          "ci95_low": 0.340990990990991,
          "ci95_high": 0.3882995495495496,
          "zero_excluded": true,
          "bootstrap_win_rate": 0.41306306306306306
        },
        "ambiguity_top1": {
          "count": 1698,
          "mean_delta": 0.34393404004711425,
          "ci95_low": 0.31625441696113077,
          "ci95_high": 0.3698616018845702,
          "zero_excluded": true,
          "bootstrap_win_rate": 0.3916372202591284
        },
        "appearance_change_top1": {
          "count": 888,
          "mean_delta": 0.28040540540540543,
          "ci95_low": 0.240990990990991,
          "ci95_high": 0.31981981981981983,
          "zero_excluded": true,
          "bootstrap_win_rate": 0.35135135135135137
        },
        "occlusion_reappearance_top1": {
          "count": 720,
          "mean_delta": 0.38333333333333336,
          "ci95_low": 0.3402777777777778,
          "ci95_high": 0.4263888888888889,
          "zero_excluded": true,
          "bootstrap_win_rate": 0.44027777777777777
        },
        "long_gap_persistence_top1": {
          "count": 312,
          "mean_delta": 0.3557692307692308,
          "ci95_low": 0.28525641025641024,
          "ci95_high": 0.4230769230769231,
          "zero_excluded": true,
          "bootstrap_win_rate": 0.4230769230769231
        }
      },
      "vs_cropenc": {
        "overall_top1": {
          "count": 2220,
          "mean_delta": 0.3675675675675676,
          "ci95_low": 0.3436936936936937,
          "ci95_high": 0.3905518018018018,
          "zero_excluded": true,
          "bootstrap_win_rate": 0.41396396396396395
        },
        "hard_subset_top1": {
          "count": 2220,
          "mean_delta": 0.3675675675675676,
          "ci95_low": 0.3436936936936937,
          "ci95_high": 0.39144144144144144,
          "zero_excluded": true,
          "bootstrap_win_rate": 0.41396396396396395
        },
        "ambiguity_top1": {
          "count": 1698,
          "mean_delta": 0.3504122497055359,
          "ci95_low": 0.3244994110718492,
          "ci95_high": 0.37692873969375745,
          "zero_excluded": true,
          "bootstrap_win_rate": 0.3945818610129564
        },