{
  "candidate_AP": 0.0859169276581936,
  "candidate_AUROC": 0.5726244193068225,
  "candidate_MRR": 0.36909990609474663,
  "candidate_feature_used_for_rollout": false,
  "candidate_feature_used_for_scoring": true,
  "candidate_positive_rate": 0.06858251057827927,
  "candidate_record_count": 5672,
  "candidate_top1": 0.16580310880829016,
  "dev": {
    "candidate_AP": 0.0808536141911091,
    "candidate_AUROC": 0.5678446053425484,
    "candidate_MRR": 0.3421043035313971,
    "candidate_positive_rate": 0.06780776826859776,
    "candidate_record_count": 3038,
    "candidate_top1": 0.12195121951219512,
    "metric_items": 205
  },
  "full_free_rollout_executed": true,
  "full_model_forward_executed": true,
  "future_candidate_used_as_input": false,
  "generated_at_utc": "2026-04-28T15:19:03.475205+00:00",
  "heldout": {
    "candidate_AP": 0.09680166269765651,
    "candidate_AUROC": 0.5784947818778106,
    "candidate_MRR": 0.3996750360698116,
    "candidate_positive_rate": 0.06947608200455581,
    "candidate_record_count": 2634,
    "candidate_top1": 0.2154696132596685,
    "metric_items": 181
  },
  "metric_items": 386,
  "mode": "posterior_v5_no_appearance",
  "old_association_report_used": false,
  "per_subset_breakdown": {
    "OOD_hard": {
      "candidate_AP": null,
      "candidate_AUROC": null,
      "candidate_MRR": null,
      "candidate_positive_rate": null,
      "candidate_record_count": 0,
      "candidate_top1": null,
      "metric_items": 0
    },
    "appearance_change": {
      "candidate_AP": 0.15014872384164427,
      "candidate_AUROC": 0.5215310071217196,
      "candidate_MRR": 0.47589208542603567,
      "candidate_positive_rate": 0.1442652329749104,
      "candidate_record_count": 1116,
      "candidate_top1": 0.25949367088607594,
      "metric_items": 158
    },
    "crossing_ambiguity": {
      "candidate_AP": 0.077400570702192,
      "candidate_AUROC": 0.5865753142248229,
      "candidate_MRR": 0.333104515736994,
      "candidate_positive_rate": 0.05753476852733854,
      "candidate_record_count": 5249,
      "candidate_top1": 0.1423841059602649,
      "metric_items": 302
    },
    "long_gap_persistence": {
      "candidate_AP": 0.2624365279864907,
      "candidate_AUROC": 0.5655925155925156,
      "candidate_MRR": 0.5525869963369963,
      "candidate_positive_rate": 0.21940928270042195,
      "candidate_record_count": 237,
      "candidate_top1": 0.28846153846153844,
      "metric_items": 52
    },
    "occlusion_reappearance": {
      "candidate_AP": 0.12179071965277699,
      "candidate_AUROC": 0.4731592761431137,
      "candidate_MRR": 0.4629147961084945,
      "candidate_positive_rate": 0.12932790224032586,
      "candidate_record_count": 982,
      "candidate_top1": 0.2283464566929134,
      "metric_items": 127
    }
  },
  "score_components_used": [
    "distance_score",
    "aligned_predicted_semantic_score",
    "aligned_predicted_identity_score",
    "visibility_reappearance_priors"
  ],
  "source_dataset": "reports/stwm_semantic_state_measurement_alignment_dataset_v1_20260428.json",
  "stage2_val_fallback_used": false
}
