{
  "assignment_contrast_loss": {
    "active": true,
    "first": 0.6961582899093628,
    "last": 0.6455799341201782,
    "mean": 0.6648685877973383
  },
  "checkpoint_path": "outputs/checkpoints/stwm_ostf_v34_18_topk_evidence_oracle_residual_probe_h32_m128/v34_18_topk_evidence_oracle_residual_probe_m128_h32_seed42_best.pt",
  "duration_seconds": 1029.6980171203613,
  "fresh_training_completed": true,
  "future_leakage_detected": false,
  "generated_at_utc": "2026-05-13T13:52:19.110053+00:00",
  "init_checkpoint": {
    "selector_frozen": true,
    "selector_init_source": "outputs/checkpoints/stwm_ostf_v34_14_horizon_conditioned_measurement_selector_h32_m128/v34_14_horizon_conditioned_measurement_selector_m128_h32_seed42_best.pt"
  },
  "loss_trace": [
    {
      "assignment_contrast_loss": 0.6961582899093628,
      "different_instance_unit_separation": 0.07612331956624985,
      "final_semantic_target_loss": 0.9983692169189453,
      "loss": 4.4590373039245605,
      "point_assignment_entropy": 0.9308755397796631,
      "same_instance_pair_attraction": 2.4902384281158447,
      "semantic_measurement_causal_contrast_loss": 0.6963938474655151,
      "stable_preservation_loss": -3.292972650115189e-08,
      "step": 1.0,
      "topk_raw_evidence_loss": 0.7739195227622986,
      "unit_anti_collapse": 0.03787112236022949,
      "unit_memory_target_loss": 1.0033118724822998,
      "unit_usage_entropy": 0.9621288776397705
    },
    {
      "assignment_contrast_loss": 0.6958062052726746,
      "different_instance_unit_separation": 0.22716708481311798,
      "final_semantic_target_loss": 0.8005297183990479,
      "loss": 3.504565954208374,
      "point_assignment_entropy": 0.4676433801651001,
      "same_instance_pair_attraction": 0.49139338731765747,
      "semantic_measurement_causal_contrast_loss": 0.6919445395469666,
      "stable_preservation_loss": -4.270305353770709e-08,
      "step": 150.0,
      "topk_raw_evidence_loss": 0.8329369425773621,
      "unit_anti_collapse": 0.3167528510093689,
      "unit_memory_target_loss": 0.6703717708587646,
      "unit_usage_entropy": 0.6832471489906311
    },
    {
      "assignment_contrast_loss": 0.6883592009544373,
      "different_instance_unit_separation": 0.15536530315876007,
      "final_semantic_target_loss": 0.7302920818328857,
      "loss": 3.2516849040985107,
      "point_assignment_entropy": 0.4590628743171692,
      "same_instance_pair_attraction": 0.43948766589164734,
      "semantic_measurement_causal_contrast_loss": 0.6947021484375,
      "stable_preservation_loss": -3.277452265137981e-08,
      "step": 300.0,
      "topk_raw_evidence_loss": 0.8150256872177124,
      "unit_anti_collapse": 0.2840844988822937,
      "unit_memory_target_loss": 0.5679139494895935,
      "unit_usage_entropy": 0.7159155011177063
    },
    {
      "assignment_contrast_loss": 0.6779717206954956,
      "different_instance_unit_separation": 0.1924225389957428,
      "final_semantic_target_loss": 0.727533221244812,
      "loss": 3.2656195163726807,
      "point_assignment_entropy": 0.3349294066429138,
      "same_instance_pair_attraction": 0.3109877109527588,
      "semantic_measurement_causal_contrast_loss": 0.688797116279602,
      "stable_preservation_loss": -3.2722649478955645e-08,
      "step": 450.0,
      "topk_raw_evidence_loss": 0.8430833220481873,
      "unit_anti_collapse": 0.36722683906555176,
      "unit_memory_target_loss": 0.569894552230835,
      "unit_usage_entropy": 0.6327731609344482
    },
    {
      "assignment_contrast_loss": 0.6731059551239014,
      "different_instance_unit_separation": 0.1303470879793167,
      "final_semantic_target_loss": 0.7102246880531311,
      "loss": 3.1235690116882324,
      "point_assignment_entropy": 0.4077927768230438,
      "same_instance_pair_attraction": 0.45829465985298157,
      "semantic_measurement_causal_contrast_loss": 0.6845988631248474,
      "stable_preservation_loss": -3.5015556676398774e-08,
      "step": 600.0,
      "topk_raw_evidence_loss": 0.817552387714386,
      "unit_anti_collapse": 0.2698094844818115,
      "unit_memory_target_loss": 0.485533207654953,
      "unit_usage_entropy": 0.7301905155181885
    },
    {
      "assignment_contrast_loss": 0.6529690623283386,
      "different_instance_unit_separation": 0.1236715242266655,
      "final_semantic_target_loss": 0.6337828040122986,
      "loss": 2.958615779876709,
      "point_assignment_entropy": 0.3427959084510803,
      "same_instance_pair_attraction": 0.34779104590415955,
      "semantic_measurement_causal_contrast_loss": 0.6745644211769104,
      "stable_preservation_loss": -3.841986284669474e-08,
      "step": 750.0,
      "topk_raw_evidence_loss": 0.7626399993896484,
      "unit_anti_collapse": 0.3150935769081116,
      "unit_memory_target_loss": 0.47558268904685974,
      "unit_usage_entropy": 0.6849064230918884
    },
    {
      "assignment_contrast_loss": 0.659583568572998,
      "different_instance_unit_separation": 0.12017073482275009,
      "final_semantic_target_loss": 0.6368906497955322,
      "loss": 2.946004867553711,
      "point_assignment_entropy": 0.346204549074173,
      "same_instance_pair_attraction": 0.3856149911880493,
      "semantic_measurement_causal_contrast_loss": 0.6672243475914001,
      "stable_preservation_loss": -3.304435836071207e-08,
      "step": 900.0,
      "topk_raw_evidence_loss": 0.8162781000137329,
      "unit_anti_collapse": 0.29372483491897583,
      "unit_memory_target_loss": 0.4232238531112671,
      "unit_usage_entropy": 0.7062751650810242
    },
    {
      "assignment_contrast_loss": 0.6625729203224182,
      "different_instance_unit_separation": 0.13383285701274872,
      "final_semantic_target_loss": 0.5857467651367188,
      "loss": 2.8327555656433105,
      "point_assignment_entropy": 0.3235737979412079,
      "same_instance_pair_attraction": 0.2759020924568176,
      "semantic_measurement_causal_contrast_loss": 0.6685386896133423,
      "stable_preservation_loss": -3.138975657179799e-08,
      "step": 1050.0,
      "topk_raw_evidence_loss": 0.7986475825309753,
      "unit_anti_collapse": 0.31833362579345703,
      "unit_memory_target_loss": 0.4012194275856018,
      "unit_usage_entropy": 0.681666374206543
    },
    {
      "assignment_contrast_loss": 0.6507400870323181,
      "different_instance_unit_separation": 0.11339437961578369,
      "final_semantic_target_loss": 0.6755666136741638,
      "loss": 2.9257991313934326,
      "point_assignment_entropy": 0.34361642599105835,
      "same_instance_pair_attraction": 0.3148275911808014,
      "semantic_measurement_causal_contrast_loss": 0.6651034951210022,
      "stable_preservation_loss": -3.609734733345249e-08,
      "step": 1200.0,
      "topk_raw_evidence_loss": 0.8144071698188782,
      "unit_anti_collapse": 0.2656852602958679,
      "unit_memory_target_loss": 0.3951856791973114,
      "unit_usage_entropy": 0.7343147397041321
    },
    {
      "assignment_contrast_loss": 0.6107075214385986,
      "different_instance_unit_separation": 0.12226475030183792,
      "final_semantic_target_loss": 0.5820720791816711,
      "loss": 2.781569480895996,
      "point_assignment_entropy": 0.2976040542125702,
      "same_instance_pair_attraction": 0.25092336535453796,
      "semantic_measurement_causal_contrast_loss": 0.6549891829490662,
      "stable_preservation_loss": -3.698736961155191e-08,
      "step": 1350.0,
      "topk_raw_evidence_loss": 0.800677478313446,
      "unit_anti_collapse": 0.3220459222793579,
      "unit_memory_target_loss": 0.3989686667919159,
      "unit_usage_entropy": 0.6779540777206421
    },
    {
      "assignment_contrast_loss": 0.6455799341201782,
      "different_instance_unit_separation": 0.10599055141210556,
      "final_semantic_target_loss": 0.6194745898246765,
      "loss": 2.8382861614227295,
      "point_assignment_entropy": 0.2857576906681061,
      "same_instance_pair_attraction": 0.2333381325006485,