{
  "best_candidate_by_val": "v33_8_v33_6_global_contrastive_baseline_seed42",
  "best_candidate_test_confirmed": false,
  "complete_coverage_ratio_by_split": {
    "test": 1.0,
    "train": 1.0,
    "val": 1.0
  },
  "complete_train_sample_count": 128,
  "coverage_expanded_vs_v33_7": true,
  "generated_at_utc": "2026-05-10T07:32:13.012156+00:00",
  "hard_identity_ROC_AUC_test": {
    "mean": 0.5872515402269946,
    "std": 0.001127053906944852,
    "worst": 0.5858907762292919
  },
  "hard_identity_ROC_AUC_val": {
    "mean": 0.6261601539017337,
    "std": 0.0004996409751998904,
    "worst": 0.625487608980682
  },
  "identity_retrieval_exclude_same_point_top1_test": {
    "mean": 0.4978841145833333,
    "std": 0.005954673870418853,
    "worst": 0.4921875
  },
  "identity_retrieval_exclude_same_point_top1_val": {
    "mean": 0.5785319010416666,
    "std": 0.009991554296528189,
    "worst": 0.56884765625
  },
  "identity_retrieval_same_frame_top1_test": {
    "mean": 0.20017954994293838,
    "std": 0.005507171221449641,
    "worst": 0.19364714887102946
  },
  "identity_retrieval_same_frame_top1_val": {
    "mean": 0.35630836901930835,
    "std": 0.005570881154527304,
    "worst": 0.34932876321051126
  },
  "identity_signal_stable": false,
  "integrated_identity_field_claim_allowed": false,
  "integrated_semantic_field_claim_allowed": false,
  "recommended_next_step": "fix_identity_belief_calibration",
  "semantic_proto_top1_test": {
    "mean": 0.36460393708203825,
    "std": 0.0,
    "worst": 0.36460393708203825
  },
  "semantic_proto_top1_val": {
    "mean": 0.32250630507794037,
    "std": 0.0,
    "worst": 0.32250630507794037
  },
  "semantic_proto_top5_test": {
    "mean": 0.7702029667475919,
    "std": 0.0,
    "worst": 0.7702029667475919
  },
  "semantic_proto_top5_val": {
    "mean": 0.676130208747224,
    "std": 1.1102230246251565e-16,
    "worst": 0.6761302087472238
  },
  "semantic_ranking_signal_stable": false,
  "semantic_top1_copy_beaten": false,
  "semantic_top5_copy_beaten": false,
  "target_coverage_pass": true,
  "trajectory_degraded": false,
  "val_calibrated_balanced_accuracy_test": {
    "mean": 0.5591145057657122,
    "std": 0.0011771373764820426,
    "worst": 0.5576890345091698
  },
  "val_calibrated_balanced_accuracy_val": {
    "mean": 0.5914284439088617,
    "std": 0.00036396211712081376,
    "worst": 0.590915177077057
  },
  "visualization_ready": true
}
