{
  "generated_at_utc": "2026-04-23T07:05:34.475553+00:00",
  "panel_name": "densified_200_context_preserving",
  "split_used": "test",
  "best_checkpoint_under_hybrid": "best_semantic_hard.pt",
  "comparisons": {
    "official_hybrid_vs_bestpt_coordonly": {
      "overall_top1": {
        "count": 894,
        "mean_delta": 0.03131991051454139,
        "ci95_low": 0.003355704697986577,
        "ci95_high": 0.058165548098434,
        "zero_excluded": true,
        "bootstrap_win_rate": 0.10514541387024609
      },
      "hard_subset_top1": {
        "count": 894,
        "mean_delta": 0.03131991051454139,
        "ci95_low": 0.0022371364653243847,
        "ci95_high": 0.0592841163310962,
        "zero_excluded": true,
        "bootstrap_win_rate": 0.10514541387024609
      },
      "ambiguity_top1": {
        "count": 654,
        "mean_delta": 0.04434250764525994,
        "ci95_low": 0.012194189602446497,
        "ci95_high": 0.0764525993883792,
        "zero_excluded": true,
        "bootstrap_win_rate": 0.11926605504587157
      },
      "appearance_change_top1": {
        "count": 600,
        "mean_delta": 0.016666666666666666,
        "ci95_low": -0.018333333333333333,
        "ci95_high": 0.05,
        "zero_excluded": false,
        "bootstrap_win_rate": 0.095
      },
      "occlusion_reappearance_top1": {
        "count": 564,
        "mean_delta": 0.030141843971631204,
        "ci95_low": -0.005319148936170213,
        "ci95_high": 0.06387411347517746,
        "zero_excluded": false,
        "bootstrap_win_rate": 0.10283687943262411
      },
      "long_gap_persistence_top1": {
        "count": 276,
        "mean_delta": 0.03260869565217391,
        "ci95_low": -0.018115942028985508,
        "ci95_high": 0.08333333333333333,
        "zero_excluded": false,
        "bootstrap_win_rate": 0.11231884057971014
      }
    },
    "official_hybrid_vs_legacysem": {
      "overall_top1": {
        "count": 894,
        "mean_delta": 0.03803131991051454,
        "ci95_low": 0.008948545861297539,
        "ci95_high": 0.06823266219239374,
        "zero_excluded": true,
        "bootstrap_win_rate": 0.12304250559284116
      },
      "hard_subset_top1": {
        "count": 894,
        "mean_delta": 0.03803131991051454,
        "ci95_low": 0.007829977628635347,
        "ci95_high": 0.06823266219239374,
        "zero_excluded": true,
        "bootstrap_win_rate": 0.12304250559284116
      },
      "ambiguity_top1": {
        "count": 654,
        "mean_delta": 0.04434250764525994,
        "ci95_low": 0.009174311926605505,
        "ci95_high": 0.07951070336391437,
        "zero_excluded": true,
        "bootstrap_win_rate": 0.12538226299694188
      },
      "appearance_change_top1": {
        "count": 600,
        "mean_delta": 0.025,
        "ci95_low": -0.01,
        "ci95_high": 0.06166666666666667,
        "zero_excluded": false,
        "bootstrap_win_rate": 0.115
      },
      "occlusion_reappearance_top1": {
        "count": 564,
        "mean_delta": 0.03723404255319149,
        "ci95_low": 0.0,
        "ci95_high": 0.07624113475177305,
        "zero_excluded": false,
        "bootstrap_win_rate": 0.12588652482269502
      },
      "long_gap_persistence_top1": {
        "count": 276,
        "mean_delta": 0.018115942028985508,
        "ci95_low": -0.043478260869565216,
        "ci95_high": 0.07971014492753623,
        "zero_excluded": false,
        "bootstrap_win_rate": 0.14492753623188406
      }
    }
  },
  "bootstrap_zero_excluded_vs_legacysem": true
}
