{
  "candidate_AP": 0.09717938548527408,
  "candidate_AUROC": 0.6158069828043612,
  "candidate_MRR": 0.42436349892199215,
  "candidate_feature_used_for_rollout": false,
  "candidate_feature_used_for_scoring": true,
  "candidate_positive_rate": 0.06808961016052213,
  "candidate_record_count": 5669,
  "candidate_score_mode": "posterior_v7_no_appearance",
  "candidate_top1": 0.22279792746113988,
  "dev": {
    "candidate_AP": 0.10164192712362533,
    "candidate_AUROC": 0.650440953562078,
    "candidate_MRR": 0.44904781365197405,
    "candidate_positive_rate": 0.0675008231807705,
    "candidate_record_count": 3037,
    "candidate_top1": 0.24390243902439024,
    "metric_items": 205
  },
  "full_free_rollout_executed": true,
  "full_model_forward_executed": true,
  "future_candidate_used_as_input": false,
  "generated_at_utc": "2026-04-28T16:54:51.411518+00:00",
  "heldout": {
    "candidate_AP": 0.0948935828068408,
    "candidate_AUROC": 0.574831335050977,
    "candidate_MRR": 0.39640612588527274,
    "candidate_positive_rate": 0.06876899696048633,
    "candidate_record_count": 2632,
    "candidate_top1": 0.19889502762430938,
    "metric_items": 181
  },
  "metric_items": 386,
  "mode": "posterior_v7_no_appearance",
  "old_association_report_used": false,
  "per_subset_breakdown": {
    "OOD_hard": {
      "candidate_AP": null,
      "candidate_AUROC": null,
      "candidate_MRR": null,
      "candidate_positive_rate": null,
      "candidate_record_count": 0,
      "candidate_top1": null,
      "metric_items": 0
    },
    "appearance_change": {
      "candidate_AP": 0.16803462684756112,
      "candidate_AUROC": 0.5880575253495924,
      "candidate_MRR": 0.5376422525047578,
      "candidate_positive_rate": 0.14195867026055706,
      "candidate_record_count": 1113,
      "candidate_top1": 0.31645569620253167,
      "metric_items": 158
    },
    "crossing_ambiguity": {
      "candidate_AP": 0.09153950308056218,
      "candidate_AUROC": 0.6440996416317603,
      "candidate_MRR": 0.37667542135945575,
      "candidate_positive_rate": 0.05753476852733854,
      "candidate_record_count": 5249,
      "candidate_top1": 0.18543046357615894,
      "metric_items": 302
    },
    "long_gap_persistence": {
      "candidate_AP": 0.2959126742948994,
      "candidate_AUROC": 0.5886694386694387,
      "candidate_MRR": 0.5839743589743589,
      "candidate_positive_rate": 0.21940928270042195,
      "candidate_record_count": 237,
      "candidate_top1": 0.34615384615384615,
      "metric_items": 52
    },
    "occlusion_reappearance": {
      "candidate_AP": 0.14412450435078714,
      "candidate_AUROC": 0.5480222866878482,
      "candidate_MRR": 0.5284696649760886,
      "candidate_positive_rate": 0.12932790224032586,
      "candidate_record_count": 982,
      "candidate_top1": 0.30708661417322836,
      "metric_items": 127
    }
  },
  "predicted_candidate_index_0_ratio": 0.12694300518134716,
  "score_tie_rate": 0.0,
  "stage2_val_fallback_used": false
}
