{
  "batch_size": 64,
  "checkpoint_path": "outputs/checkpoints/stwm_ostf_v33_12_copy_conservative_semantic_h32_m128/v33_12_copy_conservative_semantic_m128_h32_seed42_best.pt",
  "complete_train_sample_count": 128,
  "completed": true,
  "copy_residual_target_root": "outputs/cache/stwm_ostf_v33_12_copy_conservative_semantic_targets/pointodyssey/clip_vit_b32_local/K256",
  "duration_seconds": 1100.8153793811798,
  "experiment_name": "v33_12_copy_conservative_semantic_m128_h32_seed42",
  "fresh_training_completed": true,
  "future_teacher_leakage_detected": false,
  "gate_threshold": 0.1,
  "generated_at_utc": "2026-05-10T13:46:57.454482+00:00",
  "identity_path_frozen_or_distilled": true,
  "identity_teacher_checkpoint_loaded": true,
  "integrated_v30_backbone_used": true,
  "loss_tail": [
    {
      "changed_gate_mean": 0.6967771649360657,
      "identity_distillation_loss": 0.0,
      "loss": 2.781548023223877,
      "semantic_change_gate_focal_bce": 0.05038783699274063,
      "semantic_changed_ce": 1.2634638547897339,
      "semantic_full_ce": 0.20395337045192719,
      "semantic_hard_ce": 0.7707163095474243,
      "semantic_stable_ce": 0.02790559083223343,
      "stable_gate_mean": 0.5386084318161011,
      "stable_margin_loss": 0.055853892117738724,
      "step": 1791.0
    },
    {
      "changed_gate_mean": 0.6971982717514038,
      "identity_distillation_loss": 0.0,
      "loss": 2.751859188079834,
      "semantic_change_gate_focal_bce": 0.047013163566589355,
      "semantic_changed_ce": 1.2588520050048828,
      "semantic_full_ce": 0.20758916437625885,
      "semantic_hard_ce": 0.7684425711631775,
      "semantic_stable_ce": 0.02640712819993496,
      "stable_gate_mean": 0.5368633270263672,
      "stable_margin_loss": 0.04877496510744095,
      "step": 1792.0
    },
    {
      "changed_gate_mean": 0.698271632194519,
      "identity_distillation_loss": 0.0,
      "loss": 2.761667251586914,
      "semantic_change_gate_focal_bce": 0.048538677394390106,
      "semantic_changed_ce": 1.2507308721542358,
      "semantic_full_ce": 0.21390315890312195,
      "semantic_hard_ce": 0.7727378010749817,
      "semantic_stable_ce": 0.027912646532058716,
      "stable_gate_mean": 0.5393126010894775,
      "stable_margin_loss": 0.05161849036812782,
      "step": 1793.0
    },
    {
      "changed_gate_mean": 0.6967247128486633,
      "identity_distillation_loss": 0.0,
      "loss": 2.772364377975464,
      "semantic_change_gate_focal_bce": 0.04728914424777031,
      "semantic_changed_ce": 1.2700101137161255,
      "semantic_full_ce": 0.19862867891788483,
      "semantic_hard_ce": 0.7648242115974426,
      "semantic_stable_ce": 0.027530692517757416,
      "stable_gate_mean": 0.537165641784668,
      "stable_margin_loss": 0.05377817526459694,
      "step": 1794.0
    },
    {
      "changed_gate_mean": 0.696860134601593,
      "identity_distillation_loss": 0.0,
      "loss": 2.7412924766540527,
      "semantic_change_gate_focal_bce": 0.04894488304853439,
      "semantic_changed_ce": 1.2642426490783691,
      "semantic_full_ce": 0.2018415778875351,
      "semantic_hard_ce": 0.7400301098823547,
      "semantic_stable_ce": 0.026787247508764267,
      "stable_gate_mean": 0.5373058915138245,
      "stable_margin_loss": 0.053489625453948975,
      "step": 1795.0
    },
    {
      "changed_gate_mean": 0.6974993944168091,
      "identity_distillation_loss": 0.0,
      "loss": 2.790349006652832,
      "semantic_change_gate_focal_bce": 0.047779977321624756,
      "semantic_changed_ce": 1.2573401927947998,
      "semantic_full_ce": 0.21015456318855286,
      "semantic_hard_ce": 0.7969165444374084,
      "semantic_stable_ce": 0.028019586578011513,
      "stable_gate_mean": 0.538506805896759,
      "stable_margin_loss": 0.05127425491809845,
      "step": 1796.0
    },
    {
      "changed_gate_mean": 0.6995769739151001,
      "identity_distillation_loss": 0.0,
      "loss": 2.7779862880706787,
      "semantic_change_gate_focal_bce": 0.04346960037946701,
      "semantic_changed_ce": 1.2451200485229492,
      "semantic_full_ce": 0.21998322010040283,
      "semantic_hard_ce": 0.8002942204475403,
      "semantic_stable_ce": 0.027640454471111298,
      "stable_gate_mean": 0.5376508235931396,
      "stable_margin_loss": 0.05237933620810509,
      "step": 1797.0
    },
    {
      "changed_gate_mean": 0.694076418876648,
      "identity_distillation_loss": 0.0,
      "loss": 2.7586772441864014,
      "semantic_change_gate_focal_bce": 0.05472541227936745,
      "semantic_changed_ce": 1.279223918914795,
      "semantic_full_ce": 0.19209414720535278,
      "semantic_hard_ce": 0.73949134349823,
      "semantic_stable_ce": 0.02668287232518196,
      "stable_gate_mean": 0.5378036499023438,
      "stable_margin_loss": 0.05212290957570076,
      "step": 1798.0
    },
    {
      "changed_gate_mean": 0.6987535357475281,
      "identity_distillation_loss": 0.0,
      "loss": 2.7712514400482178,
      "semantic_change_gate_focal_bce": 0.0495297871530056,
      "semantic_changed_ce": 1.25606369972229,
      "semantic_full_ce": 0.20803312957286835,
      "semantic_hard_ce": 0.7731704115867615,
      "semantic_stable_ce": 0.028639644384384155,
      "stable_gate_mean": 0.5401501655578613,
      "stable_margin_loss": 0.05185127630829811,
      "step": 1799.0
    },
    {
      "changed_gate_mean": 0.6964000463485718,
      "identity_distillation_loss": 0.0,
      "loss": 2.760908842086792,
      "semantic_change_gate_focal_bce": 0.04586545005440712,
      "semantic_changed_ce": 1.2614552974700928,
      "semantic_full_ce": 0.20400533080101013,
      "semantic_hard_ce": 0.7623904943466187,
      "semantic_stable_ce": 0.027060652151703835,
      "stable_gate_mean": 0.5362833142280579,
      "stable_margin_loss": 0.05515086650848389,
      "step": 1800.0
    }
  ],
  "observed_instance_context_used": false,
  "observed_visual_teacher_context_used": true,
  "residual_update_budget": 0.35,
  "semantic_baseline_bank_root": "outputs/cache/stwm_ostf_v33_12_semantic_baseline_bank/pointodyssey/clip_vit_b32_local/K256",
  "semantic_prototype_target_root": "outputs/cache/stwm_ostf_v33_12_semantic_prototype_targets/pointodyssey/clip_vit_b32_local/K256",
  "steps": 1800,
  "target_root": "outputs/cache/stwm_ostf_v33_8_complete_h32_m128",
  "target_space_info": {
    "K": 256,
    "files_by_split": {
      "test": 169,
      "train": 128,
      "val": 75
    },
    "target_space": "clip_vit_b32_local/K256"
  },
  "train_loss_decreased": true,
  "train_loss_first": {
    "changed_gate_mean": 0.622893214225769,
    "identity_distillation_loss": 0.0,
    "loss": 16.084775924682617,
    "semantic_change_gate_focal_bce": 0.1768486052751541,
    "semantic_changed_ce": 7.926483154296875,
    "semantic_full_ce": 1.4098193645477295,
    "semantic_hard_ce": 4.53688383102417,
    "semantic_stable_ce": 0.4291946291923523,
    "stable_gate_mean": 0.623144805431366,
    "stable_margin_loss": 0.8545315265655518,
    "step": 1.0
  },
  "train_loss_last": {
    "changed_gate_mean": 0.6964000463485718,
    "identity_distillation_loss": 0.0,
    "loss": 2.760908842086792,
    "semantic_change_gate_focal_bce": 0.04586545005440712,
    "semantic_changed_ce": 1.2614552974700928,
    "semantic_full_ce": 0.20400533080101013,
    "semantic_hard_ce": 0.7623904943466187,
    "semantic_stable_ce": 0.027060652151703835,
    "stable_gate_mean": 0.5362833142280579,
    "stable_margin_loss": 0.05515086650848389,
    "step": 1800.0
  },
  "v30_backbone_frozen": true,
  "v30_checkpoint_loaded": true
}
