{
  "audit_name": "stwm_semantic_proto_persistence_baseline_v1",
  "copy_baseline_strong": true,
  "observed_report": "reports/stwm_observed_semantic_prototype_targets_v1_20260428.json",
  "results_by_prototype_count": [
    {
      "changed_subset_count": 814,
      "changed_subset_ratio": 0.6190114068441065,
      "copy_changed_subset": {
        "ce": 3.5180399417877197,
        "top1": 0.0,
        "top5": 0.16216216216216217
      },
      "copy_stable_subset": {
        "ce": 2.5180399417877197,
        "top1": 1.0,
        "top5": 1.0
      },
      "eval_record_count": 1315,
      "frequency": {
        "ce": 3.33589768409729,
        "top1": 0.057034220532319393,
        "top5": 0.3490494296577947
      },
      "future_report": "reports/stwm_future_semantic_trace_prototype_targets_v2_c32_20260428.json",
      "future_target_valid_count": 25472,
      "observed_cache_path": "outputs/cache/stwm_observed_semantic_prototype_targets_v1_20260428/observed_proto_targets_c32.npz",
      "observed_feature_nearest_prototype": {
        "ce": 3.1370513439178467,
        "top1": 0.38098859315589356,
        "top5": 0.48136882129277564
      },
      "observed_last_copy": {
        "ce": 3.1370513439178467,
        "top1": 0.38098859315589356,
        "top5": 0.48136882129277564
      },
      "observed_proto_valid_slot_count": 187,
      "observed_soft_distribution_copy": {
        "ce": 3.401190757751465,
        "top1": 0.38098859315589356,
        "top5": 0.6844106463878327
      },
      "prototype_count": 32,
      "stable_subset_count": 501,
      "target_coverage_ratio": 0.05162531407035176
    },
    {
      "changed_subset_count": 862,
      "changed_subset_ratio": 0.6555133079847909,
      "copy_changed_subset": {
        "ce": 4.185377597808838,
        "top1": 0.0,
        "top5": 0.16937354988399073
      },
      "copy_stable_subset": {
        "ce": 3.1853771209716797,
        "top1": 1.0,
        "top5": 1.0
      },
      "eval_record_count": 1315,
      "frequency": {
        "ce": 3.96042799949646,
        "top1": 0.09429657794676806,
        "top5": 0.21673003802281368
      },
      "future_report": "reports/stwm_future_semantic_trace_prototype_targets_v2_c64_20260428.json",
      "future_target_valid_count": 25472,
      "observed_cache_path": "outputs/cache/stwm_observed_semantic_prototype_targets_v1_20260428/observed_proto_targets_c64.npz",
      "observed_feature_nearest_prototype": {
        "ce": 3.840890884399414,
        "top1": 0.34448669201520915,
        "top5": 0.4555133079847909
      },
      "observed_last_copy": {
        "ce": 3.840890884399414,
        "top1": 0.34448669201520915,
        "top5": 0.4555133079847909
      },
      "observed_proto_valid_slot_count": 187,
      "observed_soft_distribution_copy": {
        "ce": 4.107625484466553,
        "top1": 0.34448669201520915,
        "top5": 0.6091254752851711
      },
      "prototype_count": 64,
      "stable_subset_count": 453,
      "target_coverage_ratio": 0.05162531407035176
    },
    {
      "changed_subset_count": 841,
      "changed_subset_ratio": 0.6395437262357414,
      "copy_changed_subset": {
        "ce": 4.8653645515441895,
        "top1": 0.0,
        "top5": 0.11296076099881094
      },
      "copy_stable_subset": {
        "ce": 3.8653640747070312,
        "top1": 1.0,
        "top5": 1.0
      },
      "eval_record_count": 1315,
      "frequency": {
        "ce": 4.565252780914307,
        "top1": 0.011406844106463879,
        "top5": 0.1247148288973384
      },
      "future_report": "reports/stwm_future_semantic_trace_prototype_targets_v2_20260428.json",
      "future_target_valid_count": 25472,
      "observed_cache_path": "outputs/cache/stwm_observed_semantic_prototype_targets_v1_20260428/observed_proto_targets_c128.npz",
      "observed_feature_nearest_prototype": {
        "ce": 4.504908084869385,
        "top1": 0.36045627376425854,
        "top5": 0.4326996197718631
      },
      "observed_last_copy": {
        "ce": 4.504908084869385,
        "top1": 0.36045627376425854,
        "top5": 0.4326996197718631
      },
      "observed_proto_valid_slot_count": 187,
      "observed_soft_distribution_copy": {
        "ce": 4.813403606414795,
        "top1": 0.36045627376425854,
        "top5": 0.5650190114068441
      },
      "prototype_count": 128,
      "stable_subset_count": 474,
      "target_coverage_ratio": 0.05162531407035176
    }
  ],
  "selected_prototype_count": 32,
  "selection_reason": "highest observed-last copy top5 with low prototype count tie-break",
  "target_coverage_ratio": 0.05162531407035176
}
