{
  "conclusion": "semantic_branch_reduces_masked_CE_slightly_but_proto_top5_remains_below_frequency_baseline",
  "eval_subset_frequency_baseline_top1": 0.042317708333333336,
  "eval_subset_frequency_baseline_top5": 0.1796875,
  "future_trace_coord_error_delta_vs_headonly": 0.0002660631709386352,
  "generated_at_utc": "2026-04-29T05:36:25.666143+00:00",
  "headonly_checkpoint": "outputs/checkpoints/stage2_tusb_v3p1_semantic_trace_field_decoder_v2_headonly_20260428/latest.pt",
  "headonly_free_rollout": {
    "frequency_baseline_top1": 0.042317708333333336,
    "frequency_baseline_top5": 0.1796875,
    "future_trace_coord_error": 0.205717300115748,
    "masked_CE": 5.01219284037749,
    "proto_accuracy": 0.0,
    "proto_top5_accuracy": 0.033854166666666664,
    "reappearance_AP": 0.011969593944584904,
    "reappearance_AUROC": 0.3839699074074074,
    "target_valid_ratio": 0.75,
    "valid_items": 64,
    "valid_output_ratio": 1.0,
    "valid_target_count": 3072,
    "visibility_AP": 1.0,
    "visibility_AUROC": null
  },
  "headonly_teacher_forced": {
    "frequency_baseline_top1": 0.042317708333333336,
    "frequency_baseline_top5": 0.1796875,
    "future_trace_coord_error": 0.2055015727874992,
    "masked_CE": 5.012211742500464,
    "proto_accuracy": 0.0,
    "proto_top5_accuracy": 0.033854166666666664,
    "reappearance_AP": 0.011953017210247623,
    "reappearance_AUROC": 0.38255759479717816,
    "target_valid_ratio": 0.75,
    "valid_items": 64,
    "valid_output_ratio": 1.0,
    "valid_target_count": 3072,
    "visibility_AP": 1.0,
    "visibility_AUROC": null
  },
  "large_cache_frequency_baseline_top1": 0.023633793969849246,
  "large_cache_frequency_baseline_top5": 0.11008165829145729,
  "output_degenerate": false,
  "random_prototype_baseline_top1": 0.0078125,
  "random_prototype_baseline_top5": 0.0390625,
  "selected_prototype_count": 128,
  "semantic_branch_checkpoint": "outputs/checkpoints/stage2_tusb_v3p1_semantic_trace_field_decoder_v2_semantic_branch_20260428/latest.pt",
  "semantic_branch_free_rollout": {
    "frequency_baseline_top1": 0.042317708333333336,
    "frequency_baseline_top5": 0.1796875,
    "future_trace_coord_error": 0.20598336328668662,
    "masked_CE": 5.004486881196499,
    "proto_accuracy": 0.0,
    "proto_top5_accuracy": 0.033854166666666664,
    "reappearance_AP": 0.011981958418014116,
    "reappearance_AUROC": 0.3846002810846561,
    "target_valid_ratio": 0.75,
    "valid_items": 64,
    "valid_output_ratio": 1.0,
    "valid_target_count": 3072,
    "visibility_AP": 1.0,
    "visibility_AUROC": null
  },
  "semantic_branch_minus_headonly_free_masked_CE": -0.007705959180991151,
  "semantic_branch_minus_headonly_free_proto_top5": 0.0,
  "semantic_branch_teacher_forced": {
    "frequency_baseline_top1": 0.042317708333333336,
    "frequency_baseline_top5": 0.1796875,
    "future_trace_coord_error": 0.20559891183272144,
    "masked_CE": 5.004527501761913,
    "proto_accuracy": 0.0,
    "proto_top5_accuracy": 0.033854166666666664,
    "reappearance_AP": 0.011961994731976127,
    "reappearance_AUROC": 0.38306051587301587,
    "target_valid_ratio": 0.75,
    "valid_items": 64,
    "valid_output_ratio": 1.0,
    "valid_target_count": 3072,
    "visibility_AP": 1.0,
    "visibility_AUROC": null
  },
  "semantic_branch_top5_over_frequency_baseline": -0.14583333333333334,
  "success_criteria": {
    "free_rollout_signal_non_random": false,
    "masked_CE_below_random": false,
    "no_trace_regression": true,
    "output_degenerate_false": true,
    "proto_top5_gt_frequency_baseline": false
  },
  "trace_rollout_regression_detected": false
}
