{
  "generated_at_utc": "2026-04-22T14:56:41.456857+00:00",
  "panel": "densified_200_context_preserving",
  "comparisons": {
    "TUSB-v3.1 best.pt vs calibration-only": {
      "overall_top1": {
        "count": 1200,
        "mean_delta": 0.01,
        "ci95_low": -0.006666666666666667,
        "ci95_high": 0.02666666666666667,
        "zero_excluded": false,
        "bootstrap_win_rate": 0.87
      },
      "hard_subset_top1": {
        "count": 1200,
        "mean_delta": 0.01,
        "ci95_low": -0.006666666666666667,
        "ci95_high": 0.02666666666666667,
        "zero_excluded": false,
        "bootstrap_win_rate": 0.86325
      },
      "ambiguity_top1": {
        "count": 876,
        "mean_delta": 0.00684931506849315,
        "ci95_low": -0.012557077625570776,
        "ci95_high": 0.0273972602739726,
        "zero_excluded": false,
        "bootstrap_win_rate": 0.731
      },
      "appearance_change_top1": {
        "count": 822,
        "mean_delta": 0.0,
        "ci95_low": -0.019464720194647202,
        "ci95_high": 0.019464720194647202,
        "zero_excluded": false,
        "bootstrap_win_rate": 0.47625
      },
      "occlusion_reappearance_top1": {
        "count": 774,
        "mean_delta": 0.023255813953488372,
        "ci95_low": 0.002583979328165375,
        "ci95_high": 0.04392764857881137,
        "zero_excluded": true,
        "bootstrap_win_rate": 0.98825
      },
      "long_gap_persistence_top1": {
        "count": 402,
        "mean_delta": 0.022388059701492536,
        "ci95_low": -0.0024875621890547263,
        "ci95_high": 0.0472636815920398,
        "zero_excluded": false,
        "bootstrap_win_rate": 0.9465
      }
    },
    "TUSB-v3.1 best.pt vs legacysem": {
      "overall_top1": {
        "count": 1200,
        "mean_delta": -0.0008333333333333334,
        "ci95_low": -0.02,
        "ci95_high": 0.019166666666666665,
        "zero_excluded": false,
        "bootstrap_win_rate": 0.4605
      },
      "hard_subset_top1": {
        "count": 1200,
        "mean_delta": -0.0008333333333333334,
        "ci95_low": -0.02,
        "ci95_high": 0.018333333333333333,
        "zero_excluded": false,
        "bootstrap_win_rate": 0.459
      },
      "ambiguity_top1": {
        "count": 876,
        "mean_delta": -0.003424657534246575,
        "ci95_low": -0.0273972602739726,
        "ci95_high": 0.0182648401826484,
        "zero_excluded": false,
        "bootstrap_win_rate": 0.3555
      },
      "appearance_change_top1": {
        "count": 822,
        "mean_delta": -0.0024330900243309003,
        "ci95_low": -0.025547445255474453,
        "ci95_high": 0.02068126520681265,
        "zero_excluded": false,
        "bootstrap_win_rate": 0.39975
      },
      "occlusion_reappearance_top1": {
        "count": 774,
        "mean_delta": 0.00516795865633075,
        "ci95_low": -0.01937984496124031,
        "ci95_high": 0.031007751937984496,
        "zero_excluded": false,
        "bootstrap_win_rate": 0.644
      },
      "long_gap_persistence_top1": {
        "count": 402,
        "mean_delta": -0.022388059701492536,
        "ci95_low": -0.05721393034825871,
        "ci95_high": 0.012437810945273632,
        "zero_excluded": false,
        "bootstrap_win_rate": 0.09
      }
    },
    "TUSB-v3.1 best_semantic_hard.pt vs calibration-only": {
      "overall_top1": {
        "count": 1200,
        "mean_delta": 0.008333333333333333,
        "ci95_low": -0.008333333333333333,
        "ci95_high": 0.024166666666666666,
        "zero_excluded": false,
        "bootstrap_win_rate": 0.82175
      },
      "hard_subset_top1": {
        "count": 1200,
        "mean_delta": 0.008333333333333333,
        "ci95_low": -0.008333333333333333,
        "ci95_high": 0.025,
        "zero_excluded": false,
        "bootstrap_win_rate": 0.83275
      },
      "ambiguity_top1": {
        "count": 876,
        "mean_delta": 0.005707762557077625,
        "ci95_low": -0.012585616438356154,
        "ci95_high": 0.02511415525114155,
        "zero_excluded": false,
        "bootstrap_win_rate": 0.70125
      },
      "appearance_change_top1": {
        "count": 822,
        "mean_delta": 0.0012165450121654502,
        "ci95_low": -0.01824817518248175,
        "ci95_high": 0.021897810218978103,
        "zero_excluded": false,
        "bootstrap_win_rate": 0.5175
      },
      "occlusion_reappearance_top1": {
        "count": 774,
        "mean_delta": 0.01937984496124031,
        "ci95_low": 0.0,
        "ci95_high": 0.040051679586563305,
        "zero_excluded": false,
        "bootstrap_win_rate": 0.966
      },
      "long_gap_persistence_top1": {
        "count": 402,
        "mean_delta": 0.024875621890547265,
        "ci95_low": 0.0024875621890547263,
        "ci95_high": 0.04975124378109453,
        "zero_excluded": true,
        "bootstrap_win_rate": 0.977
      }
    },
    "TUSB-v3.1 best_semantic_hard.pt vs legacysem": {
      "overall_top1": {
        "count": 1200,
        "mean_delta": -0.0025,
        "ci95_low": -0.0225,
        "ci95_high": 0.0175,
        "zero_excluded": false,
        "bootstrap_win_rate": 0.39775
      },
      "hard_subset_top1": {
        "count": 1200,
        "mean_delta": -0.0025,
        "ci95_low": -0.0225,
        "ci95_high": 0.0175,
        "zero_excluded": false,
        "bootstrap_win_rate": 0.3935
      },
      "ambiguity_top1": {
        "count": 876,
        "mean_delta": -0.0045662100456621,
        "ci95_low": -0.0273972602739726,
        "ci95_high": 0.0182648401826484,
        "zero_excluded": false,
        "bootstrap_win_rate": 0.322
      },
      "appearance_change_top1": {
        "count": 822,
        "mean_delta": -0.0012165450121654502,
        "ci95_low": -0.025547445255474453,
        "ci95_high": 0.023114355231143552,
        "zero_excluded": false,
        "bootstrap_win_rate": 0.4475
      },
      "occlusion_reappearance_top1": {
        "count": 774,
        "mean_delta": 0.0012919896640826874,
        "ci95_low": -0.02454780361757106,
        "ci95_high": 0.027131782945736434,
        "zero_excluded": false,
        "bootstrap_win_rate": 0.51075
      },
      "long_gap_persistence_top1": {
        "count": 402,
        "mean_delta": -0.01990049751243781,
        "ci95_low": -0.05970149253731343,
        "ci95_high": 0.014925373134328358,
        "zero_excluded": false,
        "bootstrap_win_rate": 0.1225
      }
    },
    "TUSB-v3.1 best_semantic_hard.pt vs TUSB-v3.1 best.pt": {
      "overall_top1": {
        "count": 1200,
        "mean_delta": -0.0016666666666666668,
        "ci95_low": -0.0175,
        "ci95_high": 0.014166666666666666,
        "zero_excluded": false,
        "bootstrap_win_rate": 0.384
      },
      "hard_subset_top1": {
        "count": 1200,
        "mean_delta": -0.0016666666666666668,
        "ci95_low": -0.0175,
        "ci95_high": 0.013333333333333334,
        "zero_excluded": false,
        "bootstrap_win_rate": 0.3925
      },
      "ambiguity_top1": {
        "count": 876,
        "mean_delta": -0.001141552511415525,
        "ci95_low": -0.019434931506849305,
        "ci95_high": 0.0182648401826484,
        "zero_excluded": false,
        "bootstrap_win_rate": 0.43125
      },
      "appearance_change_top1": {
        "count": 822,
        "mean_delta": 0.0012165450121654502,
        "ci95_low": -0.0170316301703163,
        "ci95_high": 0.019464720194647202,
        "zero_excluded": false,
        "bootstrap_win_rate": 0.525
      },
      "occlusion_reappearance_top1": {
        "count": 774,
        "mean_delta": -0.003875968992248062,
        "ci95_low": -0.023255813953488372,
        "ci95_high": 0.015503875968992248,
        "zero_excluded": false,
        "bootstrap_win_rate": 0.32375
      },
      "long_gap_persistence_top1": {
        "count": 402,
        "mean_delta": 0.0024875621890547263,
        "ci95_low": -0.022388059701492536,
        "ci95_high": 0.02736318407960199,
        "zero_excluded": false,