{
  "generated_at_utc": "2026-04-20T15:41:30.887269+00:00",
  "probe_design": {
    "probe_a": "future object retrieval from context-preserving protocol-v3 extended set",
    "probe_b": "occlusion / long-gap recovery retrieval on subset-filtered candidate sets",
    "probe_c": "query-conditioned future localization light probe using direct context-preserving eval outputs",
    "leakage_check_passed": true,
    "probe_train_items": 0,
    "probe_eval_items": 323
  },
  "probe_a": {
    "overall": {
      "stage1_frozen_baseline": {
        "count": 323,
        "top1": 0.0804953560371517,
        "top5": 0.44891640866873067,
        "mrr": 0.2546427008067758,
        "candidate_confusion_rate": 0.9195046439628483,
        "hit_rate": 0.015479876160990712,
        "localization_error": 0.21034529305890579,
        "mask_iou_at_top1": 0.08093179087942422
      },
      "current_calibration_only_best": {
        "count": 323,
        "top1": 0.09287925696594428,
        "top5": 0.4520123839009288,
        "mrr": 0.26117267422764723,
        "candidate_confusion_rate": 0.9071207430340558,
        "hit_rate": 0.006191950464396285,
        "localization_error": 0.20585456564765559,
        "mask_iou_at_top1": 0.09353921596767853
      },
      "current_tusb_v3p1_best::best.pt": {
        "count": 323,
        "top1": 0.1021671826625387,
        "top5": 0.43962848297213625,
        "mrr": 0.26427734806327713,
        "candidate_confusion_rate": 0.8978328173374613,
        "hit_rate": 0.018575851393188854,
        "localization_error": 0.2094122436072418,
        "mask_iou_at_top1": 0.10273259269596768
      }
    },
    "hard_subsets": {
      "stage1_frozen_baseline": {
        "count": 323,
        "top1": 0.0804953560371517,
        "top5": 0.44891640866873067,
        "mrr": 0.2546427008067758,
        "candidate_confusion_rate": 0.9195046439628483,
        "hit_rate": 0.015479876160990712,
        "localization_error": 0.21034529305890579,
        "mask_iou_at_top1": 0.08093179087942422
      },
      "current_calibration_only_best": {
        "count": 323,
        "top1": 0.09287925696594428,
        "top5": 0.4520123839009288,
        "mrr": 0.26117267422764723,
        "candidate_confusion_rate": 0.9071207430340558,
        "hit_rate": 0.006191950464396285,
        "localization_error": 0.20585456564765559,
        "mask_iou_at_top1": 0.09353921596767853
      },
      "current_tusb_v3p1_best::best.pt": {
        "count": 323,
        "top1": 0.1021671826625387,
        "top5": 0.43962848297213625,
        "mrr": 0.26427734806327713,
        "candidate_confusion_rate": 0.8978328173374613,
        "hit_rate": 0.018575851393188854,
        "localization_error": 0.2094122436072418,
        "mask_iou_at_top1": 0.10273259269596768
      }
    }
  },
  "probe_b": {
    "recovery": {
      "stage1_frozen_baseline": {
        "count": 66,
        "top1": 0.12121212121212122,
        "top5": 0.5909090909090909,
        "mrr": 0.33193486059146776,
        "candidate_confusion_rate": 0.8787878787878788,
        "hit_rate": 0.030303030303030304,
        "localization_error": 0.2348733442326278,
        "mask_iou_at_top1": 0.12140444750829933
      },
      "current_calibration_only_best": {
        "count": 66,
        "top1": 0.10606060606060606,
        "top5": 0.6212121212121212,
        "mrr": 0.338890139503016,
        "candidate_confusion_rate": 0.8939393939393939,
        "hit_rate": 0.0,
        "localization_error": 0.2284116812366609,
        "mask_iou_at_top1": 0.10625543639788235
      },
      "current_tusb_v3p1_best::best.pt": {
        "count": 66,
        "top1": 0.15151515151515152,
        "top5": 0.6060606060606061,
        "mrr": 0.3501832125433356,
        "candidate_confusion_rate": 0.8484848484848485,
        "hit_rate": 0.045454545454545456,
        "localization_error": 0.23020277056526917,
        "mask_iou_at_top1": 0.1516815097150362
      }
    },
    "occlusion_reappearance": {
      "stage1_frozen_baseline": {
        "count": 66,
        "top1": 0.12121212121212122,
        "top5": 0.5909090909090909,
        "mrr": 0.33193486059146776,
        "candidate_confusion_rate": 0.8787878787878788,
        "hit_rate": 0.030303030303030304,
        "localization_error": 0.2348733442326278,
        "mask_iou_at_top1": 0.12140444750829933
      },
      "current_calibration_only_best": {
        "count": 66,
        "top1": 0.10606060606060606,
        "top5": 0.6212121212121212,
        "mrr": 0.338890139503016,
        "candidate_confusion_rate": 0.8939393939393939,
        "hit_rate": 0.0,
        "localization_error": 0.2284116812366609,
        "mask_iou_at_top1": 0.10625543639788235
      },
      "current_tusb_v3p1_best::best.pt": {
        "count": 66,
        "top1": 0.15151515151515152,
        "top5": 0.6060606060606061,
        "mrr": 0.3501832125433356,
        "candidate_confusion_rate": 0.8484848484848485,
        "hit_rate": 0.045454545454545456,
        "localization_error": 0.23020277056526917,
        "mask_iou_at_top1": 0.1516815097150362
      }
    },
    "long_gap_persistence": {
      "stage1_frozen_baseline": {
        "count": 20,
        "top1": 0.15,
        "top5": 0.65,
        "mrr": 0.4018650793650794,
        "candidate_confusion_rate": 0.85,
        "hit_rate": 0.05,
        "localization_error": 0.25951148963958837,
        "mask_iou_at_top1": 0.15018322545513832
      },
      "current_calibration_only_best": {
        "count": 20,
        "top1": 0.05,
        "top5": 0.7,
        "mrr": 0.3547222222222222,
        "candidate_confusion_rate": 0.95,
        "hit_rate": 0.0,
        "localization_error": 0.25495964639396046,
        "mask_iou_at_top1": 0.050259871388315294
      },
      "current_tusb_v3p1_best::best.pt": {
        "count": 20,
        "top1": 0.2,
        "top5": 0.7,
        "mrr": 0.42644841269841277,
        "candidate_confusion_rate": 0.8,
        "hit_rate": 0.05,
        "localization_error": 0.260524739492057,
        "mask_iou_at_top1": 0.20016591333492295
      }
    }
  },
  "probe_c": {
    "query_conditioned_localization": {
      "stage1_frozen_baseline": {
        "count": 323,
        "top1": 0.0804953560371517,
        "top5": 0.44891640866873067,
        "mrr": 0.2546427008067758,
        "candidate_confusion_rate": 0.9195046439628483,
        "hit_rate": 0.015479876160990712,
        "localization_error": 0.21034529305890579,
        "mask_iou_at_top1": 0.08093179087942422
      },
      "current_calibration_only_best": {
        "count": 323,
        "top1": 0.09287925696594428,
        "top5": 0.4520123839009288,
        "mrr": 0.26117267422764723,
        "candidate_confusion_rate": 0.9071207430340558,
        "hit_rate": 0.006191950464396285,
        "localization_error": 0.20585456564765559,
        "mask_iou_at_top1": 0.09353921596767853
      },
      "current_tusb_v3p1_best::best.pt": {
        "count": 323,
        "top1": 0.1021671826625387,
        "top5": 0.43962848297213625,
        "mrr": 0.26427734806327713,
        "candidate_confusion_rate": 0.8978328173374613,
        "hit_rate": 0.018575851393188854,
        "localization_error": 0.2094122436072418,
        "mask_iou_at_top1": 0.10273259269596768
      }
    },
    "hard_subsets": {
      "stage1_frozen_baseline": {
        "count": 66,
        "top1": 0.12121212121212122,
        "top5": 0.5909090909090909,
        "mrr": 0.33193486059146776,
        "candidate_confusion_rate": 0.8787878787878788,
        "hit_rate": 0.030303030303030304,
        "localization_error": 0.2348733442326278,
        "mask_iou_at_top1": 0.12140444750829933
      },
      "current_calibration_only_best": {
        "count": 66,
        "top1": 0.10606060606060606,
        "top5": 0.6212121212121212,
        "mrr": 0.338890139503016,
        "candidate_confusion_rate": 0.8939393939393939,
        "hit_rate": 0.0,
        "localization_error": 0.2284116812366609,
        "mask_iou_at_top1": 0.10625543639788235
      },