{
  "batch_size": 32,
  "checkpoint_path": "outputs/checkpoints/stwm_ostf_v33_6_identity_contrastive_repair/v33_6_identity_contrastive_repair_m128_h32_seed42_best.pt",
  "completed": true,
  "control_old_local_instance_labels": false,
  "cuda_visible_devices": "2",
  "duration_seconds": 1202.9741661548615,
  "experiment_name": "v33_6_identity_contrastive_repair_m128_h32_seed42",
  "future_global_labels_supervision_only": true,
  "future_teacher_leakage_detected": false,
  "generated_at_utc": "2026-05-09T18:25:28.884977+00:00",
  "global_identity_labels_used_in_training": true,
  "hard_subset_manifest": "manifests/ostf_v33_5_split_matched_hard_identity_semantic/H32_M128_seed42.json",
  "integrated_v30_backbone_used": true,
  "loss_tail": [
    {
      "identity_consistency": 0.21447673439979553,
      "identity_exclude_same_point": 2.5911307334899902,
      "identity_global_contrastive": 2.668668508529663,
      "identity_same_frame": 0.39872974157333374,
      "identity_semantic_confuser": 2.3585944175720215,
      "loss": 2.035895824432373,
      "same_instance_bce": 0.03789689391851425,
      "semantic_proto_ce": 0.6472885608673096,
      "step": 1191.0,
      "visibility_bce": 0.4076036512851715
    },
    {
      "identity_consistency": 0.22708585858345032,
      "identity_exclude_same_point": 2.9924745559692383,
      "identity_global_contrastive": 3.181849241256714,
      "identity_same_frame": 0.7476032376289368,
      "identity_semantic_confuser": 2.7980120182037354,
      "loss": 2.20324969291687,
      "same_instance_bce": 0.038729023188352585,
      "semantic_proto_ce": 0.556339681148529,
      "step": 1192.0,
      "visibility_bce": 0.37047135829925537
    },
    {
      "identity_consistency": 0.20280233025550842,
      "identity_exclude_same_point": 2.51308536529541,
      "identity_global_contrastive": 2.5556113719940186,
      "identity_same_frame": 0.4200423061847687,
      "identity_semantic_confuser": 2.253441572189331,
      "loss": 1.9626760482788086,
      "same_instance_bce": 0.04085691645741463,
      "semantic_proto_ce": 0.6188042759895325,
      "step": 1193.0,
      "visibility_bce": 0.38306984305381775
    },
    {
      "identity_consistency": 0.16973942518234253,
      "identity_exclude_same_point": 3.043609857559204,
      "identity_global_contrastive": 3.1578667163848877,
      "identity_same_frame": 0.8157733678817749,
      "identity_semantic_confuser": 2.890821933746338,
      "loss": 2.2990927696228027,
      "same_instance_bce": 0.04054684937000275,
      "semantic_proto_ce": 0.6300475001335144,
      "step": 1194.0,
      "visibility_bce": 0.42064446210861206
    },
    {
      "identity_consistency": 0.18375417590141296,
      "identity_exclude_same_point": 2.6495866775512695,
      "identity_global_contrastive": 2.597710132598877,
      "identity_same_frame": 0.4275399148464203,
      "identity_semantic_confuser": 2.3769469261169434,
      "loss": 1.9833698272705078,
      "same_instance_bce": 0.03965674340724945,
      "semantic_proto_ce": 0.5954146981239319,
      "step": 1195.0,
      "visibility_bce": 0.38996192812919617
    },
    {
      "identity_consistency": 0.2143453061580658,
      "identity_exclude_same_point": 3.0162694454193115,
      "identity_global_contrastive": 3.085937738418579,
      "identity_same_frame": 0.6857611536979675,
      "identity_semantic_confuser": 2.7876760959625244,
      "loss": 2.2997426986694336,
      "same_instance_bce": 0.04229811578989029,
      "semantic_proto_ce": 0.6693572998046875,
      "step": 1196.0,
      "visibility_bce": 0.40898799896240234
    },
    {
      "identity_consistency": 0.2353767603635788,
      "identity_exclude_same_point": 2.470628023147583,
      "identity_global_contrastive": 2.5410044193267822,
      "identity_same_frame": 0.361200213432312,
      "identity_semantic_confuser": 2.20587158203125,
      "loss": 1.9316177368164062,
      "same_instance_bce": 0.03792174533009529,
      "semantic_proto_ce": 0.6090105772018433,
      "step": 1197.0,
      "visibility_bce": 0.39002087712287903
    },
    {
      "identity_consistency": 0.2059350311756134,
      "identity_exclude_same_point": 3.35026216506958,
      "identity_global_contrastive": 3.3850018978118896,
      "identity_same_frame": 0.8751844167709351,
      "identity_semantic_confuser": 2.9731998443603516,
      "loss": 2.42429780960083,
      "same_instance_bce": 0.0371607169508934,
      "semantic_proto_ce": 0.6358240246772766,
      "step": 1198.0,
      "visibility_bce": 0.40779462456703186
    },
    {
      "identity_consistency": 0.19322408735752106,
      "identity_exclude_same_point": 2.55041241645813,
      "identity_global_contrastive": 2.6245174407958984,
      "identity_same_frame": 0.38106513023376465,
      "identity_semantic_confuser": 2.2764837741851807,
      "loss": 2.0079917907714844,
      "same_instance_bce": 0.03940361365675926,
      "semantic_proto_ce": 0.6472939848899841,
      "step": 1199.0,
      "visibility_bce": 0.3913230001926422
    },
    {
      "identity_consistency": 0.2031596153974533,
      "identity_exclude_same_point": 3.2093141078948975,
      "identity_global_contrastive": 3.2773711681365967,
      "identity_same_frame": 0.8313855528831482,
      "identity_semantic_confuser": 2.9268617630004883,
      "loss": 2.2983837127685547,
      "same_instance_bce": 0.0415959358215332,
      "semantic_proto_ce": 0.5649650692939758,
      "step": 1200.0,
      "visibility_bce": 0.40248510241508484
    }
  ],
  "observed_instance_context_used": false,
  "observed_visual_teacher_context_used": true,
  "sample_local_collision_prevented": true,
  "steps": 1200,
  "train_loss_decreased": true,
  "train_loss_first": {
    "identity_consistency": 0.6795647740364075,
    "identity_exclude_same_point": 6.705090522766113,
    "identity_global_contrastive": 6.652312278747559,
    "identity_same_frame": 0.7543778419494629,
    "identity_semantic_confuser": 3.8255248069763184,
    "loss": 6.75541877746582,
    "same_instance_bce": 0.062341440469026566,
    "semantic_proto_ce": 3.5087361335754395,
    "step": 1.0,
    "visibility_bce": 0.4833684265613556
  },
  "train_loss_last": {
    "identity_consistency": 0.2031596153974533,
    "identity_exclude_same_point": 3.2093141078948975,
    "identity_global_contrastive": 3.2773711681365967,
    "identity_same_frame": 0.8313855528831482,
    "identity_semantic_confuser": 2.9268617630004883,
    "loss": 2.2983837127685547,
    "same_instance_bce": 0.0415959358215332,
    "semantic_proto_ce": 0.5649650692939758,
    "step": 1200.0,
    "visibility_bce": 0.40248510241508484
  },
  "train_sample_count": 47,
  "v30_backbone_frozen": true,
  "v30_checkpoint_loaded": true,
  "val_sample_count": 42
}
