{
  "K": 256,
  "best_probe_by_val": "observed_teacher_history_mlp_probe",
  "generated_at_utc": "2026-05-10T14:44:08.375087+00:00",
  "probes": {
    "V30_hidden_linear_probe": {
      "test": {
        "changed_samplefreq_top5": 0.3530033433584703,
        "changed_top1": 0.007121304156727954,
        "changed_top5": 0.045043977263187006,
        "changed_top5_beats_strongest_baseline": false,
        "global_top1": 0.005714747046035142,
        "global_top5": 0.03701802846032451,
        "semantic_hard_samplefreq_top5": 0.5536584787744234,
        "semantic_hard_top1": 0.0073003658083732985,
        "semantic_hard_top5": 0.039504143984704,
        "semantic_hard_top5_beats_strongest_baseline": false,
        "stable_copy_top5": 1.0,
        "stable_preservation_not_degraded": false,
        "stable_top1": 0.00481975501415075,
        "stable_top5": 0.0319123818278551
      },
      "trained": true,
      "val": {
        "changed_samplefreq_top5": 0.27205149901993336,
        "changed_top1": 0.005516221977056801,
        "changed_top5": 0.03084799862897784,
        "changed_top5_beats_strongest_baseline": false,
        "global_top1": 0.004864216016361834,
        "global_top5": 0.03592744245962868,
        "semantic_hard_samplefreq_top5": 0.5887912927248424,
        "semantic_hard_top1": 0.011666984915027687,
        "semantic_hard_top5": 0.06496085545159443,
        "semantic_hard_top5_beats_strongest_baseline": false,
        "stable_copy_top5": 1.0,
        "stable_preservation_not_degraded": false,
        "stable_top1": 0.004451069149557297,
        "stable_top5": 0.0392216124135373
      }
    },
    "V30_hidden_mlp_probe": {
      "test": {
        "changed_samplefreq_top5": 0.3530033433584703,
        "changed_top1": 0.0056348183376051285,
        "changed_top5": 0.05260480712723035,
        "changed_top5_beats_strongest_baseline": false,
        "global_top1": 0.007139108822393043,
        "global_top5": 0.05362981587096551,
        "semantic_hard_samplefreq_top5": 0.5536584787744234,
        "semantic_hard_top1": 0.007276663321982476,
        "semantic_hard_top5": 0.05865575298848849,
        "semantic_hard_top5_beats_strongest_baseline": false,
        "stable_copy_top5": 1.0,
        "stable_preservation_not_degraded": false,
        "stable_top1": 0.008100084684134475,
        "stable_top5": 0.05429858555458664
      },
      "trained": true,
      "val": {
        "changed_samplefreq_top5": 0.27205149901993336,
        "changed_top1": 0.004830710896412849,
        "changed_top5": 0.04100213151101638,
        "changed_top5_beats_strongest_baseline": false,
        "global_top1": 0.013421555628981192,
        "global_top5": 0.05034024417276959,
        "semantic_hard_samplefreq_top5": 0.5887912927248424,
        "semantic_hard_top1": 0.04393736872255108,
        "semantic_hard_top5": 0.09432881420660684,
        "semantic_hard_top5_beats_strongest_baseline": false,
        "stable_copy_top5": 1.0,
        "stable_preservation_not_degraded": false,
        "stable_top1": 0.018944519621109608,
        "stable_top5": 0.05638020922772576
      }
    },
    "V30_hidden_plus_teacher_mlp_probe": {
      "test": {
        "changed_samplefreq_top5": 0.3530033433584703,
        "changed_top1": 0.12532902696909987,
        "changed_top5": 0.45297815705389377,
        "changed_top5_beats_strongest_baseline": true,
        "global_top1": 0.23615187810077407,
        "global_top5": 0.5565909890376043,
        "semantic_hard_samplefreq_top5": 0.5536584787744234,
        "semantic_hard_top1": 0.18300689742353973,
        "semantic_hard_top5": 0.4996800164337239,
        "semantic_hard_top5_beats_strongest_baseline": false,
        "stable_copy_top5": 1.0,
        "stable_preservation_not_degraded": false,
        "stable_top1": 0.30686508148880376,
        "stable_top5": 0.622799865260931
      },
      "trained": true,
      "val": {
        "changed_samplefreq_top5": 0.27205149901993336,
        "changed_top1": 0.09626075127729994,
        "changed_top5": 0.36578442818735873,
        "changed_top5_beats_strongest_baseline": true,
        "global_top1": 0.19630436691998512,
        "global_top5": 0.4720297122876872,
        "semantic_hard_samplefreq_top5": 0.5887912927248424,
        "semantic_hard_top1": 0.1781172426962001,
        "semantic_hard_top5": 0.4293297689516899,
        "semantic_hard_top5_beats_strongest_baseline": false,
        "stable_copy_top5": 1.0,
        "stable_preservation_not_degraded": false,
        "stable_top1": 0.26066230260401285,
        "stable_top5": 0.5404820617791912
      }
    },
    "copy_probe": {
      "test": {
        "changed_samplefreq_top5": 0.3530033433584703,
        "changed_top1": 0.0,
        "changed_top5": 0.011709162382525643,
        "changed_top5_beats_strongest_baseline": false,
        "global_top1": 0.6105937147393572,
        "global_top5": 0.6151512879805779,
        "semantic_hard_samplefreq_top5": 0.5536584787744234,
        "semantic_hard_top1": 0.3623241077989081,
        "semantic_hard_top5": 0.36487607550032,
        "semantic_hard_top5_beats_strongest_baseline": false,
        "stable_copy_top5": 1.0,
        "stable_preservation_not_degraded": true,
        "stable_top1": 1.0,
        "stable_top5": 1.0
      },
      "trained": false,
      "val": {
        "changed_samplefreq_top5": 0.27205149901993336,
        "changed_top1": 0.0,
        "changed_top5": 0.000685511080643952,
        "changed_top5_beats_strongest_baseline": false,
        "global_top1": 0.6088969564144496,
        "global_top5": 0.6091646346819021,
        "semantic_hard_samplefreq_top5": 0.5887912927248424,
        "semantic_hard_top1": 0.437750620584304,
        "semantic_hard_top5": 0.437750620584304,
        "semantic_hard_top5_beats_strongest_baseline": false,
        "stable_copy_top5": 1.0,
        "stable_preservation_not_degraded": true,
        "stable_top1": 1.0,
        "stable_top5": 1.0
      }
    },
    "observed_frequency_probe": {
      "test": {
        "changed_samplefreq_top5": 0.3530033433584703,
        "changed_top1": 0.04127097006780548,
        "changed_top5": 0.09348563639865476,
        "changed_top5_beats_strongest_baseline": false,
        "global_top1": 0.6180019337489163,
        "global_top5": 0.6469812564754639,
        "semantic_hard_samplefreq_top5": 0.5536584787744234,
        "semantic_hard_top1": 0.4118623043557269,
        "semantic_hard_top5": 0.4679739904716005,
        "semantic_hard_top5_beats_strongest_baseline": false,
        "stable_copy_top5": 1.0,
        "stable_preservation_not_degraded": true,
        "stable_top1": 0.9858240647754926,
        "stable_top5": 1.0
      },
      "trained": false,
      "val": {
        "changed_samplefreq_top5": 0.27205149901993336,
        "changed_top1": 0.025578132196527457,
        "changed_top5": 0.05479804200897591,
        "changed_top5_beats_strongest_baseline": false,
        "global_top1": 0.6124646058228388,
        "global_top5": 0.630294487918927,
        "semantic_hard_samplefreq_top5": 0.5887912927248424,
        "semantic_hard_top1": 0.46656482719113995,
        "semantic_hard_top5": 0.5107695245369487,
        "semantic_hard_top5_beats_strongest_baseline": false,
        "stable_copy_top5": 1.0,
        "stable_preservation_not_degraded": true,
        "stable_top1": 0.9894561865052925,
        "stable_top5": 1.0
      }
    },
    "observed_teacher_history_mlp_probe": {
      "test": {
        "changed_samplefreq_top5": 0.3530033433584703,
        "changed_top1": 0.13717152861114815,
        "changed_top5": 0.46952210221688867,
        "changed_top5_beats_strongest_baseline": true,
        "global_top1": 0.2746058016311922,
        "global_top5": 0.5858317330888275,
        "semantic_hard_samplefreq_top5": 0.5536584787744234,
        "semantic_hard_top1": 0.1974891166083322,
        "semantic_hard_top5": 0.5378173170365571,
        "semantic_hard_top5_beats_strongest_baseline": false,