{
  "generated_at_utc": "2026-05-08T08:57:39.465240+00:00",
  "m1024_beats_m512_by_horizon": {
    "H32": false,
    "H64": false,
    "H96": false
  },
  "per_horizon": {
    "H32": [
      {
        "batch_size": 1,
        "completed": true,
        "delta_minFDE_vs_strongest_prior": 15.602646559298396,
        "effective_batch_size": 8,
        "grad_accum_steps": 8,
        "m1024_minFDE_K": 100.3307776936514,
        "m1024_minus_m512_minFDE_K": 5.679758298535532,
        "m1024_motion_minFDE_K": 126.3045414329594,
        "m512_same_seed_minFDE_K": 94.65101939511587,
        "m512_same_seed_motion_minFDE_K": 117.9749592764903,
        "motion_delta_minFDE_vs_strongest_prior": 21.93219457120977,
        "point_valid_ratio_last": 1.0,
        "report_path": "reports/stwm_ostf_v30_external_gt_runs/v30_extgt_m1024_h32_seed42.json",
        "seed": 42,
        "train_loss_decreased": false
      },
      {
        "batch_size": 1,
        "completed": true,
        "delta_minFDE_vs_strongest_prior": 14.541543058292595,
        "effective_batch_size": 8,
        "grad_accum_steps": 8,
        "m1024_minFDE_K": 101.39188119465719,
        "m1024_minus_m512_minFDE_K": 3.536007638634999,
        "m1024_motion_minFDE_K": 127.89037997906024,
        "m512_same_seed_minFDE_K": 97.85587355602219,
        "m512_same_seed_motion_minFDE_K": 122.15618303266622,
        "motion_delta_minFDE_vs_strongest_prior": 20.346356025108925,
        "point_valid_ratio_last": 1.0,
        "report_path": "reports/stwm_ostf_v30_external_gt_runs/v30_extgt_m1024_h32_seed123.json",
        "seed": 123,
        "train_loss_decreased": true
      }
    ],
    "H64": [
      {
        "batch_size": 1,
        "completed": true,
        "delta_minFDE_vs_strongest_prior": 11.049332911425298,
        "effective_batch_size": 8,
        "grad_accum_steps": 8,
        "m1024_minFDE_K": 119.06571167766458,
        "m1024_minus_m512_minFDE_K": 13.591690417333268,
        "m1024_motion_minFDE_K": 146.55635728772054,
        "m512_same_seed_minFDE_K": 105.47402126033131,
        "m512_same_seed_motion_minFDE_K": 128.6329335413481,
        "motion_delta_minFDE_vs_strongest_prior": 14.902118708463323,
        "point_valid_ratio_last": 1.0,
        "report_path": "reports/stwm_ostf_v30_external_gt_runs/v30_extgt_m1024_h64_seed42.json",
        "seed": 42,
        "train_loss_decreased": false
      },
      {
        "batch_size": 1,
        "completed": true,
        "delta_minFDE_vs_strongest_prior": 16.17943212301424,
        "effective_batch_size": 8,
        "grad_accum_steps": 8,
        "m1024_minFDE_K": 113.93561246607564,
        "m1024_minus_m512_minFDE_K": 8.686175608433444,
        "m1024_motion_minFDE_K": 139.95442860238504,
        "m512_same_seed_minFDE_K": 105.2494368576422,
        "m512_same_seed_motion_minFDE_K": 128.3351239656147,
        "motion_delta_minFDE_vs_strongest_prior": 21.504047393798828,
        "point_valid_ratio_last": 1.0,
        "report_path": "reports/stwm_ostf_v30_external_gt_runs/v30_extgt_m1024_h64_seed123.json",
        "seed": 123,
        "train_loss_decreased": false
      }
    ],
    "H96": [
      {
        "batch_size": 1,
        "completed": true,
        "delta_minFDE_vs_strongest_prior": 15.490633344025591,
        "effective_batch_size": 8,
        "grad_accum_steps": 8,
        "m1024_minFDE_K": 130.68930375758217,
        "m1024_minus_m512_minFDE_K": 16.19476354227615,
        "m1024_motion_minFDE_K": 163.79910575511843,
        "m512_same_seed_minFDE_K": 114.49454021530602,
        "m512_same_seed_motion_minFDE_K": 141.40659254688327,
        "motion_delta_minFDE_vs_strongest_prior": 20.26230031390523,
        "point_valid_ratio_last": 1.0,
        "report_path": "reports/stwm_ostf_v30_external_gt_runs/v30_extgt_m1024_h96_seed42.json",
        "seed": 42,
        "train_loss_decreased": false
      },
      {
        "batch_size": 1,
        "completed": true,
        "delta_minFDE_vs_strongest_prior": 15.186396553006235,
        "effective_batch_size": 8,
        "grad_accum_steps": 8,
        "m1024_minFDE_K": 130.99354054860152,
        "m1024_minus_m512_minFDE_K": 9.599154686097563,
        "m1024_motion_minFDE_K": 164.2638178758843,
        "m512_same_seed_minFDE_K": 121.39438586250395,
        "m512_same_seed_motion_minFDE_K": 150.420348409879,
        "motion_delta_minFDE_vs_strongest_prior": 19.797588193139365,
        "point_valid_ratio_last": 1.0,
        "report_path": "reports/stwm_ostf_v30_external_gt_runs/v30_extgt_m1024_h96_seed123.json",
        "seed": 123,
        "train_loss_decreased": false
      }
    ]
  },
  "semantic_not_tested_not_failed": true,
  "summary_name": "stwm_ostf_v30_density_m1024_pilot_summary"
}
