{
  "audit_name": "stwm_free_rollout_semantic_trace_field_v5_test_significance",
  "bootstrap_unit": "item",
  "changed_item_count": 226,
  "low_sample_warning": false,
  "prototype_count": 64,
  "residual_vs_copy_ce_improvement": {
    "bootstrap_win_rate": 0.9912663755458515,
    "ci95": [
      0.3454513406649427,
      0.39057119155554787
    ],
    "item_count": 229,
    "mean_delta": 0.3689117119301875,
    "zero_excluded": true
  },
  "residual_vs_copy_changed_top5": {
    "bootstrap_win_rate": 0.6858407079646017,
    "ci95": [
      0.10975712644950017,
      0.1622354702698479
    ],
    "item_count": 226,
    "mean_delta": 0.13645616079787765,
    "zero_excluded": true
  },
  "residual_vs_copy_overall_top5": {
    "bootstrap_win_rate": 0.6637554585152838,
    "ci95": [
      0.06951753303376088,
      0.10239923360501314
    ],
    "item_count": 229,
    "mean_delta": 0.08555408303654351,
    "zero_excluded": true
  },
  "selected_seed": 123,
  "stable_preservation_drop": {
    "bootstrap_win_rate": 0.07239819004524888,
    "ci95": [
      0.007222802222314463,
      0.03127395754418761
    ],
    "item_count": 221,
    "mean_delta": 0.017542533138219046,
    "zero_excluded": true
  },
  "test_eval_path": "reports/stwm_fullscale_semantic_trace_world_model_v1_test_eval_20260428.json",
  "test_item_count": 229
}
