{
  "cross_sample_label_collision_detected": true,
  "cross_sample_label_collision_fixed": true,
  "eval_summary_path": "reports/stwm_ostf_v33_6_identity_contrastive_eval_summary_20260509.json",
  "fut_instance_id_global_unique": false,
  "future_teacher_leakage_detected": false,
  "generated_at_utc": "2026-05-09T18:26:43.187329+00:00",
  "global_identity_labels_built": true,
  "global_identity_labels_used_in_training": true,
  "hard_identity_ROC_AUC_test": {
    "mean": 0.7216737005394133,
    "std": 0.002524372107788683,
    "worst": 0.7189367857552901
  },
  "hard_identity_ROC_AUC_val": {
    "mean": 0.5993227813635557,
    "std": 0.0005988316535862469,
    "worst": 0.5985599175380499
  },
  "hard_identity_balanced_accuracy_test": {
    "mean": 0.5152767973653855,
    "std": 0.0004529721549294807,
    "worst": 0.5149492421081908
  },
  "hard_identity_balanced_accuracy_val": {
    "mean": 0.5021490211880058,
    "std": 0.00014442640050778014,
    "worst": 0.5019643396796615
  },
  "identity_label_ablation_summary_path": "reports/stwm_ostf_v33_6_identity_label_ablation_summary_20260509.json",
  "identity_label_namespace_safe": true,
  "identity_retrieval_exclude_same_point_top1_test": {
    "mean": 0.6024576822916666,
    "std": 0.0051994247542198205,
    "worst": 0.59521484375
  },
  "identity_retrieval_exclude_same_point_top1_val": {
    "mean": 0.578125,
    "std": 0.010302232968150428,
    "worst": 0.566162109375
  },
  "identity_retrieval_instance_pooled_top1_test": {
    "mean": 0.8755696614583334,
    "std": 0.002793131885047284,
    "worst": 0.872802734375
  },
  "identity_retrieval_instance_pooled_top1_val": {
    "mean": 0.8746744791666666,
    "std": 0.004414079304140826,
    "worst": 0.870849609375
  },
  "identity_retrieval_same_frame_top1_test": {
    "mean": 0.361581017225322,
    "std": 0.003226247724097683,
    "worst": 0.35764705882352943
  },
  "identity_retrieval_same_frame_top1_val": {
    "mean": 0.42790640951773157,
    "std": 0.006145492797108639,
    "worst": 0.42251690067602704
  },
  "identity_signal_stable": false,
  "integrated_identity_field_claim_allowed": false,
  "integrated_semantic_field_claim_allowed": false,
  "integrated_v30_backbone_used": true,
  "observed_instance_context_used": false,
  "observed_visual_teacher_context_used": true,
  "recommended_next_step": "fix_identity_contrastive_loss",
  "sample_local_collision_prevented": true,
  "semantic_proto_top1_test": {
    "mean": 0.25329867155825797,
    "std": 0.0015377692747373462,
    "worst": 0.2512498359403897
  },
  "semantic_proto_top1_val": {
    "mean": 0.18859562792639648,
    "std": 0.0,
    "worst": 0.18859562792639648
  },
  "semantic_proto_top5_test": {
    "mean": 0.6410162145848591,
    "std": 0.0005584086517181541,
    "worst": 0.6403276419563064
  },
  "semantic_proto_top5_val": {
    "mean": 0.5321881244221764,
    "std": 0.0,
    "worst": 0.5321881244221764
  },
  "semantic_ranking_signal_stable": true,
  "semantic_top1_copy_beaten": false,
  "semantic_top5_copy_beaten": true,
  "trajectory_degraded": false,
  "v30_backbone_frozen": true,
  "v30_checkpoint_loaded": true
}
