{
  "generated_at_utc": "2026-05-15T06:53:04.162115+00:00",
  "checkpoint_path": "outputs/checkpoints/stwm_ostf_v35_semantic_state_head_h32_m128/v35_semantic_state_head_m128_h32_seed456_best.pt",
  "val": {
    "global_top1": 0.399750835078742,
    "global_top5": 0.43690400043478445,
    "stable_top1": 0.9672165970402888,
    "stable_top5": 0.9700083956261822,
    "changed_top1": 0.13274705349048052,
    "changed_top5": 0.18629193109700817,
    "hard_top1": 0.3418560244414741,
    "hard_top5": 0.38052320030551845,
    "copy_global_top1": 0.4001563551687089,
    "copy_stable_top1": 0.9681977726302586,
    "copy_changed_top1": 0.13277727410093684,
    "copy_hard_top1": 0.3421615428680542,
    "family_top1": 0.7506553121041476,
    "family_top3": 0.9629095439362205,
    "effective_units": 11.943657875061035,
    "unit_semantic_purity": 0.2891478180360288,
    "unit_dominant_instance_purity": 0.4218281272141256,
    "semantic_changed_metrics": {
      "roc_auc": 0.6766077831293364,
      "balanced_accuracy": 0.6299473019576693,
      "f1": 0.7643472648351682,
      "positive_ratio": 0.6916834936600905
    },
    "same_instance_metrics": {
      "roc_auc": 0.510154335796649,
      "balanced_accuracy": 0.5131773236936217,
      "f1": 0.8036186471205901,
      "positive_ratio": 0.9381110218293827
    },
    "uncertainty_high_metrics": {
      "roc_auc": 0.5123832005047259,
      "balanced_accuracy": 0.5323857045698193,
      "f1": 0.4147967974054931,
      "positive_ratio": 0.30000543480532943
    }
  },
  "test": {
    "global_top1": 0.3894885905111789,
    "global_top5": 0.4303613837415745,
    "stable_top1": 0.9632577611564397,
    "stable_top5": 0.9682900983182775,
    "changed_top1": 0.14620200591937074,
    "changed_top5": 0.20330162177855315,
    "hard_top1": 0.3545654939203122,
    "hard_top5": 0.40135420205579564,
    "copy_global_top1": 0.38981715612054324,
    "copy_stable_top1": 0.9640703481769064,
    "copy_changed_top1": 0.1463256621657585,
    "copy_hard_top1": 0.35495263453136233,
    "family_top1": 0.7726767913550737,
    "family_top3": 0.9641825057066659,
    "effective_units": 11.961445808410645,
    "unit_semantic_purity": 0.2662286633862931,
    "unit_dominant_instance_purity": 0.339007243916792,
    "semantic_changed_metrics": {
      "roc_auc": 0.6815421960530491,
      "balanced_accuracy": 0.6342835513682121,
      "f1": 0.7723627424654728,
      "positive_ratio": 0.714772386654472
    },
    "same_instance_metrics": {
      "roc_auc": 0.5227207001613925,
      "balanced_accuracy": 0.5057007623822047,
      "f1": 0.8395931891310491,
      "positive_ratio": 0.9098111669505635
    },
    "uncertainty_high_metrics": {
      "roc_auc": 0.5141231311675581,
      "balanced_accuracy": 0.5114905449957492,
      "f1": 0.3767513774312795,
      "positive_ratio": 0.3000053800216738
    }
  },
  "thresholds_from_val": {
    "semantic_changed": 0.7110464125871658,
    "same_instance": 0.8230836868286133,
    "uncertainty_high": 0.102025256305933
  },
  "interventions_val": {
    "zero_semantic_measurements": {
      "hard_top5_delta_vs_normal": 0.3033034179873974,
      "changed_top5_delta_vs_normal": 0.11075249320036266,
      "global_top5_delta_vs_normal": 0.3664271171702223
    },
    "shuffle_semantic_measurements": {
      "hard_top5_delta_vs_normal": 0.2356501814015658,
      "changed_top5_delta_vs_normal": 0.048836506497431265,
      "global_top5_delta_vs_normal": 0.2770412919786454
    },
    "shuffle_assignment": {
      "hard_top5_delta_vs_normal": 0.0,
      "changed_top5_delta_vs_normal": 0.0,
      "global_top5_delta_vs_normal": 0.0
    },
    "zero_unit_memory": {
      "hard_top5_delta_vs_normal": 0.0006874164598052457,
      "changed_top5_delta_vs_normal": 0.0025083106678755185,
      "global_top5_delta_vs_normal": 0.0016262609793519234
    }
  },
  "v30_backbone_frozen": true,
  "future_leakage_detected": false,
  "trajectory_degraded": false,
  "teacher_as_method": false,
  "中文结论": "V35 semantic state head 已完成 seed42 评估；本结果只验证低维 semantic state head，不代表完整 semantic field success。"
}