{
  "generated_at_utc": "2026-04-20T16:37:34.101321+00:00",
  "required_seeds": [
    42,
    123,
    456,
    654,
    789,
    321
  ],
  "seed_rows": [
    {
      "seed": 123,
      "active_unit_count_mean": 4.9625,
      "assignment_entropy_mean": 0.6703820317374237,
      "same_instance_dominant_unit_match_rate_mean": 0.9540004280779293,
      "same_instance_assignment_cosine_mean": 0.9685703599637854,
      "different_instance_dominant_unit_collision_rate_mean": 0.3297738421426432,
      "unit_purity_by_instance_id_mean": 0.6674555556907422,
      "z_dyn_drift_mean": 0.5104378376309512,
      "z_sem_drift_mean": 0.006622139258833584,
      "z_sem_to_z_dyn_drift_ratio_mean": 0.012505243847244689
    },
    {
      "seed": 42,
      "active_unit_count_mean": 5.973125,
      "assignment_entropy_mean": 0.6697419139651363,
      "same_instance_dominant_unit_match_rate_mean": 0.9407187174470215,
      "same_instance_assignment_cosine_mean": 0.953105883936892,
      "different_instance_dominant_unit_collision_rate_mean": 0.23104454805537006,
      "unit_purity_by_instance_id_mean": 0.6686353264632052,
      "z_dyn_drift_mean": 0.4944178789001905,
      "z_sem_drift_mean": 0.0068221598495119395,
      "z_sem_to_z_dyn_drift_ratio_mean": 0.013166723796474515
    },
    {
      "seed": 456,
      "active_unit_count_mean": 5.298125,
      "assignment_entropy_mean": 0.6734207150138574,
      "same_instance_dominant_unit_match_rate_mean": 0.9473834136135948,
      "same_instance_assignment_cosine_mean": 0.9580192489541252,
      "different_instance_dominant_unit_collision_rate_mean": 0.29622305341615524,
      "unit_purity_by_instance_id_mean": 0.6571340313592456,
      "z_dyn_drift_mean": 0.5022125415798449,
      "z_sem_drift_mean": 0.006824734106773225,
      "z_sem_to_z_dyn_drift_ratio_mean": 0.013078194702638166
    }
  ],
  "seed_mean": {
    "active_unit_count_mean": 5.41125,
    "assignment_entropy_mean": 0.6711815535721392,
    "same_instance_dominant_unit_match_rate_mean": 0.9473675197128485,
    "same_instance_assignment_cosine_mean": 0.9598984976182675,
    "different_instance_dominant_unit_collision_rate_mean": 0.28568048120472284,
    "unit_purity_by_instance_id_mean": 0.6644083045043977,
    "z_dyn_drift_mean": 0.5023560860369956,
    "z_sem_drift_mean": 0.006756344405039583,
    "z_sem_to_z_dyn_drift_ratio_mean": 0.012916720782119123
  },
  "seed_std": {
    "active_unit_count_mean": 0.42026870124956933,
    "assignment_entropy_mean": 0.00160474726196118,
    "same_instance_dominant_unit_match_rate_mean": 0.0054222473067202705,
    "same_instance_assignment_cosine_mean": 0.006451676079534198,
    "different_instance_dominant_unit_collision_rate_mean": 0.04098965519386379,
    "unit_purity_by_instance_id_mean": 0.005166188286128679,
    "z_dyn_drift_mean": 0.0065409083565002805,
    "z_sem_drift_mean": 9.490318804354239e-05,
    "z_sem_to_z_dyn_drift_ratio_mean": 0.0002931942485385369
  },
  "failed_seed_flags": [
    654,
    789,
    321
  ],
  "mechanism_vs_performance_correlation": {
    "available_seed_count": 3,
    "correlation_unreliable_due_to_missing_seeds": true
  },
  "identity_binding_cross_seed_stable": false,
  "slow_semantic_state_cross_seed_stable": false,
  "anti_collapse_cross_seed_stable": false,
  "mechanism_cross_seed_stable": false,
  "mechanism_claim_ready": false
}
