{
  "audit_name": "stwm_fstf_trace_conditioning_bootstrap_v10",
  "vs_copy_residual_mlp": {
    "STWM_disable_trace_unit_binding_if_hook_available": {
      "a_minus_b_changed_top5": {
        "ci95": [
          0.04428513367889357,
          0.0804545137799177
        ],
        "item_count": 610,
        "mean_delta": 0.06243206995188213,
        "zero_excluded": true
      },
      "a_minus_b_overall_top5": {
        "ci95": [
          0.03273956569536392,
          0.04986782078005062
        ],
        "item_count": 647,
        "mean_delta": 0.04130859039781451,
        "zero_excluded": true
      },
      "a_minus_b_stable_drop": {
        "ci95": [
          -0.04735676451008531,
          -0.029359407402292086
        ],
        "item_count": 632,
        "mean_delta": -0.03774037927955012,
        "zero_excluded": true
      },
      "common_item_count": 647,
      "stable_drop_note": "Positive means first item set has larger stable drop."
    },
    "STWM_full_selected": {
      "a_minus_b_changed_top5": {
        "ci95": [
          0.047084095031023024,
          0.0832060600548494
        ],
        "item_count": 610,
        "mean_delta": 0.06527920483565722,
        "zero_excluded": true
      },
      "a_minus_b_overall_top5": {
        "ci95": [
          0.03278909286792164,
          0.050654284378522325
        ],
        "item_count": 647,
        "mean_delta": 0.04174363051283488,
        "zero_excluded": true
      },
      "a_minus_b_stable_drop": {
        "ci95": [
          -0.04788234430966498,
          -0.03005737893377678
        ],
        "item_count": 632,
        "mean_delta": -0.03839903106983704,
        "zero_excluded": true
      },
      "common_item_count": 647,
      "stable_drop_note": "Positive means first item set has larger stable drop."
    },
    "STWM_no_trace_condition_old": {
      "a_minus_b_changed_top5": {
        "ci95": [
          0.047084095031023024,
          0.0832060600548494
        ],
        "item_count": 610,
        "mean_delta": 0.06527920483565722,
        "zero_excluded": true
      },
      "a_minus_b_overall_top5": {
        "ci95": [
          0.03278909286792164,
          0.050654284378522325
        ],
        "item_count": 647,
        "mean_delta": 0.04174363051283488,
        "zero_excluded": true
      },
      "a_minus_b_stable_drop": {
        "ci95": [
          -0.04788234430966498,
          -0.03005737893377678
        ],
        "item_count": 632,
        "mean_delta": -0.03839903106983704,
        "zero_excluded": true
      },
      "common_item_count": 647,
      "stable_drop_note": "Positive means first item set has larger stable drop."
    },
    "STWM_random_future_hidden_same_stats": {
      "a_minus_b_changed_top5": {
        "ci95": [
          0.029337056061161344,
          0.06610929819953734
        ],
        "item_count": 610,
        "mean_delta": 0.047562253872757074,
        "zero_excluded": true
      },
      "a_minus_b_overall_top5": {
        "ci95": [
          0.0243384681215979,
          0.04198647193276716
        ],
        "item_count": 647,
        "mean_delta": 0.03312338092457935,
        "zero_excluded": true
      },
      "a_minus_b_stable_drop": {
        "ci95": [
          -0.04754413781758351,
          -0.02952217175330542
        ],
        "item_count": 632,
        "mean_delta": -0.03789928337629837,
        "zero_excluded": true
      },
      "common_item_count": 647,
      "stable_drop_note": "Positive means first item set has larger stable drop."
    },
    "STWM_shuffle_future_hidden_across_items": {
      "a_minus_b_changed_top5": {
        "ci95": [
          0.042042347959807665,
          0.07858848243463235
        ],
        "item_count": 610,
        "mean_delta": 0.06032847780184668,
        "zero_excluded": true
      },
      "a_minus_b_overall_top5": {
        "ci95": [
          0.030446706113435754,
          0.048422616488736414
        ],
        "item_count": 647,
        "mean_delta": 0.03939476931781452,
        "zero_excluded": true
      },
      "a_minus_b_stable_drop": {
        "ci95": [
          -0.04769516917817955,
          -0.02984327281577678
        ],
        "item_count": 632,
        "mean_delta": -0.038189413134433046,
        "zero_excluded": true
      },
      "common_item_count": 647,
      "stable_drop_note": "Positive means first item set has larger stable drop."
    },
    "STWM_shuffle_future_trace_coord_across_items": {
      "a_minus_b_changed_top5": {
        "ci95": [
          0.047084095031023024,
          0.0832060600548494
        ],
        "item_count": 610,
        "mean_delta": 0.06527920483565722,
        "zero_excluded": true
      },
      "a_minus_b_overall_top5": {
        "ci95": [
          0.03278909286792164,
          0.050654284378522325
        ],
        "item_count": 647,
        "mean_delta": 0.04174363051283488,
        "zero_excluded": true
      },
      "a_minus_b_stable_drop": {
        "ci95": [
          -0.04788234430966498,
          -0.03005737893377678
        ],
        "item_count": 632,
        "mean_delta": -0.03839903106983704,
        "zero_excluded": true
      },
      "common_item_count": 647,
      "stable_drop_note": "Positive means first item set has larger stable drop."
    },
    "STWM_time_reverse_future_hidden": {
      "a_minus_b_changed_top5": {
        "ci95": [
          0.04705744237929094,
          0.08324246276841789
        ],
        "item_count": 610,
        "mean_delta": 0.06522281064606104,
        "zero_excluded": true
      },
      "a_minus_b_overall_top5": {
        "ci95": [
          0.03270510775044307,
          0.05057752469707125
        ],
        "item_count": 647,
        "mean_delta": 0.041728510831985074,
        "zero_excluded": true
      },
      "a_minus_b_stable_drop": {
        "ci95": [
          -0.04788234430966498,
          -0.03005737893377678
        ],
        "item_count": 632,
        "mean_delta": -0.03839903106983704,
        "zero_excluded": true
      },
      "common_item_count": 647,
      "stable_drop_note": "Positive means first item set has larger stable drop."
    },
    "STWM_zero_future_hidden_to_semantic_head": {
      "a_minus_b_changed_top5": {
        "ci95": [
          0.022320991825373445,
          0.06359774588317167
        ],
        "item_count": 610,
        "mean_delta": 0.04297793649625582,
        "zero_excluded": true
      },
      "a_minus_b_overall_top5": {
        "ci95": [
          0.022435815510278137,
          0.04287221465127361
        ],
        "item_count": 647,
        "mean_delta": 0.032604868373786094,
        "zero_excluded": true
      },
      "a_minus_b_stable_drop": {
        "ci95": [
          -0.04436618675348125,
          -0.026354971839280067
        ],
        "item_count": 632,
        "mean_delta": -0.03484089850813527,
        "zero_excluded": true
      },
      "common_item_count": 647,
      "stable_drop_note": "Positive means first item set has larger stable drop."
    },
    "memory_only_same_capacity_head": {
      "a_minus_b_changed_top5": {
        "ci95": [
          0.022320991825373445,
          0.06359774588317167
        ],
        "item_count": 610,
        "mean_delta": 0.04297793649625582,
        "zero_excluded": true
      },
      "a_minus_b_overall_top5": {
        "ci95": [
          0.022435815510278137,
          0.04287221465127361
        ],
        "item_count": 647,
        "mean_delta": 0.032604868373786094,
        "zero_excluded": true
      },
      "a_minus_b_stable_drop": {
        "ci95": [
          -0.04436618675348125,
          -0.026354971839280067
        ],
        "item_count": 632,
        "mean_delta": -0.03484089850813527,
        "zero_excluded": true
      },
      "common_item_count": 647,
      "stable_drop_note": "Positive means first item set has larger stable drop."
    },