{
  "generated_at_utc": "2026-05-15T09:07:06.971565+00:00",
  "semantic_state_head_training_ran": true,
  "fresh_training_completed": true,
  "seed": 42,
  "M": 128,
  "H": 32,
  "steps": 1200,
  "batch_size": 8,
  "target_root": "outputs/cache/stwm_ostf_v35_1_fixed_semantic_state_targets/pointodyssey",
  "checkpoint_path": "outputs/checkpoints/stwm_ostf_v35_8_identity_only_retrieval_finetune_h32_m128/v35_semantic_state_head_m128_h32_seed42_best.pt",
  "last_checkpoint_path": "outputs/checkpoints/stwm_ostf_v35_8_identity_only_retrieval_finetune_h32_m128/v35_semantic_state_head_m128_h32_seed42_last.pt",
  "best_val_loss": 9.001768016815186,
  "copy_prior_strength": 7.0,
  "assignment_bound_decoder": true,
  "identity_dim": 128,
  "semantic_feature_dim": 137,
  "pairwise_assignment_weight": 0.0,
  "identity_contrastive_weight": 1.0,
  "assignment_target_root": "outputs/cache/stwm_ostf_v35_2_identity_confuser_assignment_targets/pointodyssey",
  "measurement_bank_root": "outputs/cache/stwm_ostf_v34_9_trace_preserving_semantic_measurement_bank/pointodyssey",
  "include_observed_measurement_embedding": true,
  "init_checkpoint": "outputs/checkpoints/stwm_ostf_v35_7_dual_path_identity_retrieval_head_h32_m128/v35_semantic_state_head_m128_h32_seed42_best.pt",
  "identity_only_finetune": true,
  "train_seconds": 146.72164916992188,
  "loss_trace": {
    "loss": {
      "first": 6.766400337219238,
      "last": 6.431466579437256,
      "mean": 6.691267268657684
    },
    "cluster_ce": {
      "first": 2.6677258014678955,
      "last": 2.733746290206909,
      "mean": 2.8502262971798578
    },
    "changed_hard_cluster_ce": {
      "first": 3.7032339572906494,
      "last": 3.655290126800537,
      "mean": 3.766325438817342
    },
    "stable_ce": {
      "first": 0.6637632846832275,
      "last": 0.7984205484390259,
      "mean": 0.7943417645990849
    },
    "change_bce": {
      "first": 0.5333995819091797,
      "last": 0.51922607421875,
      "mean": 0.4964409321049849
    },
    "family_ce": {
      "first": 0.751978874206543,
      "last": 0.7573530077934265,
      "mean": 0.7292208761970203
    },
    "same_instance_bce": {
      "first": 0.12878817319869995,
      "last": 0.10569165647029877,
      "mean": 0.1282711194517712
    },
    "identity_embedding_pairwise_loss": {
      "first": 0.45498883724212646,
      "last": 0.03846798837184906,
      "mean": 0.12460714769394447
    },
    "uncertainty_mse": {
      "first": 0.013867401517927647,
      "last": 0.011866610497236252,
      "mean": 0.011681010657921433
    },
    "pairwise_assignment_loss": {
      "first": 0.21396994590759277,
      "last": 0.20230990648269653,
      "mean": 0.21408446719869972
    },
    "unit_anti_collapse": {
      "first": 0.6330262422561646,
      "last": 0.6095012426376343,
      "mean": 0.5989575880765915
    }
  },
  "v30_backbone_frozen": true,
  "future_leakage_detected": false,
  "trajectory_degraded": false,
  "teacher_as_method": false,
  "future_teacher_embeddings_input_allowed": false,
  "中文结论": "V35 semantic state head 已在 V35.1 fixed targets 上完成 seed42 训练；本训练只更新 semantic state head，不训练 V30 trajectory backbone。"
}