{
  "generated_at_utc": "2026-05-16T04:22:54.474673+00:00",
  "larger_raw_video_closure_eval_done": true,
  "slice_root": "outputs/cache/stwm_ostf_v35_45_larger_rerun_unified_slice/M128_H32",
  "semantic_seed_rows": [
    {
      "seed": 42,
      "thresholds": {
        "changed": 0.31246068626642237,
        "hard": 0.28803361207246775,
        "uncertainty": 0.48819584399461746
      },
      "val": {
        "semantic_changed": {
          "roc_auc": 0.6684293075678751,
          "balanced_accuracy": 0.660156890624603,
          "f1": 0.3623850773236967,
          "positive_ratio": 0.15223333333333333
        },
        "semantic_hard": {
          "roc_auc": 0.71165576796542,
          "balanced_accuracy": 0.6628155489367588,
          "f1": 0.4472629296181902,
          "positive_ratio": 0.21085
        },
        "semantic_uncertainty": {
          "roc_auc": 0.7171735847308061,
          "balanced_accuracy": 0.6602984312608728,
          "f1": 0.5215753962027303,
          "positive_ratio": 0.2873
        },
        "cluster": {
          "cluster_top1": 0.5302666666666667,
          "cluster_top5": 0.8008833333333333,
          "copy_top1": 0.74755,
          "stable_top5": 1.0,
          "stable_copy_top1": 1.0,
          "stable_token_ratio": 0.74755
        }
      },
      "test": {
        "semantic_changed": {
          "roc_auc": 0.583126352791891,
          "balanced_accuracy": 0.5474687436495733,
          "f1": 0.2875388838060384,
          "positive_ratio": 0.15705
        },
        "semantic_hard": {
          "roc_auc": 0.6288349350943174,
          "balanced_accuracy": 0.5559547548487145,
          "f1": 0.3692080426754206,
          "positive_ratio": 0.20961666666666667
        },
        "semantic_uncertainty": {
          "roc_auc": 0.6892392153944591,
          "balanced_accuracy": 0.616447667064693,
          "f1": 0.47586368977673327,
          "positive_ratio": 0.28663333333333335
        },
        "cluster": {
          "cluster_top1": 0.44256666666666666,
          "cluster_top5": 0.9000333333333334,
          "copy_top1": 0.858,
          "stable_top5": 1.0,
          "stable_copy_top1": 1.0,
          "stable_token_ratio": 0.858
        }
      },
      "stable_preservation": true,
      "semantic_smoke_passed": true
    },
    {
      "seed": 123,
      "thresholds": {
        "changed": 0.3853190094232558,
        "hard": 0.5154991894960403,
        "uncertainty": 0.39184456989169125
      },
      "val": {
        "semantic_changed": {
          "roc_auc": 0.6934212174704122,
          "balanced_accuracy": 0.6517335736424953,
          "f1": 0.34914376647744816,
          "positive_ratio": 0.15171666666666667
        },
        "semantic_hard": {
          "roc_auc": 0.7342732585748724,
          "balanced_accuracy": 0.682425072059412,
          "f1": 0.47922923667073064,
          "positive_ratio": 0.21048333333333333
        },
        "semantic_uncertainty": {
          "roc_auc": 0.7480927994076634,
          "balanced_accuracy": 0.6893847354278797,
          "f1": 0.5587357330992099,
          "positive_ratio": 0.2843333333333333
        },
        "cluster": {
          "cluster_top1": 0.52365,
          "cluster_top5": 0.8583,
          "copy_top1": 0.7519,
          "stable_top5": 1.0,
          "stable_copy_top1": 1.0,
          "stable_token_ratio": 0.7519
        }
      },
      "test": {
        "semantic_changed": {
          "roc_auc": 0.6068493086452384,
          "balanced_accuracy": 0.6174252747000116,
          "f1": 0.32568900069630063,
          "positive_ratio": 0.15346666666666667
        },
        "semantic_hard": {
          "roc_auc": 0.6177728857457527,
          "balanced_accuracy": 0.5694995025324023,
          "f1": 0.3503086014445174,
          "positive_ratio": 0.20641666666666666
        },
        "semantic_uncertainty": {
          "roc_auc": 0.6823060805493134,
          "balanced_accuracy": 0.6073552936870097,
          "f1": 0.4767610748002905,
          "positive_ratio": 0.28203333333333336
        },
        "cluster": {
          "cluster_top1": 0.5514166666666667,
          "cluster_top5": 0.91505,
          "copy_top1": 0.85895,
          "stable_top5": 1.0,
          "stable_copy_top1": 1.0,
          "stable_token_ratio": 0.85895
        }
      },
      "stable_preservation": true,
      "semantic_smoke_passed": true
    },
    {
      "seed": 456,
      "thresholds": {
        "changed": 0.4697475910186768,
        "hard": 0.3511211127042771,
        "uncertainty": 0.22466107606887817
      },
      "val": {
        "semantic_changed": {
          "roc_auc": 0.6813680453869887,
          "balanced_accuracy": 0.6671452676019755,
          "f1": 0.37998436278342457,
          "positive_ratio": 0.15423333333333333
        },
        "semantic_hard": {
          "roc_auc": 0.7135199068865439,
          "balanced_accuracy": 0.6552779466492434,
          "f1": 0.44496691470538335,
          "positive_ratio": 0.21261666666666668
        },
        "semantic_uncertainty": {
          "roc_auc": 0.7212327177294713,
          "balanced_accuracy": 0.6729881634698984,
          "f1": 0.5466962673088501,
          "positive_ratio": 0.28586666666666666
        },
        "cluster": {
          "cluster_top1": 0.6345166666666666,
          "cluster_top5": 0.85745,
          "copy_top1": 0.7490166666666667,
          "stable_top5": 1.0,
          "stable_copy_top1": 1.0,
          "stable_token_ratio": 0.7490166666666667
        }
      },
      "test": {
        "semantic_changed": {
          "roc_auc": 0.6037652502085599,
          "balanced_accuracy": 0.5492413168315604,
          "f1": 0.2853987100846137,
          "positive_ratio": 0.15621666666666667
        },
        "semantic_hard": {
          "roc_auc": 0.6506116980551817,
          "balanced_accuracy": 0.5768411283593401,
          "f1": 0.3789026871535817,
          "positive_ratio": 0.20851666666666666
        },
        "semantic_uncertainty": {
          "roc_auc": 0.6895472894591321,
          "balanced_accuracy": 0.5830662981614079,
          "f1": 0.4822275423534973,
          "positive_ratio": 0.284
        },
        "cluster": {
          "cluster_top1": 0.44781666666666664,
          "cluster_top5": 0.9054333333333333,
          "copy_top1": 0.8604166666666667,
          "stable_top5": 1.0,
          "stable_copy_top1": 1.0,
          "stable_token_ratio": 0.8604166666666667
        }
      },
      "stable_preservation": true,
      "semantic_smoke_passed": true
    }
  ],
  "real_instance_identity_seed_rows": [
    {
      "seed": 42,
      "val": {
        "identity_retrieval_exclude_same_point_top1": 1.0,
        "identity_retrieval_same_frame_top1": 1.0,
        "identity_retrieval_instance_pooled_top1": 1.0,
        "identity_confuser_separation": 1.0271711736103444,
        "identity_confuser_avoidance_top1": 1.0,
        "occlusion_reappear_retrieval_top1": 1.0,
        "trajectory_crossing_retrieval_top1": 1.0,
        "same_pair_similarity_mean": 0.9757883267139825,
        "confuser_pair_similarity_mean": -0.05138284689636195,
        "confuser_pair_count": 207144.0,
        "occlusion_reappear_total": 453.0,
        "trajectory_crossing_total": 796.0
      },
      "test": {
        "identity_retrieval_exclude_same_point_top1": 1.0,
        "identity_retrieval_same_frame_top1": 1.0,
        "identity_retrieval_instance_pooled_top1": 0.9996603260869565,
        "identity_confuser_separation": 0.5030873043529211,
        "identity_confuser_avoidance_top1": 1.0,
        "occlusion_reappear_retrieval_top1": 1.0,
        "trajectory_crossing_retrieval_top1": 1.0,
        "same_pair_similarity_mean": 0.9850276436392716,
        "confuser_pair_similarity_mean": 0.48194033928635055,
        "confuser_pair_count": 792842.0,
        "occlusion_reappear_total": 738.0,
        "trajectory_crossing_total": 2236.0
      },
      "identity_passed": true
    },
    {
      "seed": 123,