{
  "aligned_final_semantic_target_loss": {
    "active": true,
    "first": 0.7670769691467285,
    "last": 0.6505212783813477,
    "mean": 0.6782805973833258
  },
  "assignment_contrast_loss": {
    "active": true,
    "first": 0.6789289712905884,
    "last": 0.6505157351493835,
    "mean": 0.6624686284498735
  },
  "checkpoint_path": "outputs/checkpoints/stwm_ostf_v34_20_hard_changed_aligned_topk_residual_probe_h32_m128/v34_20_hard_changed_aligned_topk_residual_probe_m128_h32_seed42_best.pt",
  "duration_seconds": 695.97563123703,
  "fresh_training_completed": true,
  "future_leakage_detected": false,
  "generated_at_utc": "2026-05-13T14:13:03.585379+00:00",
  "init_checkpoint": {
    "residual_init_source": "outputs/checkpoints/stwm_ostf_v34_18_topk_evidence_oracle_residual_probe_h32_m128/v34_18_topk_evidence_oracle_residual_probe_m128_h32_seed42_best.pt",
    "selector_frozen": true,
    "selector_init_source": "inherited_from_v34_18"
  },
  "loss_trace": [
    {
      "aligned_final_semantic_target_loss": 0.7670769691467285,
      "assignment_contrast_loss": 0.6789289712905884,
      "causal_final_semantic_target_loss": 0.6098844408988953,
      "different_instance_unit_separation": 0.09087187796831131,
      "hard_changed_loss": 0.7670769691467285,
      "loss": 3.110546112060547,
      "point_assignment_entropy": 0.2750948369503021,
      "same_instance_pair_attraction": 0.19874194264411926,
      "semantic_measurement_causal_contrast_loss": 0.6863149404525757,
      "stable_preservation_loss": -3.292972650115189e-08,
      "step": 1.0,
      "topk_raw_evidence_loss": 0.7592450976371765,
      "unit_anti_collapse": 0.3442949056625366,
      "unit_memory_target_loss": 0.363931804895401,
      "unit_usage_entropy": 0.6557050943374634
    },
    {
      "aligned_final_semantic_target_loss": 0.7364966869354248,
      "assignment_contrast_loss": 0.679375410079956,
      "causal_final_semantic_target_loss": 0.6149649620056152,
      "different_instance_unit_separation": 0.07313917577266693,
      "hard_changed_loss": 0.7364966869354248,
      "loss": 3.0595602989196777,
      "point_assignment_entropy": 0.33524593710899353,
      "same_instance_pair_attraction": 0.36496609449386597,
      "semantic_measurement_causal_contrast_loss": 0.6820407509803772,
      "stable_preservation_loss": -3.428506190061853e-08,
      "step": 100.0,
      "topk_raw_evidence_loss": 0.753469705581665,
      "unit_anti_collapse": 0.23209619522094727,
      "unit_memory_target_loss": 0.35671401023864746,
      "unit_usage_entropy": 0.7679038047790527
    },
    {
      "aligned_final_semantic_target_loss": 0.7002602219581604,
      "assignment_contrast_loss": 0.685378909111023,
      "causal_final_semantic_target_loss": 0.5599599480628967,
      "different_instance_unit_separation": 0.08997942507266998,
      "hard_changed_loss": 0.7002602219581604,
      "loss": 2.984008550643921,
      "point_assignment_entropy": 0.29075244069099426,
      "same_instance_pair_attraction": 0.21878118813037872,
      "semantic_measurement_causal_contrast_loss": 0.672357439994812,
      "stable_preservation_loss": -3.417716243347968e-08,
      "step": 200.0,
      "topk_raw_evidence_loss": 0.7969791889190674,
      "unit_anti_collapse": 0.29460054636001587,
      "unit_memory_target_loss": 0.3748070299625397,
      "unit_usage_entropy": 0.7053994536399841
    },
    {
      "aligned_final_semantic_target_loss": 0.6742891669273376,
      "assignment_contrast_loss": 0.6605445742607117,
      "causal_final_semantic_target_loss": 0.5643918514251709,
      "different_instance_unit_separation": 0.08072390407323837,
      "hard_changed_loss": 0.6742891669273376,
      "loss": 2.894409418106079,
      "point_assignment_entropy": 0.2835313379764557,
      "same_instance_pair_attraction": 0.25394243001937866,
      "semantic_measurement_causal_contrast_loss": 0.6671578884124756,
      "stable_preservation_loss": -3.277452265137981e-08,
      "step": 300.0,
      "topk_raw_evidence_loss": 0.7641060948371887,
      "unit_anti_collapse": 0.2767336964607239,
      "unit_memory_target_loss": 0.34644025564193726,
      "unit_usage_entropy": 0.7232663035392761
    },
    {
      "aligned_final_semantic_target_loss": 0.6944054365158081,
      "assignment_contrast_loss": 0.6557690501213074,
      "causal_final_semantic_target_loss": 0.6178749203681946,
      "different_instance_unit_separation": 0.08546492457389832,
      "hard_changed_loss": 0.6944054365158081,
      "loss": 2.9941627979278564,
      "point_assignment_entropy": 0.2635096311569214,
      "same_instance_pair_attraction": 0.23435930907726288,
      "semantic_measurement_causal_contrast_loss": 0.6703139543533325,
      "stable_preservation_loss": -3.338697496246823e-08,
      "step": 400.0,
      "topk_raw_evidence_loss": 0.7653692364692688,
      "unit_anti_collapse": 0.3057634234428406,
      "unit_memory_target_loss": 0.39232873916625977,
      "unit_usage_entropy": 0.6942365765571594
    },
    {
      "aligned_final_semantic_target_loss": 0.6293945908546448,
      "assignment_contrast_loss": 0.6495217084884644,
      "causal_final_semantic_target_loss": 0.5204625129699707,
      "different_instance_unit_separation": 0.0846959576010704,
      "hard_changed_loss": 0.6293945908546448,
      "loss": 2.78285551071167,
      "point_assignment_entropy": 0.27884355187416077,
      "same_instance_pair_attraction": 0.27822378277778625,
      "semantic_measurement_causal_contrast_loss": 0.6558306217193604,
      "stable_preservation_loss": -3.343443211178965e-08,
      "step": 500.0,
      "topk_raw_evidence_loss": 0.7427912950515747,
      "unit_anti_collapse": 0.3093221187591553,
      "unit_memory_target_loss": 0.33871567249298096,
      "unit_usage_entropy": 0.6906778812408447
    },
    {
      "aligned_final_semantic_target_loss": 0.679353654384613,
      "assignment_contrast_loss": 0.657140851020813,
      "causal_final_semantic_target_loss": 0.6092367768287659,
      "different_instance_unit_separation": 0.09634283185005188,
      "hard_changed_loss": 0.679353654384613,
      "loss": 2.928067207336426,
      "point_assignment_entropy": 0.27067890763282776,
      "same_instance_pair_attraction": 0.3171178996562958,
      "semantic_measurement_causal_contrast_loss": 0.6673994064331055,
      "stable_preservation_loss": -3.5015556676398774e-08,
      "step": 600.0,
      "topk_raw_evidence_loss": 0.7373133301734924,
      "unit_anti_collapse": 0.2821342349052429,
      "unit_memory_target_loss": 0.34273308515548706,
      "unit_usage_entropy": 0.7178657650947571
    },
    {
      "aligned_final_semantic_target_loss": 0.6664013862609863,
      "assignment_contrast_loss": 0.6589400172233582,
      "causal_final_semantic_target_loss": 0.5528494119644165,
      "different_instance_unit_separation": 0.08894242346286774,
      "hard_changed_loss": 0.6664013862609863,
      "loss": 2.8985373973846436,
      "point_assignment_entropy": 0.24134385585784912,
      "same_instance_pair_attraction": 0.1754760891199112,
      "semantic_measurement_causal_contrast_loss": 0.6676076650619507,
      "stable_preservation_loss": -3.305049034452168e-08,
      "step": 700.0,
      "topk_raw_evidence_loss": 0.7737289071083069,
      "unit_anti_collapse": 0.33469921350479126,
      "unit_memory_target_loss": 0.3749200999736786,
      "unit_usage_entropy": 0.6653007864952087
    },
    {
      "aligned_final_semantic_target_loss": 0.6142130494117737,
      "assignment_contrast_loss": 0.650736927986145,
      "causal_final_semantic_target_loss": 0.515450656414032,
      "different_instance_unit_separation": 0.11399388313293457,
      "hard_changed_loss": 0.6142130494117737,
      "loss": 2.77825927734375,
      "point_assignment_entropy": 0.24422761797904968,
      "same_instance_pair_attraction": 0.231398344039917,
      "semantic_measurement_causal_contrast_loss": 0.6662808656692505,
      "stable_preservation_loss": -3.3922965769761504e-08,
      "step": 800.0,