{
  "audit_name": "stwm_ostf_v26_bootstrap",
  "generated_at_utc": "2026-05-06T08:51:42.656190+00:00",
  "h64_vs_cv_all_minfde": {
    "ci95": [
      24.599407994305647,
      171.15173417550545
    ],
    "item_count": 54,
    "mean_delta": 88.27732764350043,
    "zero_excluded": true
  },
  "h64_vs_cv_all_miss64": {
    "ci95": [
      0.0,
      0.0
    ],
    "item_count": 54,
    "mean_delta": 0.0,
    "zero_excluded": false
  },
  "m128_vs_affine_all_minfde": {
    "ci95": [
      2167.776602484605,
      2.0263381583404897e+24
    ],
    "item_count": 257,
    "mean_delta": 6.754460527801632e+23,
    "zero_excluded": true
  },
  "m128_vs_cv_all_minfde": {
    "ci95": [
      180.85872020814207,
      373.7714873083834
    ],
    "item_count": 257,
    "mean_delta": 262.9774070101489,
    "zero_excluded": true
  },
  "m128_vs_cv_all_miss32": {
    "ci95": [
      0.0,
      0.019455252918287938
    ],
    "item_count": 257,
    "mean_delta": 0.007782101167315175,
    "zero_excluded": false
  },
  "m128_vs_cv_hard_minfde": {
    "ci95": [
      287.12076202622035,
      605.5201045294453
    ],
    "item_count": 133,
    "mean_delta": 435.29165814335187,
    "zero_excluded": true
  },
  "m128_vs_cv_hard_miss32": {
    "ci95": [
      0.0,
      0.03759398496240601
    ],
    "item_count": 133,
    "mean_delta": 0.015037593984962405,
    "zero_excluded": false
  },
  "m128_vs_single_mode_hard_minfde": {
    "ci95": [
      287.12076202622035,
      605.5201045294453
    ],
    "item_count": 133,
    "mean_delta": 435.29165814335187,
    "zero_excluded": true
  },
  "m128_vs_wo_dense_extent_hard": {
    "ci95": [
      0.0,
      0.0
    ],
    "item_count": 133,
    "mean_delta": 0.0,
    "zero_excluded": false
  },
  "m128_vs_wo_dense_hard_minfde": {
    "ci95": [
      0.0,
      0.0
    ],
    "item_count": 133,
    "mean_delta": 0.0,
    "zero_excluded": false
  },
  "m128_vs_wo_physics_hard_minfde": {
    "ci95": [
      0.7728898134446683,
      85.50053762815949
    ],
    "item_count": 133,
    "mean_delta": 40.57612677265827,
    "zero_excluded": true
  },
  "m128_vs_wo_semantic_hard_minfde": {
    "ci95": [
      0.0,
      0.0
    ],
    "item_count": 133,
    "mean_delta": 0.0,
    "zero_excluded": false
  },
  "m128_vs_wo_semantic_sem_top5": {
    "ci95": [
      0.0,
      0.0
    ],
    "item_count": 257,
    "mean_delta": 0.0,
    "zero_excluded": false
  },
  "m512_vs_cv_all_minfde": {
    "ci95": [
      157.920624662095,
      270.37055819730347
    ],
    "item_count": 257,
    "mean_delta": 211.15118403008012,
    "zero_excluded": true
  },
  "m512_vs_cv_all_miss32": {
    "ci95": [
      0.0,
      0.019455252918287938
    ],
    "item_count": 257,
    "mean_delta": 0.007782101167315175,
    "zero_excluded": false
  },
  "m512_vs_cv_hard_minfde": {
    "ci95": [
      250.84717479469182,
      434.18461882368956
    ],
    "item_count": 133,
    "mean_delta": 342.3831974545816,
    "zero_excluded": true
  }
}
