{
  "audit_name": "stwm_ostf_v17_eval_summary",
  "cache_verification_passed": true,
  "experiments": {
    "constant_velocity_copy_seed42_h8": {
      "effective_M": 512,
      "horizon": 8,
      "metric_note": "Anchor/centroid and dense point metrics are reported separately; M1 anchor is not treated as directly comparable to M512 dense point L1 as the sole criterion.",
      "model_kind": "constant_velocity_copy",
      "seed": 42,
      "test_metrics": {
        "PCK_16px": 0.6042471511529023,
        "PCK_4px": 0.28967253763828626,
        "PCK_8px": 0.4433638582935946,
        "anchor_centroid_L1_px": 77.69232940673828,
        "endpoint_error_px": 50.64809799194336,
        "object_extent_iou": 0.8097288340646511,
        "point_L1_px": 27.232643127441406,
        "semantic_changed_top5": null,
        "semantic_metric_note": "future semantic target is constant per object prototype in current V17 cache; changed subset is not a strong signal here",
        "semantic_top1": 0.02620967741935484,
        "semantic_top5": 0.14112903225806453,
        "stable_semantic_preservation": null,
        "visibility_F1": 0.9439682076160714
      },
      "val_metrics": {
        "PCK_16px": 0.6343285279459477,
        "PCK_4px": 0.33034752650767635,
        "PCK_8px": 0.48175602903301334,
        "anchor_centroid_L1_px": 101.35965728759766,
        "endpoint_error_px": 69.55219268798828,
        "object_extent_iou": 0.790194216280649,
        "point_L1_px": 35.72969055175781,
        "semantic_changed_top5": null,
        "semantic_metric_note": "future semantic target is constant per object prototype in current V17 cache; changed subset is not a strong signal here",
        "semantic_top1": 0.018480492813141684,
        "semantic_top5": 0.1273100616016427,
        "stable_semantic_preservation": null,
        "visibility_F1": 0.950928748032974
      }
    },
    "m1_anchor_stwm_m128_seed42_h8": {
      "effective_M": 1,
      "horizon": 8,
      "metric_note": "Anchor/centroid and dense point metrics are reported separately; M1 anchor is not treated as directly comparable to M512 dense point L1 as the sole criterion.",
      "model_kind": "m1_anchor_stwm_m128",
      "seed": 42,
      "test_metrics": {
        "PCK_16px": 0.06923076923076923,
        "PCK_4px": 0.0008241758241758242,
        "PCK_8px": 0.009065934065934067,
        "anchor_centroid_L1_px": 84.67574310302734,
        "endpoint_error_px": 130.90887451171875,
        "object_extent_iou": 0.0,
        "point_L1_px": 84.67574310302734,
        "semantic_changed_top5": null,
        "semantic_metric_note": "future semantic target is constant per object prototype in current V17 cache; changed subset is not a strong signal here",
        "semantic_top1": 0.05054945054945055,
        "semantic_top5": 0.22637362637362637,
        "stable_semantic_preservation": null,
        "visibility_F1": 1.0
      },
      "val_metrics": {
        "PCK_16px": 0.05587855297157623,
        "PCK_4px": 0.0006459948320413437,
        "PCK_8px": 0.005813953488372093,
        "anchor_centroid_L1_px": 96.54853057861328,
        "endpoint_error_px": 148.2764892578125,
        "object_extent_iou": 0.0,
        "point_L1_px": 96.54853057861328,
        "semantic_changed_top5": null,
        "semantic_metric_note": "future semantic target is constant per object prototype in current V17 cache; changed subset is not a strong signal here",
        "semantic_top1": 0.09043927648578812,
        "semantic_top5": 0.28940568475452194,
        "stable_semantic_preservation": null,
        "visibility_F1": 1.0
      }
    },
    "m1_anchor_stwm_seed42_h8": {
      "effective_M": 1,
      "horizon": 8,
      "metric_note": "Anchor/centroid and dense point metrics are reported separately; M1 anchor is not treated as directly comparable to M512 dense point L1 as the sole criterion.",
      "model_kind": "m1_anchor_stwm",
      "seed": 42,
      "test_metrics": {
        "PCK_16px": 0.2321068548387097,
        "PCK_4px": 0.017641129032258066,
        "PCK_8px": 0.09173387096774194,
        "anchor_centroid_L1_px": 46.32788848876953,
        "endpoint_error_px": 77.9854965209961,
        "object_extent_iou": 0.0,
        "point_L1_px": 46.32788848876953,
        "semantic_changed_top5": null,
        "semantic_metric_note": "future semantic target is constant per object prototype in current V17 cache; changed subset is not a strong signal here",
        "semantic_top1": 0.0625,
        "semantic_top5": 0.25,
        "stable_semantic_preservation": null,
        "visibility_F1": 0.0
      },
      "val_metrics": {
        "PCK_16px": 0.24358316221765913,
        "PCK_4px": 0.016170431211498974,
        "PCK_8px": 0.09958932238193019,
        "anchor_centroid_L1_px": 45.10747528076172,
        "endpoint_error_px": 77.35662078857422,
        "object_extent_iou": 0.0,
        "point_L1_px": 45.10747528076172,
        "semantic_changed_top5": null,
        "semantic_metric_note": "future semantic target is constant per object prototype in current V17 cache; changed subset is not a strong signal here",
        "semantic_top1": 0.08418891170431211,
        "semantic_top5": 0.23203285420944558,
        "stable_semantic_preservation": null,
        "visibility_F1": 0.0
      }
    },
    "ostf_m512_wo_dense_point_input_seed42_h8": {
      "effective_M": 512,
      "horizon": 8,
      "metric_note": "Anchor/centroid and dense point metrics are reported separately; M1 anchor is not treated as directly comparable to M512 dense point L1 as the sole criterion.",
      "model_kind": "ostf_m512_wo_dense_point_input",
      "seed": 42,
      "test_metrics": {
        "PCK_16px": 0.01701571517539384,
        "PCK_4px": 0.0011796931646851658,
        "PCK_8px": 0.004397154413842756,
        "anchor_centroid_L1_px": 63.79465866088867,
        "endpoint_error_px": 154.39410400390625,
        "object_extent_iou": 0.20721987535019132,
        "point_L1_px": 149.5249786376953,
        "semantic_changed_top5": null,
        "semantic_metric_note": "future semantic target is constant per object prototype in current V17 cache; changed subset is not a strong signal here",
        "semantic_top1": 0.0625,
        "semantic_top5": 0.25,
        "stable_semantic_preservation": null,
        "visibility_F1": 0.8699376067629663
      },
      "val_metrics": {
        "PCK_16px": 0.016011639963875973,
        "PCK_4px": 0.001002107234839616,
        "PCK_8px": 0.003934842960832191,
        "anchor_centroid_L1_px": 62.58940124511719,
        "endpoint_error_px": 146.84205627441406,
        "object_extent_iou": 0.2040471950526551,
        "point_L1_px": 140.8138427734375,
        "semantic_changed_top5": null,
        "semantic_metric_note": "future semantic target is constant per object prototype in current V17 cache; changed subset is not a strong signal here",
        "semantic_top1": 0.08418891170431211,
        "semantic_top5": 0.23203285420944558,
        "stable_semantic_preservation": null,
        "visibility_F1": 0.8567452677984481
      }
    },
    "ostf_m512_wo_point_residual_decoder_seed42_h8": {
      "effective_M": 512,
      "horizon": 8,
      "metric_note": "Anchor/centroid and dense point metrics are reported separately; M1 anchor is not treated as directly comparable to M512 dense point L1 as the sole criterion.",
      "model_kind": "ostf_m512_wo_point_residual_decoder",
      "seed": 42,
      "test_metrics": {
        "PCK_16px": 0.018453086576050885,
        "PCK_4px": 0.0013421007873572698,
        "PCK_8px": 0.005005863298818516,
        "anchor_centroid_L1_px": 43.03909683227539,
        "endpoint_error_px": 213.1204833984375,
        "object_extent_iou": 0.0,
        "point_L1_px": 208.10311889648438,
        "semantic_changed_top5": null,
        "semantic_metric_note": "future semantic target is constant per object prototype in current V17 cache; changed subset is not a strong signal here",
        "semantic_top1": 0.0625,