{
  "candidate": "v33_10_no_copy_prior_control",
  "changed_top5_beats_nontrivial_baseline": true,
  "copy_prior_active": false,
  "fresh_training_completed": true,
  "future_teacher_leakage_detected": false,
  "gate_collapse_detected": true,
  "generated_at_utc": "2026-05-10T11:00:31.554853+00:00",
  "hard_identity_ROC_AUC_test": {
    "mean": 0.5439277883205453,
    "std": 0.0010173665071402979,
    "worst": 0.5429784220845335
  },
  "hard_identity_ROC_AUC_val": {
    "mean": 0.588699137733804,
    "std": 0.0006361083732677873,
    "worst": 0.5878094638709063
  },
  "identity_regressed": true,
  "pass_gate": false,
  "semantic_change_AUROC": {
    "test": {
      "mean": 0.5712728857326458,
      "std": 0.0,
      "worst": 0.5712728857326458
    },
    "val": {
      "mean": 0.5410883526239628,
      "std": 0.0,
      "worst": 0.5410883526239628
    }
  },
  "semantic_change_gate_active": true,
  "semantic_hard_top5_beats_nontrivial_baseline": true,
  "stable_preservation_not_degraded_top5": false,
  "trajectory_degraded": false,
  "val_calibrated_balanced_accuracy_test": {
    "mean": 0.5276442137214019,
    "std": 0.001180827437920627,
    "worst": 0.5263818560912301
  },
  "val_calibrated_balanced_accuracy_val": {
    "mean": 0.5690120729285221,
    "std": 0.0021285719291531803,
    "worst": 0.5660440516837384
  },
  "visibility_AUROC": null,
  "visibility_F1": null
}
