{
  "generated_at_utc": "2026-05-15T12:36:54.381304+00:00",
  "video_identity_pairwise_retrieval_eval_done": true,
  "seed": 456,
  "target_root": "outputs/cache/stwm_ostf_v35_16_video_identity_pairwise_retrieval_targets/M128_H32",
  "measurement_baseline": {
    "val": {
      "identity_retrieval_exclude_same_point_top1": 0.906982421875,
      "identity_retrieval_same_frame_top1": 0.906982421875,
      "identity_retrieval_instance_pooled_top1": 0.900146484375,
      "identity_confuser_separation": 0.18357239463646657,
      "identity_confuser_avoidance_top1": 0.9038485804416404,
      "occlusion_reappear_retrieval_top1": 0.9688311688311688,
      "trajectory_crossing_retrieval_top1": 0.8934712707954704,
      "same_pair_similarity_mean": 0.998376307525034,
      "confuser_pair_similarity_mean": 0.8148039128885675,
      "confuser_pair_count": 3490964.0,
      "occlusion_reappear_total": 1155.0,
      "trajectory_crossing_total": 7153.0
    },
    "test": {
      "identity_retrieval_exclude_same_point_top1": 0.9074590773809523,
      "identity_retrieval_same_frame_top1": 0.9074590773809523,
      "identity_retrieval_instance_pooled_top1": 0.8686755952380952,
      "identity_confuser_separation": 0.1954830508127482,
      "identity_confuser_avoidance_top1": 0.9049224544841538,
      "occlusion_reappear_retrieval_top1": 0.9676975945017182,
      "trajectory_crossing_retrieval_top1": 0.8996482516035589,
      "same_pair_similarity_mean": 0.9979282689532583,
      "confuser_pair_similarity_mean": 0.8024452181405101,
      "confuser_pair_count": 5208120.0,
      "occlusion_reappear_total": 2910.0,
      "trajectory_crossing_total": 9666.0
    }
  },
  "learned_identity_head": {
    "val": {
      "identity_retrieval_exclude_same_point_top1": 0.98388671875,
      "identity_retrieval_same_frame_top1": 0.98388671875,
      "identity_retrieval_instance_pooled_top1": 0.9052734375,
      "identity_confuser_separation": 0.591305431189525,
      "identity_confuser_avoidance_top1": 0.9833438485804417,
      "occlusion_reappear_retrieval_top1": 0.9878787878787879,
      "trajectory_crossing_retrieval_top1": 0.9815462043897666,
      "same_pair_similarity_mean": 0.9700942433725191,
      "confuser_pair_similarity_mean": 0.3787888121829941,
      "confuser_pair_count": 3490964.0,
      "occlusion_reappear_total": 1155.0,
      "trajectory_crossing_total": 7153.0
    },
    "test": {
      "identity_retrieval_exclude_same_point_top1": 0.9908854166666666,
      "identity_retrieval_same_frame_top1": 0.9908854166666666,
      "identity_retrieval_instance_pooled_top1": 0.8751860119047619,
      "identity_confuser_separation": 0.5380812520376086,
      "identity_confuser_avoidance_top1": 0.9909449956651575,
      "occlusion_reappear_retrieval_top1": 0.983848797250859,
      "trajectory_crossing_retrieval_top1": 0.9898613697496379,
      "same_pair_similarity_mean": 0.9756133476803711,
      "confuser_pair_similarity_mean": 0.4375320956427625,
      "confuser_pair_count": 5208120.0,
      "occlusion_reappear_total": 2910.0,
      "trajectory_crossing_total": 9666.0
    }
  },
  "v30_backbone_frozen": true,
  "future_leakage_detected": false,
  "trajectory_degraded": false
}