{
  "comparisons": {
    "v31_field_m128_h32_seed42_vs_last_observed_copy_MissRate@128": {
      "ci95": [
        -0.1863905325443787,
        -0.09763313609467456
      ],
      "item_count": 338,
      "mean_delta": -0.14201183431952663,
      "zero_excluded": true
    },
    "v31_field_m128_h32_seed42_vs_last_observed_copy_MissRate@64": {
      "ci95": [
        -0.23076923076923078,
        -0.1390532544378698
      ],
      "item_count": 338,
      "mean_delta": -0.1834319526627219,
      "zero_excluded": true
    },
    "v31_field_m128_h32_seed42_vs_last_observed_copy_minFDE_K": {
      "ci95": [
        16.638786868512984,
        25.25468973563267
      ],
      "item_count": 338,
      "mean_delta": 20.928196495101297,
      "zero_excluded": true
    },
    "v31_field_m128_h32_seed42_vs_last_observed_copy_threshold_auc_endpoint_16_32_64_128": {
      "ci95": [
        0.04363905325443787,
        0.0695266272189349
      ],
      "item_count": 338,
      "mean_delta": 0.05621301775147929,
      "zero_excluded": true
    },
    "v31_field_m128_h32_seed42_vs_v30_MissRate@128": {
      "ci95": [
        -0.20118343195266272,
        -0.07692307692307693
      ],
      "item_count": 169,
      "mean_delta": -0.14201183431952663,
      "zero_excluded": true
    },
    "v31_field_m128_h32_seed42_vs_v30_MissRate@64": {
      "ci95": [
        -0.2368343195266272,
        -0.11242603550295859
      ],
      "item_count": 169,
      "mean_delta": -0.17751479289940827,
      "zero_excluded": true
    },
    "v31_field_m128_h32_seed42_vs_v30_minFDE_K": {
      "ci95": [
        -1.3498172469393035,
        8.716672840061976
      ],
      "item_count": 169,
      "mean_delta": 3.483105213684443,
      "zero_excluded": false
    },
    "v31_field_m128_h32_seed42_vs_v30_relative_deformation_layout_error": {
      "ci95": [
        -38.79174066468035,
        -23.90042774928307
      ],
      "item_count": 169,
      "mean_delta": -30.979856690011655,
      "zero_excluded": true
    },
    "v31_field_m128_h32_seed42_vs_v30_threshold_auc_endpoint_16_32_64_128": {
      "ci95": [
        -0.022189349112426034,
        0.005917159763313609
      ],
      "item_count": 169,
      "mean_delta": -0.0073964497041420114,
      "zero_excluded": false
    },
    "v31_field_m128_h32_seed42_vs_v30_visibility_F1": {
      "ci95": [
        -0.001279849341941107,
        -0.0001279169899855944
      ],
      "item_count": 169,
      "mean_delta": -0.0006344314750992838,
      "zero_excluded": true
    },
    "v31_field_m128_h64_seed42_vs_last_observed_copy_MissRate@128": {
      "ci95": [
        -0.33669554455445544,
        -0.24257425742574257
      ],
      "item_count": 404,
      "mean_delta": -0.29207920792079206,
      "zero_excluded": true
    },
    "v31_field_m128_h64_seed42_vs_last_observed_copy_MissRate@64": {
      "ci95": [
        -0.2574876237623762,
        -0.1707920792079208
      ],
      "item_count": 404,
      "mean_delta": -0.21287128712871287,
      "zero_excluded": true
    },
    "v31_field_m128_h64_seed42_vs_last_observed_copy_minFDE_K": {
      "ci95": [
        14.396737075442134,
        22.957336254403142
      ],
      "item_count": 404,
      "mean_delta": 18.541497740415064,
      "zero_excluded": true
    },
    "v31_field_m128_h64_seed42_vs_last_observed_copy_threshold_auc_endpoint_16_32_64_128": {
      "ci95": [
        0.01547029702970297,
        0.03217821782178218
      ],
      "item_count": 404,
      "mean_delta": 0.023514851485148515,
      "zero_excluded": true
    },
    "v31_field_m128_h64_seed42_vs_v30_MissRate@128": {
      "ci95": [
        -0.3564356435643564,
        -0.22772277227722773
      ],
      "item_count": 202,
      "mean_delta": -0.29207920792079206,
      "zero_excluded": true
    },
    "v31_field_m128_h64_seed42_vs_v30_MissRate@64": {
      "ci95": [
        -0.28217821782178215,
        -0.1485148514851485
      ],
      "item_count": 202,
      "mean_delta": -0.21287128712871287,
      "zero_excluded": true
    },
    "v31_field_m128_h64_seed42_vs_v30_minFDE_K": {
      "ci95": [
        -10.365011620285488,
        -1.8074351534985085
      ],
      "item_count": 202,
      "mean_delta": -5.99537975009125,
      "zero_excluded": true
    },
    "v31_field_m128_h64_seed42_vs_v30_relative_deformation_layout_error": {
      "ci95": [
        -83.63575799366389,
        -58.113271359030826
      ],
      "item_count": 202,
      "mean_delta": -70.18090779382479,
      "zero_excluded": true
    },
    "v31_field_m128_h64_seed42_vs_v30_threshold_auc_endpoint_16_32_64_128": {
      "ci95": [
        -0.039603960396039604,
        -0.013613861386138614
      ],
      "item_count": 202,
      "mean_delta": -0.02599009900990099,
      "zero_excluded": true
    },
    "v31_field_m128_h64_seed42_vs_v30_visibility_F1": {
      "ci95": [
        -0.01908342194706644,
        -0.01127842657198958
      ],
      "item_count": 202,
      "mean_delta": -0.014955694001490558,
      "zero_excluded": true
    },
    "v31_field_m128_h96_seed42_vs_last_observed_copy_MissRate@128": {
      "ci95": [
        -0.21645021645021645,
        -0.14285714285714285
      ],
      "item_count": 462,
      "mean_delta": -0.18181818181818182,
      "zero_excluded": true
    },
    "v31_field_m128_h96_seed42_vs_last_observed_copy_MissRate@64": {
      "ci95": [
        -0.20346320346320346,
        -0.12987012987012986
      ],
      "item_count": 462,
      "mean_delta": -0.1645021645021645,
      "zero_excluded": true
    },
    "v31_field_m128_h96_seed42_vs_last_observed_copy_minFDE_K": {
      "ci95": [
        20.609040248342406,
        28.712979873227866
      ],
      "item_count": 462,
      "mean_delta": 24.497673331917106,
      "zero_excluded": true
    },
    "v31_field_m128_h96_seed42_vs_last_observed_copy_threshold_auc_endpoint_16_32_64_128": {
      "ci95": [
        0.017857142857142856,
        0.03192640692640693
      ],
      "item_count": 462,
      "mean_delta": 0.024891774891774892,
      "zero_excluded": true
    },
    "v31_field_m128_h96_seed42_vs_v30_MissRate@128": {
      "ci95": [
        -0.21645021645021645,
        -0.14285714285714285
      ],
      "item_count": 462,
      "mean_delta": -0.18181818181818182,
      "zero_excluded": true
    },
    "v31_field_m128_h96_seed42_vs_v30_MissRate@64": {
      "ci95": [
        -0.20346320346320346,
        -0.12987012987012986
      ],
      "item_count": 462,
      "mean_delta": -0.1645021645021645,
      "zero_excluded": true
    },
    "v31_field_m128_h96_seed42_vs_v30_minFDE_K": {
      "ci95": [
        2.9219443006432937,
        9.287116776297102
      ],
      "item_count": 462,
      "mean_delta": 5.857364225181151,
      "zero_excluded": true
    },
    "v31_field_m128_h96_seed42_vs_v30_relative_deformation_layout_error": {
      "ci95": [
        -54.83003019472,
        -34.65573486401995
      ],
      "item_count": 462,
      "mean_delta": -43.91175126043988,
      "zero_excluded": true
    },
    "v31_field_m128_h96_seed42_vs_v30_threshold_auc_endpoint_16_32_64_128": {
      "ci95": [
        -0.012987012987012988,
        -0.0005411255411255411
      ],
      "item_count": 462,
      "mean_delta": -0.006493506493506494,
      "zero_excluded": true
    },
    "v31_field_m128_h96_seed42_vs_v30_visibility_F1": {
      "ci95": [
        -0.026643822891285,
        -0.0189031015401886
      ],
      "item_count": 462,
      "mean_delta": -0.022568018314271403,
      "zero_excluded": true
    },
    "v31_field_m512_h32_seed42_vs_last_observed_copy_MissRate@128": {
      "ci95": [
        -0.18373493975903615,
        -0.08132530120481928
      ],
      "item_count": 332,
      "mean_delta": -0.13253012048192772,
      "zero_excluded": true
    },
    "v31_field_m512_h32_seed42_vs_last_observed_copy_MissRate@64": {
      "ci95": [
        -0.16265060240963855,
        -0.06626506024096386
      ],
      "item_count": 332,