{
  "M128": {
    "bestofk_vs_cv_hard_minFDE": {
      "ci95": [
        8.279203270162855,
        10.181928883018074
      ],
      "item_count": 91,
      "mean_delta": 9.249279970651145,
      "zero_excluded": true
    },
    "bestofk_vs_weighted_all_minFDE_vs_endpoint": {
      "ci95": [
        -0.048232485625770066,
        1.4801646292668118
      ],
      "item_count": 455,
      "mean_delta": 0.687357714673975,
      "zero_excluded": false
    },
    "bestofk_vs_weighted_hard_minFDE_vs_endpoint": {
      "ci95": [
        8.361599413641207,
        10.130542928307921
      ],
      "item_count": 91,
      "mean_delta": 9.236189087668619,
      "zero_excluded": true
    },
    "summary": {
      "diversity_valid": true,
      "hard_subset_metrics": {
        "BestOfK_PCK_16px": 0.22786519349877085,
        "BestOfK_PCK_32px": 0.37275779224818667,
        "BestOfK_PCK_4px": 0.018679057090187526,
        "BestOfK_PCK_8px": 0.07292643917365886,
        "MissRate_16px": 0.989010989010989,
        "MissRate_32px": 0.989010989010989,
        "best_mode_non_cv_rate": 0.5494505494505495,
        "collapse_rate_4px": 0.0,
        "collapse_rate_8px": 0.0,
        "item_count": 91,
        "minADE_K_px": 69.34731976016538,
        "minFDE_K_px": 125.57334396865342,
        "mode_entropy": 1.0877283012473977,
        "oracle_cv_learned_minFDE_px": 125.57334396865342,
        "pairwise_endpoint_diversity_px": 16.859659498864477,
        "semantic_top5": 0.3076923076923077,
        "weighted_PCK_16px": 0.17083965892899025,
        "weighted_PCK_32px": 0.33018570808627695,
        "weighted_PCK_4px": 0.034078622454646636,
        "weighted_PCK_8px": 0.0941331422145166,
        "weighted_anchor_centroid_L1_px": 157.04654953505965,
        "weighted_endpoint_error_px": 134.80953305632204,
        "weighted_object_extent_iou": 0.5101015068902788,
        "weighted_point_L1_px": 75.77303530095698,
        "weighted_visibility_F1": 0.8478728659771981
      },
      "weighted_average_metrics": {
        "BestOfK_PCK_16px": 0.746305074648377,
        "BestOfK_PCK_32px": 0.8535097485000102,
        "BestOfK_PCK_4px": 0.02961764045235265,
        "BestOfK_PCK_8px": 0.11840815181011574,
        "MissRate_16px": 0.4197802197802198,
        "MissRate_32px": 0.29010989010989013,
        "best_mode_non_cv_rate": 0.7626373626373626,
        "collapse_rate_4px": 0.0,
        "collapse_rate_8px": 0.0,
        "item_count": 455,
        "minADE_K_px": 24.10939205609835,
        "minFDE_K_px": 38.08490581564851,
        "mode_entropy": 1.0874811562863025,
        "oracle_cv_learned_minFDE_px": 38.08490581564851,
        "pairwise_endpoint_diversity_px": 16.859669166257532,
        "semantic_top5": 0.22417582417582418,
        "weighted_PCK_16px": 0.7098005791136536,
        "weighted_PCK_32px": 0.8259512449155268,
        "weighted_PCK_4px": 0.4267703166426165,
        "weighted_PCK_8px": 0.5920452574296541,
        "weighted_anchor_centroid_L1_px": 60.809045371904475,
        "weighted_endpoint_error_px": 38.77226353032248,
        "weighted_object_extent_iou": 0.8020892680900864,
        "weighted_point_L1_px": 21.63828464942974,
        "weighted_visibility_F1": 0.9184029805638058
      }
    }
  },
  "M512": {
    "bestofk_vs_cv_hard_minFDE": {
      "ci95": [
        10.027691479682922,
        13.573256637573243
      ],
      "item_count": 100,
      "mean_delta": 11.79138822555542,
      "zero_excluded": true
    },
    "bestofk_vs_weighted_all_minFDE_vs_endpoint": {
      "ci95": [
        0.6128915436926389,
        2.6912887476024125
      ],
      "item_count": 496,
      "mean_delta": 1.6645069949088558,
      "zero_excluded": true
    },
    "bestofk_vs_weighted_hard_minFDE_vs_endpoint": {
      "ci95": [
        11.055851623535156,
        13.441406723499298
      ],
      "item_count": 100,
      "mean_delta": 12.22957052230835,
      "zero_excluded": true
    },
    "summary": {
      "diversity_valid": true,
      "hard_subset_metrics": {
        "BestOfK_PCK_16px": 0.18487599206759314,
        "BestOfK_PCK_32px": 0.39872194534839084,
        "BestOfK_PCK_4px": 0.008256672609085655,
        "BestOfK_PCK_8px": 0.040896133182499364,
        "MissRate_16px": 1.0,
        "MissRate_32px": 0.98,
        "best_mode_non_cv_rate": 0.84,
        "collapse_rate_4px": 0.0,
        "collapse_rate_8px": 0.0,
        "item_count": 100,
        "minADE_K_px": 70.16041967391968,
        "minFDE_K_px": 134.46436838150024,
        "mode_entropy": 1.0917736041545867,
        "oracle_cv_learned_minFDE_px": 134.46436838150024,
        "pairwise_endpoint_diversity_px": 23.42730253855387,
        "semantic_top5": 0.18,
        "weighted_PCK_16px": 0.1810978505999604,
        "weighted_PCK_32px": 0.3123472924861759,
        "weighted_PCK_4px": 0.027307883399734764,
        "weighted_PCK_8px": 0.08200711689381487,
        "weighted_anchor_centroid_L1_px": 153.48086488723754,
        "weighted_endpoint_error_px": 146.6939389038086,
        "weighted_object_extent_iou": 0.5979362260197489,
        "weighted_point_L1_px": 77.54464969635009,
        "weighted_visibility_F1": 0.8426490572235048
      },
      "weighted_average_metrics": {
        "BestOfK_PCK_16px": 0.28392921749980793,
        "BestOfK_PCK_32px": 0.8357278207802042,
        "BestOfK_PCK_4px": 0.013554958097463593,
        "BestOfK_PCK_8px": 0.057948795509842596,
        "MissRate_16px": 0.7439516129032258,
        "MissRate_32px": 0.2903225806451613,
        "best_mode_non_cv_rate": 0.7520161290322581,
        "collapse_rate_4px": 0.0,
        "collapse_rate_8px": 0.0,
        "item_count": 496,
        "minADE_K_px": 28.450388964145414,
        "minFDE_K_px": 43.76741034609656,
        "mode_entropy": 1.0917736058754306,
        "oracle_cv_learned_minFDE_px": 43.76741034609656,
        "pairwise_endpoint_diversity_px": 23.4273098322653,
        "semantic_top5": 0.25,
        "weighted_PCK_16px": 0.6809812037012148,
        "weighted_PCK_32px": 0.7987029488105588,
        "weighted_PCK_4px": 0.0723319595565431,
        "weighted_PCK_8px": 0.4713207634124423,
        "weighted_anchor_centroid_L1_px": 87.12684588759176,
        "weighted_endpoint_error_px": 45.431917341005416,
        "weighted_object_extent_iou": 0.8110993345805043,
        "weighted_point_L1_px": 24.587124998531035,
        "weighted_visibility_F1": 0.901383518862571
      }
    }
  },
  "audit_name": "stwm_ostf_multimodal_eval_gap_v21",
  "best_of_K_beats_CV_on_hard_subset": true,
  "best_of_K_beats_weighted_average": true,
  "current_deterministic_eval_invalidates_multihypothesis_claim": false,
  "deterministic_eval_used_weighted_average_point_pred": true,
  "generated_at_utc": "2026-05-05T05:49:31.094668+00:00",
  "hypothesis_diversity": {
    "M128_best_mode_non_cv_rate": 0.7626373626373626,
    "M128_collapse_rate_8px": 0.0,
    "M128_pairwise_endpoint_diversity_px": 16.859669166257532,
    "M512_best_mode_non_cv_rate": 0.7520161290322581,
    "M512_collapse_rate_8px": 0.0,
    "M512_pairwise_endpoint_diversity_px": 23.4273098322653
  },
  "point_hypotheses_exist": true
}
