{
  "generated_at": "2026-04-03 18:24:12",
  "source_ab_report": "/home/chen034/workspace/stwm/outputs/benchmarks/stwm_frontend_cache_confirm_v1/ab_report.json",
  "config": {
    "manifest": "/home/chen034/workspace/stwm/data/cache/frontend_cache_pilot_v1/pilot_manifest.json",
    "seed": 42,
    "steps": 120,
    "gpu_index": 3,
    "note": "confirm run on pilot manifest with longer horizon (120 steps), same seed/batch/protocol knobs"
  },
  "raw": {
    "exit_code": 0,
    "duration_s": 1226.1477985910024,
    "process_gpu_sm_util_mean": 1.9690140845070423,
    "process_gpu_sm_util_p95": 12.0,
    "process_cpu_pct_mean": 94.89267605633803,
    "process_gpu_used_mem_mib_mean": 4937.707042253521,
    "timing": {
      "rows": 120.0,
      "step_time_mean": 10.071465168537786,
      "step_time_p50": 9.203212712542154,
      "step_time_p95": 13.765015355660577,
      "data_time_mean": 8.319074993521888,
      "data_time_p50": 7.802989785384852,
      "data_time_p95": 10.42312331070716,
      "data_wait_mean": 0.8338994969615473,
      "data_wait_p50": 0.8506339905733766,
      "data_wait_p95": 0.8924420985537704
    },
    "loss_summary": {
      "total_loss": {
        "count": 120,
        "first": 2.256872743368149,
        "median": 2.2097045108675957,
        "last": 2.2158993780612946,
        "min": 1.5166393667459488,
        "max": 2.7295218408107758
      },
      "trajectory_loss": {
        "count": 120,
        "first": 0.0037840471486561,
        "median": 0.00044717549963024794,
        "last": 0.00028043084512319183,
        "min": 0.00023910859272291418,
        "max": 0.017546064453199506
      },
      "semantic_loss": {
        "count": 120,
        "first": 2.5028320997953415,
        "median": 1.2733359411358833,
        "last": 1.2729376330971718,
        "min": 1.2720442712306976,
        "max": 3.6649705469608307
      },
      "query_loss": {
        "count": 120,
        "first": 3.5684046149253845,
        "median": 3.5102168396115303,
        "last": 3.5445238053798676,
        "min": 3.311602160334587,
        "max": 3.800162121653557
      },
      "grad_norm": {
        "count": 120,
        "first": 12.892950057983398,
        "median": 0.35973764955997467,
        "last": 0.5148571133613586,
        "min": 0.1212129294872284,
        "max": 15.107746124267578
      }
    },
    "stability": {
      "rows": 120,
      "bad_value_count": 0,
      "bad_examples": [],
      "ok": true
    },
    "cache_events_from_stdout_tail": {
      "miss": 0,
      "rebuild": 0,
      "corrupt": 0,
      "badzipfile": 0,
      "eoferror": 0,
      "trace-cache": 0,
      "cache metadata mismatch": 0,
      "keyerror": 0
    }
  },
  "frontend_cache": {
    "exit_code": 0,
    "duration_s": 222.47317399200983,
    "process_gpu_sm_util_mean": 19.545454545454547,
    "process_gpu_sm_util_p95": 47.89999999999998,
    "process_cpu_pct_mean": 89.08257575757575,
    "process_gpu_used_mem_mib_mean": 4538.924242424242,
    "timing": {
      "rows": 120.0,
      "step_time_mean": 1.7180487941189009,
      "step_time_p50": 1.2007577710028272,
      "step_time_p95": 4.542245017798268,
      "data_time_mean": 0.10072697552289658,
      "data_time_p50": 0.021983966435072944,
      "data_time_p95": 0.2576285218616249,
      "data_wait_mean": 0.057414446206969,
      "data_wait_p50": 0.01935219993905643,
      "data_wait_p95": 0.13219356262997325
    },
    "loss_summary": {
      "total_loss": {
        "count": 120,
        "first": 2.256872743368149,
        "median": 2.2097045108675957,
        "last": 2.2158993780612946,
        "min": 1.5166393667459488,
        "max": 2.7295218408107758
      },
      "trajectory_loss": {
        "count": 120,
        "first": 0.0037840471486561,
        "median": 0.00044717549963024794,
        "last": 0.00028043084512319183,
        "min": 0.00023910859272291418,
        "max": 0.017546064453199506
      },
      "semantic_loss": {
        "count": 120,
        "first": 2.5028320997953415,
        "median": 1.2733359411358833,
        "last": 1.2729376330971718,
        "min": 1.2720442712306976,
        "max": 3.6649705469608307
      },
      "query_loss": {
        "count": 120,
        "first": 3.5684046149253845,
        "median": 3.5102168396115303,
        "last": 3.5445238053798676,
        "min": 3.311602160334587,
        "max": 3.800162121653557
      },
      "grad_norm": {
        "count": 120,
        "first": 12.892950057983398,
        "median": 0.35973764955997467,
        "last": 0.5148571133613586,
        "min": 0.1212129294872284,
        "max": 15.107746124267578
      }
    },
    "stability": {
      "rows": 120,
      "bad_value_count": 0,
      "bad_examples": [],
      "ok": true
    },
    "cache_events_from_stdout_tail": {
      "miss": 0,
      "rebuild": 0,
      "corrupt": 0,
      "badzipfile": 0,
      "eoferror": 0,
      "trace-cache": 0,
      "cache metadata mismatch": 0,
      "keyerror": 0
    }
  },
  "cache_integrity": {
    "frontend_manifest_clips": 256,
    "frontend_index_entries": 256,
    "frontend_cache_miss_count": 0,
    "frontend_cache_miss_examples": [],
    "trace_cache_corruption_signals_detected": false
  },
  "compare": {
    "step_time_mean_raw_s": 10.071465168537786,
    "step_time_mean_frontend_s": 1.7180487941189009,
    "step_time_mean_reduction_pct": 82.94142147772195,
    "data_time_mean_raw_s": 8.319074993521888,
    "data_time_mean_frontend_s": 0.10072697552289658,
    "data_time_mean_reduction_pct": 98.78920462189207,
    "data_wait_mean_raw": 0.8338994969615473,
    "data_wait_mean_frontend": 0.057414446206969,
    "data_wait_mean_abs_drop": 0.7764850507545783,
    "our_process_gpu_sm_util_mean_raw": 1.9690140845070423,
    "our_process_gpu_sm_util_mean_frontend": 19.545454545454547,
    "our_process_gpu_sm_util_mean_delta": 17.576440460947506,
    "raw_stability_ok": true,
    "frontend_stability_ok": true
  },
  "promotion_gate": {
    "speedup_significant": true,
    "stability_ok": true,
    "cache_integrity_ok": true,
    "go": true
  }
}