{
  "audit_name": "stwm_traceanything_visibility_extraction_audit_v25",
  "cache_report_path": "reports/stwm_traceanything_hardbench_cache_v25_20260502.json",
  "comparison_target_box_vs_query_frame_only": {
    "mean_point_disagreement_px": 0.5464273682781584,
    "sample_count": 206
  },
  "estimated_visibility_coverage_by_combo": {
    "M128_H32": 0.5356225367408476,
    "M128_H64": 0.5381843564972285,
    "M512_H32": 0.5342944544490924,
    "M512_H64": 0.5351610633040832
  },
  "estimated_visibility_method": "traceanything_confidence_plus_trajectory_consistency_teacher_only",
  "extraction_quality_acceptable": true,
  "generated_at_utc": "2026-05-05T15:52:28.508676+00:00",
  "native_visibility_available": false,
  "overall_estimated_visibility_coverage": 0.5358156027478129,
  "overall_trajectory_variance": 17914.90756245317,
  "overall_valid_point_ratio": 0.5358156027478129,
  "query_frame_only_extraction_alternative_clip_count": 206,
  "query_frame_only_extraction_alternative_exact_blocker": null,
  "same_trajectory_fraction_by_combo": {
    "M128_H32": 0.08292061093620452,
    "M128_H64": 0.04753401362159777,
    "M512_H32": 0.1893328920092064,
    "M512_H64": 0.13045125620971834
  },
  "target_side_box_search_used_ratio": 1.0,
  "teacher_target_construction_acceptable_for_training": true,
  "trajectory_variance_by_combo": {
    "M128_H32": 13971.734975255522,
    "M128_H64": 21611.55329604376,
    "M512_H32": 14260.30847965852,
    "M512_H64": 21816.033498854864
  },
  "valid_point_ratio_by_combo": {
    "M128_H32": 0.5356225367408476,
    "M128_H64": 0.5381843564972285,
    "M512_H32": 0.5342944544490924,
    "M512_H64": 0.5351610633040832
  },
  "visibility_quality_acceptable": true
}
