{
  "generated_at_utc": "2026-04-22T08:57:19.675469+00:00",
  "panel": "densified_200_context_preserving",
  "comparison": "TUSB-v3.1 vs calibration-only",
  "metrics": {
    "overall_top1": {
      "count": 1200,
      "mean_delta": 0.01,
      "ci95_low": -0.005833333333333334,
      "ci95_high": 0.025833333333333333,
      "zero_excluded": false,
      "bootstrap_win_rate": 0.8795
    },
    "hard_subset_top1": {
      "count": 1200,
      "mean_delta": 0.01,
      "ci95_low": -0.006666666666666667,
      "ci95_high": 0.02666666666666667,
      "zero_excluded": false,
      "bootstrap_win_rate": 0.86375
    },
    "ambiguity_top1": {
      "count": 876,
      "mean_delta": 0.00684931506849315,
      "ci95_low": -0.012557077625570776,
      "ci95_high": 0.0273972602739726,
      "zero_excluded": false,
      "bootstrap_win_rate": 0.741
    },
    "appearance_change_top1": {
      "count": 822,
      "mean_delta": 0.0,
      "ci95_low": -0.02068126520681265,
      "ci95_high": 0.019464720194647202,
      "zero_excluded": false,
      "bootstrap_win_rate": 0.46575
    }
  },
  "zero_excluded": false
}
