{
  "V20_beats_CV_all_average": false,
  "V20_beats_CV_hard_subset": false,
  "all_average_comparison": {
    "best_v20": {
      "PCK_16px": 0.7391541759859229,
      "PCK_32px": 0.8465989669852158,
      "PCK_4px": 0.07683862692667232,
      "PCK_8px": 0.5227715947789147,
      "anchor_centroid_L1_px": 87.12684631347656,
      "endpoint_error_px": 39.19733810424805,
      "item_count": 496,
      "object_extent_iou": 0.8285872323211952,
      "point_L1_px": 20.999378204345703,
      "semantic_changed_top5": null,
      "semantic_metric_note": "future semantic target is constant per object prototype in current OSTF teacher cache; changed/stable semantic split remains weak.",
      "semantic_top1": 0.038306451612903226,
      "semantic_top5": 0.25,
      "stable_semantic_preservation": null,
      "visibility_F1": 0.9439682076160714
    },
    "matching_cv": {
      "PCK_16px": 0.7377116893845518,
      "PCK_32px": 0.8465791455824487,
      "PCK_4px": 0.4685619764112519,
      "PCK_8px": 0.6126252105224794,
      "anchor_centroid_L1_px": 85.89753723144531,
      "endpoint_error_px": 37.740760803222656,
      "item_count": 496,
      "object_extent_iou": 0.8503870771526503,
      "point_L1_px": 18.531028747558594,
      "semantic_changed_top5": null,
      "semantic_metric_note": "future semantic target is constant per object prototype in current OSTF teacher cache; changed/stable semantic split remains weak.",
      "semantic_top1": 1.0,
      "semantic_top5": 1.0,
      "stable_semantic_preservation": null,
      "visibility_F1": 0.9439682076160714
    }
  },
  "audit_name": "stwm_ostf_v20_decision",
  "best_variant": "v20_context_residual_m512_seed42_h8",
  "context_load_bearing": false,
  "cv_saturation_detected": true,
  "dense_points_load_bearing": false,
  "generated_at_utc": "2026-05-05T04:35:56.120785+00:00",
  "hard_sample_weighting_load_bearing": false,
  "hard_subset_comparison": {
    "best_v20": {
      "PCK_16px": 0.19607864890151136,
      "PCK_32px": 0.32974997873654394,
      "PCK_4px": 0.03447638277179319,
      "PCK_8px": 0.09465011445286355,
      "anchor_centroid_L1_px": 153.48086547851562,
      "endpoint_error_px": 141.62109375,
      "item_count": 100,
      "object_extent_iou": 0.6041532426093918,
      "point_L1_px": 71.10655975341797,
      "semantic_changed_top5": null,
      "semantic_metric_note": "future semantic target is constant per object prototype in current OSTF teacher cache; changed/stable semantic split remains weak.",
      "semantic_top1": 0.04,
      "semantic_top5": 0.18,
      "stable_semantic_preservation": null,
      "visibility_F1": 0.8936851049574535
    },
    "matching_cv": {
      "PCK_16px": 0.19674428752630196,
      "PCK_32px": 0.33957924242928517,
      "PCK_4px": 0.05122828816235666,
      "PCK_8px": 0.10395426323049217,
      "anchor_centroid_L1_px": 152.43846130371094,
      "endpoint_error_px": 141.23931884765625,
      "item_count": 100,
      "object_extent_iou": 0.6095498418263864,
      "point_L1_px": 69.99874114990234,
      "semantic_changed_top5": null,
      "semantic_metric_note": "future semantic target is constant per object prototype in current OSTF teacher cache; changed/stable semantic split remains weak.",
      "semantic_top1": 1.0,
      "semantic_top5": 1.0,
      "stable_semantic_preservation": null,
      "visibility_F1": 0.8936851049574535
    }
  },
  "multi_hypothesis_helpful": false,
  "next_step_choice": "improve_context_or_multihypothesis",
  "object_dense_semantic_trace_field_claim_allowed": false
}
