{
  "audit_name": "stwm_mixed_fullscale_v2_significance_complete",
  "bootstrap_unit": "item",
  "candidate_scorer_used": false,
  "future_candidate_leakage": false,
  "mixed": {
    "changed_item_count": 610,
    "item_count": 647,
    "low_sample_warning": false,
    "residual_vs_copy_ce_improvement": {
      "bootstrap_win_rate": 0.9891808346213292,
      "ci95": [
        0.26675452084224416,
        0.28539602064644165
      ],
      "item_count": 647,
      "mean_delta": 0.276122379431953,
      "zero_excluded": true
    },
    "residual_vs_copy_changed_top5": {
      "bootstrap_win_rate": 0.34098360655737703,
      "ci95": [
        0.04312341928588929,
        0.07121790725768344
      ],
      "item_count": 610,
      "mean_delta": 0.05670806466311705,
      "zero_excluded": true
    },
    "residual_vs_copy_overall_top5": {
      "bootstrap_win_rate": 0.31993817619783615,
      "ci95": [
        0.023809258962248725,
        0.0372530972871532
      ],
      "item_count": 647,
      "mean_delta": 0.030386049784086586,
      "zero_excluded": true
    },
    "stable_preservation_drop": {
      "bootstrap_win_rate": 0.004746835443037975,
      "ci95": [
        0.0,
        0.0006504922727995281
      ],
      "item_count": 632,
      "mean_delta": 0.00025492265254636355,
      "zero_excluded": false
    }
  },
  "vipseg": {
    "changed_item_count": 385,
    "item_count": 418,
    "low_sample_warning": false,
    "residual_vs_copy_ce_improvement": {
      "bootstrap_win_rate": 0.9880382775119617,
      "ci95": [
        0.24352894309890327,
        0.26495122230437956
      ],
      "item_count": 418,
      "mean_delta": 0.25408822568980133,
      "zero_excluded": true
    },
    "residual_vs_copy_changed_top5": {
      "bootstrap_win_rate": 0.21298701298701297,
      "ci95": [
        0.008215346046082385,
        0.035472012489260005
      ],
      "item_count": 385,
      "mean_delta": 0.021466481105073706,
      "zero_excluded": true
    },
    "residual_vs_copy_overall_top5": {
      "bootstrap_win_rate": 0.1937799043062201,
      "ci95": [
        0.003110623108356763,
        0.011847854771040844
      ],
      "item_count": 418,
      "mean_delta": 0.007332749843027033,
      "zero_excluded": true
    },
    "stable_preservation_drop": {
      "bootstrap_win_rate": 0.0024330900243309003,
      "ci95": [
        0.0,
        0.00020275759870988608
      ],
      "item_count": 411,
      "mean_delta": 6.75858662366287e-05,
      "zero_excluded": false
    }
  },
  "vspw": {
    "changed_item_count": 225,
    "item_count": 229,
    "low_sample_warning": false,
    "residual_vs_copy_ce_improvement": {
      "bootstrap_win_rate": 0.9912663755458515,
      "ci95": [
        0.299230122774449,
        0.3323604035455587
      ],
      "item_count": 229,
      "mean_delta": 0.3163419238344551,
      "zero_excluded": true
    },
    "residual_vs_copy_changed_top5": {
      "bootstrap_win_rate": 0.56,
      "ci95": [
        0.08793045383360651,
        0.14494100372617444
      ],
      "item_count": 225,
      "mean_delta": 0.11701032986243566,
      "zero_excluded": true
    },
    "residual_vs_copy_overall_top5": {
      "bootstrap_win_rate": 0.5502183406113537,
      "ci95": [
        0.05590987933645082,
        0.0886103444899469
      ],
      "item_count": 229,
      "mean_delta": 0.07246587238392455,
      "zero_excluded": true
    },
    "stable_preservation_drop": {
      "bootstrap_win_rate": 0.00904977375565611,
      "ci95": [
        0.0,
        0.0020110607147216797
      ],
      "item_count": 221,
      "mean_delta": 0.0006033182144165039,
      "zero_excluded": false
    }
  }
}
