{
  "alignment_probe_trained": true,
  "dataset": "reports/stwm_semantic_state_measurement_alignment_dataset_v1_20260428.json",
  "dev_metrics": {
    "candidate_AP": 0.09977832198655436,
    "candidate_AUROC": 0.5808735807141682,
    "candidate_MRR": 0.3818254811080028,
    "candidate_positive_rate": 0.06780776826859776,
    "candidate_record_count": 3038,
    "candidate_top1": 0.18536585365853658,
    "metric_items": 205
  },
  "epochs": 150,
  "generated_at_utc": "2026-04-28T15:19:08.984846+00:00",
  "heldout_metrics": {
    "candidate_AP": 0.08021704790296627,
    "candidate_AUROC": 0.49573832917533384,
    "candidate_MRR": 0.31830170697051435,
    "candidate_positive_rate": 0.06947608200455581,
    "candidate_record_count": 2634,
    "candidate_top1": 0.11049723756906077,
    "metric_items": 181
  },
  "heldout_split_size": 2634,
  "identity_train_loss_end": 1.270697832107544,
  "identity_train_loss_start": 1.660245656967163,
  "lr": 0.001,
  "no_backbone_update": true,
  "no_rollout_candidate_leakage": true,
  "semantic_identity_train_loss_end": 1.277303695678711,
  "semantic_identity_train_loss_start": 1.3054194450378418,
  "semantic_train_loss_end": 1.2717130184173584,
  "semantic_train_loss_start": 1.3526660203933716,
  "train_split_size": 3038,
  "trainable_params": {
    "identity_alignment_probe": 66305,
    "semantic_alignment_probe": 66305,
    "semantic_identity_alignment_probe": 132353
  }
}
