{
  "assignment_aware_subset_gain": {
    "test": 0.013288085043926444,
    "val": 0.027934987087304408
  },
  "assignment_load_bearing_on_residual": false,
  "causal_assignment_subset_gain": {
    "test": 0.013288085043926444,
    "val": 0.027934987087304408
  },
  "changed_semantic_signal": {
    "test": false,
    "val": false
  },
  "effective_units": {
    "test": 12.14792899408284,
    "val": 11.2
  },
  "future_leakage_detected": false,
  "gain_beats_v34_7": true,
  "generated_at_utc": "2026-05-12T15:25:56.038323+00:00",
  "learned_gate_training_allowed": false,
  "oracle_residual_probe_passed": false,
  "oracle_residual_probe_ran": true,
  "pointwise_baseline_dominates": false,
  "recommended_next_step": "fix_assignment_bound_residual_model",
  "semantic_hard_signal": {
    "test": false,
    "val": false
  },
  "semantic_measurements_load_bearing_on_residual": false,
  "shuffle_assignment_metric_delta": {
    "test": 0.008385328617163988,
    "val": -0.001916686807685277
  },
  "shuffle_semantic_measurements_metric_delta": {
    "test": -0.0023163024225359707,
    "val": 0.004482425955669472
  },
  "stable_preservation": {
    "test": true,
    "val": true
  },
  "strict_residual_subset_gain": {
    "test": 0.0007728833440949699,
    "val": 0.002208224131323878
  },
  "trace_state_contract_passed": true,
  "trajectory_degraded": false,
  "unit_dominant_instance_purity": {
    "test": 0.6637957940056851,
    "val": 0.6813151390975711
  },
  "unit_memory_load_bearing_on_residual": true,
  "unit_semantic_purity": {
    "test": 0.8420098765821902,
    "val": 0.856091326819002
  },
  "v30_backbone_frozen": true,
  "v34_7_assignment_aware_subset_gain": {
    "test": 0.0048899054527282715,
    "val": 0.016128763556480408
  },
  "zero_semantic_measurements_metric_delta": {
    "test": 0.0026384462924689666,
    "val": 0.010448817878876169
  },
  "zero_unit_memory_metric_delta": {
    "test": 0.013288085255661136,
    "val": 0.027934987253643778
  },
  "\u4e2d\u6587\u7ed3\u8bba": "V34.9 trace-fixed oracle residual probe \u5df2\u8bc4\u4f30\uff1b\u53ea\u6709 trace contract\u3001semantic measurement \u4e0e assignment \u5747\u901a\u8fc7\u624d\u5141\u8bb8 learned gate\u3002"
}
