{
  "candidate_AP": 0.10525893221028547,
  "candidate_AUROC": 0.6376278786487894,
  "candidate_MRR": 0.41603259154862976,
  "candidate_feature_used_for_rollout": false,
  "candidate_feature_used_for_scoring": true,
  "candidate_positive_rate": 0.06808961016052213,
  "candidate_record_count": 5669,
  "candidate_score_mode": "posterior_v6",
  "candidate_top1": 0.19948186528497408,
  "dev": {
    "candidate_AP": 0.10466575158895951,
    "candidate_AUROC": 0.6425778558633044,
    "candidate_MRR": 0.41213866425383977,
    "candidate_positive_rate": 0.0675008231807705,
    "candidate_record_count": 3037,
    "candidate_top1": 0.1902439024390244,
    "metric_items": 205
  },
  "full_free_rollout_executed": true,
  "full_model_forward_executed": true,
  "future_candidate_used_as_input": false,
  "generated_at_utc": "2026-04-28T16:00:44.784073+00:00",
  "heldout": {
    "candidate_AP": 0.10881946964718912,
    "candidate_AUROC": 0.6328931026010356,
    "candidate_MRR": 0.42044284069466414,
    "candidate_positive_rate": 0.06876899696048633,
    "candidate_record_count": 2632,
    "candidate_top1": 0.20994475138121546,
    "metric_items": 181
  },
  "metric_items": 386,
  "mode": "posterior_v6",
  "old_association_report_used": false,
  "per_subset_breakdown": {
    "OOD_hard": {
      "candidate_AP": null,
      "candidate_AUROC": null,
      "candidate_MRR": null,
      "candidate_positive_rate": null,
      "candidate_record_count": 0,
      "candidate_top1": null,
      "metric_items": 0
    },
    "appearance_change": {
      "candidate_AP": 0.14532263017597896,
      "candidate_AUROC": 0.5231890781363907,
      "candidate_MRR": 0.47826463632880045,
      "candidate_positive_rate": 0.14195867026055706,
      "candidate_record_count": 1113,
      "candidate_top1": 0.2468354430379747,
      "metric_items": 158
    },
    "crossing_ambiguity": {
      "candidate_AP": 0.09776208439643547,
      "candidate_AUROC": 0.6665783128981776,
      "candidate_MRR": 0.3839576520841121,
      "candidate_positive_rate": 0.05753476852733854,
      "candidate_record_count": 5249,
      "candidate_top1": 0.17218543046357615,
      "metric_items": 302
    },
    "long_gap_persistence": {
      "candidate_AP": 0.29691442628488135,
      "candidate_AUROC": 0.5865904365904366,
      "candidate_MRR": 0.5335393772893773,
      "candidate_positive_rate": 0.21940928270042195,
      "candidate_record_count": 237,
      "candidate_top1": 0.25,
      "metric_items": 52
    },
    "occlusion_reappearance": {
      "candidate_AP": 0.14912601390768335,
      "candidate_AUROC": 0.5230096237970254,
      "candidate_MRR": 0.4782587556073675,
      "candidate_positive_rate": 0.12932790224032586,
      "candidate_record_count": 982,
      "candidate_top1": 0.23622047244094488,
      "metric_items": 127
    }
  },
  "stage2_val_fallback_used": false
}
