{
  "runs_root": "/home/chen034/workspace/stwm/outputs/training/stwm_v4_2_minival_multiseed",
  "seeds": [
    "42",
    "123"
  ],
  "runs": [
    "full_v4_2",
    "wo_identity_v4_2"
  ],
  "close_threshold": 0.002,
  "per_seed": {
    "full_v4_2": {
      "42": {
        "num_rows": 120,
        "pearson_corr": 0.9553994633200459,
        "close_ratio": 0.06666666666666667,
        "mean_abs_gap": 0.011271178489550948,
        "mean_signed_gap": -0.0013604626214752595,
        "decoupling_score": 0.48896693500664373,
        "exact_equal_ratio": 0.0,
        "proxy_like": false
      },
      "123": {
        "num_rows": 120,
        "pearson_corr": 0.920889064472258,
        "close_ratio": 0.075,
        "mean_abs_gap": 0.011540140708287556,
        "mean_signed_gap": 0.00011667059734463692,
        "decoupling_score": 0.502055467763871,
        "exact_equal_ratio": 0.0,
        "proxy_like": false
      }
    },
    "wo_identity_v4_2": {
      "42": {
        "num_rows": 120,
        "pearson_corr": 0.980136763806034,
        "close_ratio": 0.09166666666666666,
        "mean_abs_gap": 0.011707445001229643,
        "mean_signed_gap": 0.00012082791266342005,
        "decoupling_score": 0.46409828476364967,
        "exact_equal_ratio": 0.0,
        "proxy_like": false
      },
      "123": {
        "num_rows": 120,
        "pearson_corr": 0.8241110347332438,
        "close_ratio": 0.03333333333333333,
        "mean_abs_gap": 0.011855221074074506,
        "mean_signed_gap": -0.00028847142433126766,
        "decoupling_score": 0.5712778159667115,
        "exact_equal_ratio": 0.0,
        "proxy_like": false
      }
    }
  },
  "aggregate": {
    "full_v4_2": {
      "pearson_corr": {
        "mean": 0.9381442638961519,
        "std": 0.01725519942389392,
        "count": 2
      },
      "close_ratio": {
        "mean": 0.07083333333333333,
        "std": 0.004166666666666666,
        "count": 2
      },
      "mean_abs_gap": {
        "mean": 0.011405659598919253,
        "std": 0.000134481109368304,
        "count": 2
      },
      "mean_signed_gap": {
        "mean": -0.0006218960120653112,
        "std": 0.0007385666094099482,
        "count": 2
      },
      "decoupling_score": {
        "mean": 0.4955112013852574,
        "std": 0.0065442663786136335,
        "count": 2
      },
      "exact_equal_ratio": {
        "mean": 0.0,
        "std": 0.0,
        "count": 2
      },
      "proxy_like_count": 0
    },
    "wo_identity_v4_2": {
      "pearson_corr": {
        "mean": 0.9021238992696389,
        "std": 0.07801286453639511,
        "count": 2
      },
      "close_ratio": {
        "mean": 0.0625,
        "std": 0.029166666666666664,
        "count": 2
      },
      "mean_abs_gap": {
        "mean": 0.011781333037652074,
        "std": 7.38880364224313e-05,
        "count": 2
      },
      "mean_signed_gap": {
        "mean": -8.38217558339238e-05,
        "std": 0.00020464966849734385,
        "count": 2
      },
      "decoupling_score": {
        "mean": 0.5176880503651806,
        "std": 0.05358976560153089,
        "count": 2
      },
      "exact_equal_ratio": {
        "mean": 0.0,
        "std": 0.0,
        "count": 2
      },
      "proxy_like_count": 0
    }
  },
  "comparison_vs_full": {
    "wo_identity_v4_2": {
      "per_seed_delta": {
        "42": {
          "delta_corr_abs": 0.0247373004859881,
          "delta_close_ratio": 0.024999999999999994,
          "delta_decoupling_score": -0.02486865024299406
        },
        "123": {
          "delta_corr_abs": -0.09677802973901428,
          "delta_close_ratio": -0.041666666666666664,
          "delta_decoupling_score": 0.06922234820284046
        }
      },
      "aggregate_delta": {
        "delta_corr_abs": {
          "mean": -0.03602036462651309,
          "std": 0.06075766511250119,
          "count": 2
        },
        "delta_close_ratio": {
          "mean": -0.008333333333333335,
          "std": 0.03333333333333333,
          "count": 2
        },
        "delta_decoupling_score": {
          "mean": 0.022176848979923197,
          "std": 0.04704549922291726,
          "count": 2
        }
      }
    }
  },
  "old_v1_reference": {
    "proxy_like_signature": {
      "abs_corr_gt": 0.95,
      "close_ratio_gt": 0.7,
      "exact_equal_ratio_approx": 1.0
    }
  },
  "judgement": {
    "full_stably_better_than_old_v1_proxy_state": true,
    "full_proxy_like_count": 0
  }
}