{
  "bootstrap_name": "stwm_ostf_v30_density_m1024_pilot_bootstrap",
  "generated_at_utc": "2026-05-08T08:57:39.465586+00:00",
  "per_seed_bootstrap": {
    "v30_extgt_m1024_h32_seed123_vs_last_observed_copy_minFDE_K": {
      "ci95": [
        10.565495878779245,
        19.73196648237948
      ],
      "item_count": 167,
      "mean_delta": 14.541543058292595,
      "zero_excluded": true
    },
    "v30_extgt_m1024_h32_seed123_vs_last_observed_copy_motion_minFDE_K": {
      "ci95": [
        14.808299895229503,
        26.777757693559693
      ],
      "item_count": 117,
      "mean_delta": 20.346356025108925,
      "zero_excluded": true
    },
    "v30_extgt_m1024_h32_seed42_vs_last_observed_copy_minFDE_K": {
      "ci95": [
        11.312799361223233,
        20.751386737252425
      ],
      "item_count": 167,
      "mean_delta": 15.602646559298396,
      "zero_excluded": true
    },
    "v30_extgt_m1024_h32_seed42_vs_last_observed_copy_motion_minFDE_K": {
      "ci95": [
        16.291783305111093,
        28.59103149348854
      ],
      "item_count": 117,
      "mean_delta": 21.93219457120977,
      "zero_excluded": true
    },
    "v30_extgt_m1024_h64_seed123_vs_last_observed_copy_minFDE_K": {
      "ci95": [
        11.662760393690354,
        21.521613960927073
      ],
      "item_count": 202,
      "mean_delta": 16.17943212301424,
      "zero_excluded": true
    },
    "v30_extgt_m1024_h64_seed123_vs_last_observed_copy_motion_minFDE_K": {
      "ci95": [
        16.034932638334748,
        27.97347982393815
      ],
      "item_count": 149,
      "mean_delta": 21.504047393798828,
      "zero_excluded": true
    },
    "v30_extgt_m1024_h64_seed42_vs_last_observed_copy_minFDE_K": {
      "ci95": [
        6.977932867673364,
        15.711199215143033
      ],
      "item_count": 202,
      "mean_delta": 11.049332911425298,
      "zero_excluded": true
    },
    "v30_extgt_m1024_h64_seed42_vs_last_observed_copy_motion_minFDE_K": {
      "ci95": [
        9.782759974946911,
        20.973240918921146
      ],
      "item_count": 149,
      "mean_delta": 14.902118708463323,
      "zero_excluded": true
    },
    "v30_extgt_m1024_h96_seed123_vs_last_observed_copy_minFDE_K": {
      "ci95": [
        11.154070126021272,
        19.570994008992958
      ],
      "item_count": 229,
      "mean_delta": 15.186396553006235,
      "zero_excluded": true
    },
    "v30_extgt_m1024_h96_seed123_vs_last_observed_copy_motion_minFDE_K": {
      "ci95": [
        14.92607712024866,
        25.13743155834287
      ],
      "item_count": 172,
      "mean_delta": 19.797588193139365,
      "zero_excluded": true
    },
    "v30_extgt_m1024_h96_seed42_vs_last_observed_copy_minFDE_K": {
      "ci95": [
        11.378383418462162,
        19.90353972755665
      ],
      "item_count": 229,
      "mean_delta": 15.490633344025591,
      "zero_excluded": true
    },
    "v30_extgt_m1024_h96_seed42_vs_last_observed_copy_motion_minFDE_K": {
      "ci95": [
        15.21491809722989,
        25.704433059692384
      ],
      "item_count": 172,
      "mean_delta": 20.26230031390523,
      "zero_excluded": true
    }
  }
}
