{
  "batch_size": 32,
  "checkpoint_path": "outputs/checkpoints/stwm_ostf_v34_5_delta_residual_probe_h32_m128/v34_5_delta_residual_probe_m128_h32_seed42_best.pt",
  "delta_residual_objective_active": true,
  "delta_residual_probe_ran": true,
  "duration_seconds": 3588.2640450000763,
  "fresh_training_completed": true,
  "future_leakage_detected": false,
  "generated_at_utc": "2026-05-11T17:09:24.368199+00:00",
  "loss_tail": [
    {
      "delta_residual_direction_loss": 0.486235111951828,
      "different_instance_unit_separation": 0.05888708308339119,
      "final_sem_to_target_loss": 0.3977793753147125,
      "identity_contrastive": 4.975923538208008,
      "loss": 1.6825329065322876,
      "point_assignment_entropy": 0.1923886090517044,
      "residual_identity_diagnostic_loss": 0.11920361965894699,
      "residual_orthogonality": 0.06007100269198418,
      "same_instance_pair_attraction": 0.1551951915025711,
      "semantic_hard_gain_objective": 0.0030501140281558037,
      "stable_preservation_loss": -3.5984836443958557e-08,
      "step": 1491.0,
      "unit_anti_collapse": 0.2898598313331604,
      "unit_usage_entropy": 0.7101401686668396
    },
    {
      "delta_residual_direction_loss": 0.504849910736084,
      "different_instance_unit_separation": 0.05619235709309578,
      "final_sem_to_target_loss": 0.4126414358615875,
      "identity_contrastive": 5.002603054046631,
      "loss": 1.7362761497497559,
      "point_assignment_entropy": 0.20305213332176208,
      "residual_identity_diagnostic_loss": 0.1385297328233719,
      "residual_orthogonality": 0.06377346813678741,
      "same_instance_pair_attraction": 0.19572046399116516,
      "semantic_hard_gain_objective": 0.0034391903318464756,
      "stable_preservation_loss": -3.549653371237582e-08,
      "step": 1492.0,
      "unit_anti_collapse": 0.25056469440460205,
      "unit_usage_entropy": 0.749435305595398
    },
    {
      "delta_residual_direction_loss": 0.47796112298965454,
      "different_instance_unit_separation": 0.0553133487701416,
      "final_sem_to_target_loss": 0.3937516510486603,
      "identity_contrastive": 5.028023719787598,
      "loss": 1.6913883686065674,
      "point_assignment_entropy": 0.19473840296268463,
      "residual_identity_diagnostic_loss": 0.13202589750289917,
      "residual_orthogonality": 0.05871356278657913,
      "same_instance_pair_attraction": 0.2045595645904541,
      "semantic_hard_gain_objective": 0.00292622996494174,
      "stable_preservation_loss": -3.544382565223714e-08,
      "step": 1493.0,
      "unit_anti_collapse": 0.2587369680404663,
      "unit_usage_entropy": 0.7412630319595337
    },
    {
      "delta_residual_direction_loss": 0.4483756721019745,
      "different_instance_unit_separation": 0.05839947611093521,
      "final_sem_to_target_loss": 0.37493038177490234,
      "identity_contrastive": 5.015682220458984,
      "loss": 1.6537349224090576,
      "point_assignment_entropy": 0.19550611078739166,
      "residual_identity_diagnostic_loss": 0.16315492987632751,
      "residual_orthogonality": 0.058394890278577805,
      "same_instance_pair_attraction": 0.1472385674715042,
      "semantic_hard_gain_objective": 0.0024576070718467236,
      "stable_preservation_loss": -3.411985716184063e-08,
      "step": 1494.0,
      "unit_anti_collapse": 0.31629204750061035,
      "unit_usage_entropy": 0.6837079524993896
    },
    {
      "delta_residual_direction_loss": 0.4954496920108795,
      "different_instance_unit_separation": 0.05055031552910805,
      "final_sem_to_target_loss": 0.4104372560977936,
      "identity_contrastive": 4.999086380004883,
      "loss": 1.7177703380584717,
      "point_assignment_entropy": 0.19450117647647858,
      "residual_identity_diagnostic_loss": 0.13514070212841034,
      "residual_orthogonality": 0.062374357134103775,
      "same_instance_pair_attraction": 0.17822429537773132,
      "semantic_hard_gain_objective": 0.0030493412632495165,
      "stable_preservation_loss": -3.511190627136784e-08,
      "step": 1495.0,
      "unit_anti_collapse": 0.26936596632003784,
      "unit_usage_entropy": 0.7306340336799622
    },
    {
      "delta_residual_direction_loss": 0.4830525815486908,
      "different_instance_unit_separation": 0.05950281023979187,
      "final_sem_to_target_loss": 0.40037137269973755,
      "identity_contrastive": 4.975714206695557,
      "loss": 1.7156147956848145,
      "point_assignment_entropy": 0.20301975309848785,
      "residual_identity_diagnostic_loss": 0.16204194724559784,
      "residual_orthogonality": 0.059835035353899,
      "same_instance_pair_attraction": 0.18808051943778992,
      "semantic_hard_gain_objective": 0.0028157122433185577,
      "stable_preservation_loss": -3.6232869149444014e-08,
      "step": 1496.0,
      "unit_anti_collapse": 0.271135151386261,
      "unit_usage_entropy": 0.728864848613739
    },
    {
      "delta_residual_direction_loss": 0.4795186519622803,
      "different_instance_unit_separation": 0.06598550081253052,
      "final_sem_to_target_loss": 0.4005577564239502,
      "identity_contrastive": 5.007896423339844,
      "loss": 1.711463451385498,
      "point_assignment_entropy": 0.18992237746715546,
      "residual_identity_diagnostic_loss": 0.1709221452474594,
      "residual_orthogonality": 0.05888023599982262,
      "same_instance_pair_attraction": 0.13332578539848328,
      "semantic_hard_gain_objective": 0.003389969700947404,
      "stable_preservation_loss": -3.55788714045957e-08,
      "step": 1497.0,
      "unit_anti_collapse": 0.3042200207710266,
      "unit_usage_entropy": 0.6957799792289734
    },
    {
      "delta_residual_direction_loss": 0.48719924688339233,
      "different_instance_unit_separation": 0.06405077874660492,
      "final_sem_to_target_loss": 0.4027746021747589,
      "identity_contrastive": 4.990682125091553,
      "loss": 1.6986908912658691,
      "point_assignment_entropy": 0.1901422142982483,
      "residual_identity_diagnostic_loss": 0.1332188993692398,
      "residual_orthogonality": 0.06091681122779846,
      "same_instance_pair_attraction": 0.16432420909404755,
      "semantic_hard_gain_objective": 0.0028119031339883804,
      "stable_preservation_loss": -3.486725930201828e-08,
      "step": 1498.0,
      "unit_anti_collapse": 0.27028656005859375,
      "unit_usage_entropy": 0.7297134399414062
    },
    {
      "delta_residual_direction_loss": 0.4680522382259369,
      "different_instance_unit_separation": 0.059170518070459366,
      "final_sem_to_target_loss": 0.3844488561153412,
      "identity_contrastive": 5.04123592376709,
      "loss": 1.6691614389419556,
      "point_assignment_entropy": 0.1975838541984558,
      "residual_identity_diagnostic_loss": 0.12781113386154175,
      "residual_orthogonality": 0.06275464594364166,
      "same_instance_pair_attraction": 0.17692820727825165,
      "semantic_hard_gain_objective": 0.0024732407182455063,
      "stable_preservation_loss": -3.421365590838832e-08,
      "step": 1499.0,
      "unit_anti_collapse": 0.28573232889175415,
      "unit_usage_entropy": 0.7142676711082458
    },
    {
      "delta_residual_direction_loss": 0.4725854992866516,
      "different_instance_unit_separation": 0.06158321723341942,
      "final_sem_to_target_loss": 0.39245685935020447,
      "identity_contrastive": 4.944808483123779,
      "loss": 1.6877586841583252,
      "point_assignment_entropy": 0.19592319428920746,
      "residual_identity_diagnostic_loss": 0.15380889177322388,
      "residual_orthogonality": 0.060553453862667084,
      "same_instance_pair_attraction": 0.18960368633270264,
      "semantic_hard_gain_objective": 0.002667029155418277,
      "stable_preservation_loss": -3.672504078622296e-08,
      "step": 1500.0,
      "unit_anti_collapse": 0.26437777280807495,
      "unit_usage_entropy": 0.735622227191925
    }
  ],
  "pointwise_base_frozen": true,
  "steps": 1500,
  "train_loss_decreased": true,