{
  "audit_name": "stwm_final_paper_tables_v1",
  "dataset_breakdown": [
    {
      "change_ap": 0.6283345124109166,
      "change_auroc": 0.700411905111267,
      "changed_top5_gain": 0.08164124822622099,
      "copy_ce": 2.3253055187480562,
      "copy_changed_top5": 0.6784901947777398,
      "copy_stable_top5": 0.9999999961642385,
      "copy_top1": 0.5527545471228387,
      "copy_top5": 0.8562062023496299,
      "dataset": "mixed",
      "future_trace_coord_error": 0.27704221628061154,
      "overall_top5_gain": 0.036400633624272816,
      "stable_preservation_drop": 0.00020451294277912258,
      "stwm_ce": 2.043676973305594,
      "stwm_changed_top5": 0.7601314430039607,
      "stwm_stable_top5": 0.9997954832214594,
      "stwm_top1": 0.5607430910098813,
      "stwm_top5": 0.8926068359739027,
      "test_items": 647
    },
    {
      "change_ap": 0.7222034260302593,
      "change_auroc": 0.7171750371833633,
      "changed_top5_gain": 0.135471813729928,
      "copy_ce": 2.561425643531763,
      "copy_changed_top5": 0.5568358849087855,
      "copy_stable_top5": 0.9999999982319148,
      "copy_top1": 0.43888161559684824,
      "copy_top5": 0.7513324707609798,
      "dataset": "VSPW",
      "future_trace_coord_error": 0.23947533014519462,
      "overall_top5_gain": 0.0758409800264267,
      "stable_preservation_drop": 0.0003981684015111897,
      "stwm_ce": 2.2446751293109046,
      "stwm_changed_top5": 0.6923076986387136,
      "stwm_stable_top5": 0.9996018298304036,
      "stwm_top1": 0.48186981931374345,
      "stwm_top5": 0.8271734507874065,
      "test_items": 229
    },
    {
      "change_ap": 0.48523522236014477,
      "change_auroc": 0.6497569209803051,
      "changed_top5_gain": 0.018175139971253862,
      "copy_ce": 2.1462559707357642,
      "copy_changed_top5": 0.8219203357688217,
      "copy_stable_top5": 0.9999999950875292,
      "copy_top1": 0.6391042258689436,
      "copy_top5": 0.9357318008411225,
      "dataset": "VIPSeg",
      "future_trace_coord_error": 0.29816758210928934,
      "overall_top5_gain": 0.006493076175611234,
      "stable_preservation_drop": 0.00010366996442434662,
      "stwm_ce": 1.8912603630741887,
      "stwm_changed_top5": 0.8400954757400756,
      "stwm_stable_top5": 0.9998963251231049,
      "stwm_top1": 0.6205525784916475,
      "stwm_top5": 0.9422248770167337,
      "test_items": 418
    }
  ],
  "main_result_summary": {
    "best_prototype_count": 32,
    "best_seed": 456,
    "completed_run_count": 10,
    "paper_world_model_claimable": "true",
    "semantic_field_branch_status": "main_contribution_candidate"
  },
  "selection_protocol": {
    "best_selected_on_val_only": true,
    "selected_prototype_count": 32,
    "selected_seed": 456,
    "test_metrics_used_for_selection": false
  },
  "semantic_trace_field_main_result": [
    {
      "change_ap": 0.6283345124109166,
      "change_auroc": 0.700411905111267,
      "changed_top5_gain": 0.08164124822622099,
      "copy_ce": 2.3253055187480562,
      "copy_changed_top5": 0.6784901947777398,
      "copy_stable_top5": 0.9999999961642385,
      "copy_top1": 0.5527545471228387,
      "copy_top5": 0.8562062023496299,
      "dataset": "mixed",
      "future_trace_coord_error": 0.27704221628061154,
      "overall_top5_gain": 0.036400633624272816,
      "stable_preservation_drop": 0.00020451294277912258,
      "stwm_ce": 2.043676973305594,
      "stwm_changed_top5": 0.7601314430039607,
      "stwm_stable_top5": 0.9997954832214594,
      "stwm_top1": 0.5607430910098813,
      "stwm_top5": 0.8926068359739027,
      "test_items": 647
    },
    {
      "change_ap": 0.7222034260302593,
      "change_auroc": 0.7171750371833633,
      "changed_top5_gain": 0.135471813729928,
      "copy_ce": 2.561425643531763,
      "copy_changed_top5": 0.5568358849087855,
      "copy_stable_top5": 0.9999999982319148,
      "copy_top1": 0.43888161559684824,
      "copy_top5": 0.7513324707609798,
      "dataset": "VSPW",
      "future_trace_coord_error": 0.23947533014519462,
      "overall_top5_gain": 0.0758409800264267,
      "stable_preservation_drop": 0.0003981684015111897,
      "stwm_ce": 2.2446751293109046,
      "stwm_changed_top5": 0.6923076986387136,
      "stwm_stable_top5": 0.9996018298304036,
      "stwm_top1": 0.48186981931374345,
      "stwm_top5": 0.8271734507874065,
      "test_items": 229
    },
    {
      "change_ap": 0.48523522236014477,
      "change_auroc": 0.6497569209803051,
      "changed_top5_gain": 0.018175139971253862,
      "copy_ce": 2.1462559707357642,
      "copy_changed_top5": 0.8219203357688217,
      "copy_stable_top5": 0.9999999950875292,
      "copy_top1": 0.6391042258689436,
      "copy_top5": 0.9357318008411225,
      "dataset": "VIPSeg",
      "future_trace_coord_error": 0.29816758210928934,
      "overall_top5_gain": 0.006493076175611234,
      "stable_preservation_drop": 0.00010366996442434662,
      "stwm_ce": 1.8912603630741887,
      "stwm_changed_top5": 0.8400954757400756,
      "stwm_stable_top5": 0.9998963251231049,
      "stwm_top1": 0.6205525784916475,
      "stwm_top5": 0.9422248770167337,
      "test_items": 418
    }
  ],
  "significance": [
    {
      "bootstrap_win_rate": 0.34098360655737703,
      "changed_item_count": 610,
      "ci95": [
        0.04312341928588929,
        0.07121790725768344
      ],
      "dataset": "mixed",
      "mean_delta": 0.05670806466311705,
      "zero_excluded": true
    },
    {
      "bootstrap_win_rate": 0.56,
      "changed_item_count": 225,
      "ci95": [
        0.08793045383360651,
        0.14494100372617444
      ],
      "dataset": "VSPW",
      "mean_delta": 0.11701032986243566,
      "zero_excluded": true
    },
    {
      "bootstrap_win_rate": 0.21298701298701297,
      "changed_item_count": 385,
      "ci95": [
        0.008215346046082385,
        0.035472012489260005
      ],
      "dataset": "VIPSeg",
      "mean_delta": 0.021466481105073706,
      "zero_excluded": true
    }
  ],
  "stable_changed_breakdown": [
    {
      "changed_subset_gain": 0.08164124822622099,
      "dataset": "mixed",
      "stable_copy_preserved": 0.9997954870572209,
      "stable_preservation_drop": 0.00020451294277912258
    },
    {
      "changed_subset_gain": 0.135471813729928,
      "dataset": "VSPW",
      "stable_copy_preserved": 0.9996018315984888,
      "stable_preservation_drop": 0.0003981684015111897
    },
    {
      "changed_subset_gain": 0.018175139971253862,
      "dataset": "VIPSeg",
      "stable_copy_preserved": 0.9998963300355757,
      "stable_preservation_drop": 0.00010366996442434662
    }
  ],
  "trace_guardrail": [
    {
      "dataset": "mixed",
      "future_trace_coord_error": 0.27704221628061154,
      "trace_regression_detected": false
    },
    {
      "dataset": "VSPW",
      "future_trace_coord_error": 0.23947533014519462,
      "trace_regression_detected": false
    },
    {
      "dataset": "VIPSeg",
      "future_trace_coord_error": 0.29816758210928934,
      "trace_regression_detected": false
    }
  ],
  "utility_belief_assoc": [
    {
      "asset": "trace_belief_assoc",
      "claim": "improves over calibration/cropenc/legacysem",
      "positive": true
    },
    {
      "asset": "bootstrap",
      "claim": "trace belief bootstrap excludes zero on ID panel",
      "positive": true
    },
    {
      "asset": "false-confuser",
      "claim": "reduces false-confuser errors",
      "positive": true
    },
    {
      "asset": "reacquisition",
      "claim": "supports reacquisition utility",
      "positive": true
    },
    {
      "asset": "planning-lite",
      "claim": "supports planning-lite risk utility",
      "positive": false
    },
    {
      "asset": "counterfactual",
      "claim": "trace counterfactual changes decisions",
      "positive": true
    }
  ]
}
