{
  "candidate": "v33_11_no_gate_focal",
  "changed_top5_beats_strongest_baseline": false,
  "changed_update_gate_recall": {
    "test": {
      "mean": 0.5044600178558731,
      "std": 0.0,
      "worst": 0.5044600178558731
    },
    "val": {
      "mean": 0.44672522436509454,
      "std": 0.0,
      "worst": 0.44672522436509454
    }
  },
  "future_teacher_leakage_detected": false,
  "gate_collapse_detected": false,
  "generated_at_utc": "2026-05-10T12:29:10.706258+00:00",
  "hard_identity_ROC_AUC_test": {
    "mean": 0.5911789769824708,
    "std": 0.0010343258734479904,
    "worst": 0.5897285138888524
  },
  "hard_identity_ROC_AUC_val": {
    "mean": 0.6300356978843699,
    "std": 0.0007511250855438749,
    "worst": 0.6289765276866192
  },
  "identity_path_frozen_or_distilled": true,
  "identity_regressed_vs_v33_10": false,
  "identity_regressed_vs_v33_9": false,
  "pass_gate": false,
  "semantic_change_AUROC": {
    "test": {
      "mean": 0.6239292739869712,
      "std": 0.0,
      "worst": 0.6239292739869712
    },
    "val": {
      "mean": 0.5158282612707618,
      "std": 0.0,
      "worst": 0.5158282612707618
    }
  },
  "semantic_hard_top5_beats_strongest_baseline": false,
  "stable_preservation_not_degraded_top5": false,
  "stable_wrong_update_rate": {
    "test": {
      "mean": 0.35769476056538424,
      "std": 5.551115123125783e-17,
      "worst": 0.3576947605653843
    },
    "val": {
      "mean": 0.4183326722908873,
      "std": 0.0,
      "worst": 0.4183326722908873
    }
  },
  "trajectory_degraded": false,
  "val_calibrated_balanced_accuracy_test": {
    "mean": 0.5609158475525864,
    "std": 0.007429661446763602,
    "worst": 0.5505404025360623
  },
  "val_calibrated_balanced_accuracy_val": {
    "mean": 0.5848452388922363,
    "std": 0.0013284083073194478,
    "worst": 0.5830153310571065
  }
}
