{
  "generated_at_utc": "2026-04-28T13:42:04.224822+00:00",
  "modes": {
    "distance_only": {
      "all": {
        "candidate_AP": 0.08032519870192684,
        "candidate_AUROC": 0.5337086696109037,
        "candidate_MRR": 0.3651036922702644,
        "candidate_positive_rate": 0.06808961016052213,
        "candidate_top1": 0.16839378238341968,
        "item_count": 389,
        "metric_items": 386
      },
      "dev": {
        "candidate_AP": 0.08438603065645953,
        "candidate_AUROC": 0.5327349953831948,
        "candidate_MRR": 0.36715101297041897,
        "candidate_positive_rate": 0.06716417910447761,
        "candidate_top1": 0.1695906432748538,
        "item_count": 172,
        "metric_items": 171
      },
      "heldout": {
        "candidate_AP": 0.08063408993774426,
        "candidate_AUROC": 0.5351444291609353,
        "candidate_MRR": 0.363475358132002,
        "candidate_positive_rate": 0.06884406019852705,
        "candidate_top1": 0.16744186046511628,
        "item_count": 217,
        "metric_items": 215
      },
      "subset": {
        "OOD_hard": {
          "candidate_AP": null,
          "candidate_AUROC": null,
          "candidate_MRR": null,
          "candidate_positive_rate": null,
          "candidate_top1": null,
          "item_count": 0,
          "metric_items": 0
        },
        "appearance_change": {
          "candidate_AP": 0.13770055115860427,
          "candidate_AUROC": 0.4767844124859169,
          "candidate_MRR": 0.4550914589431537,
          "candidate_positive_rate": 0.14195867026055706,
          "candidate_top1": 0.22784810126582278,
          "item_count": 161,
          "metric_items": 158
        },
        "crossing_ambiguity": {
          "candidate_AP": 0.07557882939227949,
          "candidate_AUROC": 0.5592070650886148,
          "candidate_MRR": 0.32815677712087954,
          "candidate_positive_rate": 0.05753476852733854,
          "candidate_top1": 0.1456953642384106,
          "item_count": 302,
          "metric_items": 302
        },
        "long_gap_persistence": {
          "candidate_AP": 0.24313814868800482,
          "candidate_AUROC": 0.4954261954261954,
          "candidate_MRR": 0.5088369963369963,
          "candidate_positive_rate": 0.21940928270042195,
          "candidate_top1": 0.25,
          "item_count": 52,
          "metric_items": 52
        },
        "occlusion_reappearance": {
          "candidate_AP": 0.12098333513348296,
          "candidate_AUROC": 0.44607450384491415,
          "candidate_MRR": 0.4352104457895163,
          "candidate_positive_rate": 0.12932790224032586,
          "candidate_top1": 0.1968503937007874,
          "item_count": 127,
          "metric_items": 127
        }
      }
    },
    "identity_only": {
      "all": {
        "candidate_AP": 0.06557666374739891,
        "candidate_AUROC": 0.4881151685090215,
        "candidate_MRR": 0.3891102705939207,
        "candidate_positive_rate": 0.06808961016052213,
        "candidate_top1": 0.19430051813471502,
        "item_count": 389,
        "metric_items": 386
      },
      "dev": {
        "candidate_AP": 0.06445125882063742,
        "candidate_AUROC": 0.4877389966143429,
        "candidate_MRR": 0.3674052926848963,
        "candidate_positive_rate": 0.06716417910447761,
        "candidate_top1": 0.17543859649122806,
        "item_count": 172,
        "metric_items": 171
      },
      "heldout": {
        "candidate_AP": 0.06773956431965975,
        "candidate_AUROC": 0.4880713988675986,
        "candidate_MRR": 0.40637329953551693,
        "candidate_positive_rate": 0.06884406019852705,
        "candidate_top1": 0.20930232558139536,
        "item_count": 217,
        "metric_items": 215
      },
      "subset": {
        "OOD_hard": {
          "candidate_AP": null,
          "candidate_AUROC": null,
          "candidate_MRR": null,
          "candidate_positive_rate": null,
          "candidate_top1": null,
          "item_count": 0,
          "metric_items": 0
        },
        "appearance_change": {
          "candidate_AP": 0.1617848170474958,
          "candidate_AUROC": 0.5336867917025648,
          "candidate_MRR": 0.5419272886045038,
          "candidate_positive_rate": 0.14195867026055706,
          "candidate_top1": 0.33544303797468356,
          "item_count": 161,
          "metric_items": 158
        },
        "crossing_ambiguity": {
          "candidate_AP": 0.057737630640084636,
          "candidate_AUROC": 0.5028179497374152,
          "candidate_MRR": 0.3355597857342525,
          "candidate_positive_rate": 0.05753476852733854,
          "candidate_top1": 0.1490066225165563,
          "item_count": 302,
          "metric_items": 302
        },
        "long_gap_persistence": {
          "candidate_AP": 0.24087121032217274,
          "candidate_AUROC": 0.5313929313929314,
          "candidate_MRR": 0.5722985347985348,
          "candidate_positive_rate": 0.21940928270042195,
          "candidate_top1": 0.34615384615384615,
          "item_count": 52,
          "metric_items": 52
        },
        "occlusion_reappearance": {
          "candidate_AP": 0.13577734603154903,
          "candidate_AUROC": 0.5130174517658976,
          "candidate_MRR": 0.5156418055425245,
          "candidate_positive_rate": 0.12932790224032586,
          "candidate_top1": 0.29133858267716534,
          "item_count": 127,
          "metric_items": 127
        }
      }
    },
    "posterior_no_distance": {
      "all": {
        "candidate_AP": 0.06441391261596151,
        "candidate_AUROC": 0.48814704316023927,
        "candidate_MRR": 0.39109300069714303,
        "candidate_positive_rate": 0.06808961016052213,
        "candidate_top1": 0.18911917098445596,
        "item_count": 389,
        "metric_items": 386
      },
      "dev": {
        "candidate_AP": 0.06566629654005836,
        "candidate_AUROC": 0.4921612803939674,
        "candidate_MRR": 0.3914799746308521,
        "candidate_positive_rate": 0.06716417910447761,
        "candidate_top1": 0.19298245614035087,
        "item_count": 172,
        "metric_items": 171
      },
      "heldout": {
        "candidate_AP": 0.06445609964517258,
        "candidate_AUROC": 0.485249992002815,
        "candidate_MRR": 0.3907852214289373,
        "candidate_positive_rate": 0.06884406019852705,
        "candidate_top1": 0.18604651162790697,
        "item_count": 217,
        "metric_items": 215
      },
      "subset": {
        "OOD_hard": {
          "candidate_AP": null,
          "candidate_AUROC": null,
          "candidate_MRR": null,
          "candidate_positive_rate": null,
          "candidate_top1": null,
          "item_count": 0,
          "metric_items": 0
        },
        "appearance_change": {
          "candidate_AP": 0.17685729247705012,
          "candidate_AUROC": 0.5341970972231427,
          "candidate_MRR": 0.549385589615944,
          "candidate_positive_rate": 0.14195867026055706,
          "candidate_top1": 0.33544303797468356,
          "item_count": 161,
          "metric_items": 158
        },
        "crossing_ambiguity": {
          "candidate_AP": 0.05525673819359537,
          "candidate_AUROC": 0.5020334753687097,
          "candidate_MRR": 0.33158657929253615,
          "candidate_positive_rate": 0.05753476852733854,
          "candidate_top1": 0.13245033112582782,
          "item_count": 302,
          "metric_items": 302
        },
        "long_gap_persistence": {
          "candidate_AP": 0.2562323755782084,
          "candidate_AUROC": 0.5234927234927235,
          "candidate_MRR": 0.5745421245421245,
          "candidate_positive_rate": 0.21940928270042195,
          "candidate_top1": 0.36538461538461536,
          "item_count": 52,
          "metric_items": 52
        },
        "occlusion_reappearance": {
          "candidate_AP": 0.14337641568972329,
          "candidate_AUROC": 0.5172261362066584,
          "candidate_MRR": 0.5285758787727292,