{
  "completed_run_count": 5,
  "expected_run_count": 5,
  "generated_at_utc": "2026-05-08T07:53:02.029725+00:00",
  "per_seed": [
    {
      "MissRate@128": 0.48917748917748916,
      "MissRate@64": 0.7532467532467533,
      "completed": true,
      "delta_minFDE_vs_strongest_prior": 18.640309106735955,
      "minFDE_K": 128.03502755454093,
      "motion_delta_minFDE_vs_strongest_prior": 24.316301674678407,
      "motion_minFDE_K": 159.88784864579125,
      "motion_positive_vs_prior": true,
      "positive_vs_prior": true,
      "relative_deformation_layout_error": 58.95265561101619,
      "report_path": "reports/stwm_ostf_v30_external_gt_runs/v30_extgt_m128_h96_seed42.json",
      "seed": 42,
      "threshold_auc_delta": 0.031385281385281384,
      "train_loss_decreased": false,
      "visibility_F1": 0.8223289633080099
    },
    {
      "MissRate@128": 0.48917748917748916,
      "MissRate@64": 0.7532467532467533,
      "completed": true,
      "delta_minFDE_vs_strongest_prior": 19.05323571869821,
      "minFDE_K": 127.62210094257867,
      "motion_delta_minFDE_vs_strongest_prior": 25.081405595801343,
      "motion_minFDE_K": 159.1227447246683,
      "motion_positive_vs_prior": true,
      "positive_vs_prior": true,
      "relative_deformation_layout_error": 58.9358832236685,
      "report_path": "reports/stwm_ostf_v30_external_gt_runs/v30_extgt_m128_h96_seed123.json",
      "seed": 123,
      "threshold_auc_delta": 0.02813852813852814,
      "train_loss_decreased": true,
      "visibility_F1": 0.8223289633080099
    },
    {
      "MissRate@128": 0.48917748917748916,
      "MissRate@64": 0.7532467532467533,
      "completed": true,
      "delta_minFDE_vs_strongest_prior": 19.187079590636415,
      "minFDE_K": 127.48825707064046,
      "motion_delta_minFDE_vs_strongest_prior": 25.24136499426831,
      "motion_minFDE_K": 158.96278532620133,
      "motion_positive_vs_prior": true,
      "positive_vs_prior": true,
      "relative_deformation_layout_error": 58.9358832236685,
      "report_path": "reports/stwm_ostf_v30_external_gt_runs/v30_extgt_m128_h96_seed456.json",
      "seed": 456,
      "threshold_auc_delta": 0.030303030303030304,
      "train_loss_decreased": true,
      "visibility_F1": 0.8223289633080099
    },
    {
      "MissRate@128": 0.48917748917748916,
      "MissRate@64": 0.7532467532467533,
      "completed": true,
      "delta_minFDE_vs_strongest_prior": 30.13816243126279,
      "minFDE_K": 116.53717423001409,
      "motion_delta_minFDE_vs_strongest_prior": 39.51368309985632,
      "motion_minFDE_K": 144.69046722061333,
      "motion_positive_vs_prior": true,
      "positive_vs_prior": true,
      "relative_deformation_layout_error": 58.9358832236685,
      "report_path": "reports/stwm_ostf_v30_external_gt_runs/v30_extgt_m128_h96_seed789.json",
      "seed": 789,
      "threshold_auc_delta": 0.03571428571428571,
      "train_loss_decreased": true,
      "visibility_F1": 0.8223289633080099
    },
    {
      "MissRate@128": 0.48917748917748916,
      "MissRate@64": 0.7532467532467533,
      "completed": true,
      "delta_minFDE_vs_strongest_prior": 28.342566073198856,
      "minFDE_K": 118.33277058807802,
      "motion_delta_minFDE_vs_strongest_prior": 37.358354831564014,
      "motion_minFDE_K": 146.84579548890562,
      "motion_positive_vs_prior": true,
      "positive_vs_prior": true,
      "relative_deformation_layout_error": 58.9358832236685,
      "report_path": "reports/stwm_ostf_v30_external_gt_runs/v30_extgt_m128_h96_seed2026.json",
      "seed": 2026,
      "threshold_auc_delta": 0.030303030303030304,
      "train_loss_decreased": true,
      "visibility_F1": 0.8223289633080099
    }
  ],
  "seed_mean_delta_minFDE": 23.072270584106445,
  "seed_mean_motion_delta_minFDE": 30.30222203923368,
  "seed_std_delta_minFDE": 5.669931105843834,
  "semantic_not_tested_not_failed": true,
  "strongest_prior_H96": "last_observed_copy",
  "summary_name": "stwm_ostf_v30_external_gt_h96_multiseed_summary"
}
