{
  "bootstrap_name": "stwm_ostf_v30_external_gt_h96_pilot_bootstrap",
  "generated_at_utc": "2026-05-08T07:33:47.346566+00:00",
  "per_seed_item_bootstrap": {
    "v30_extgt_m128_h96_seed123_vs_last_observed_copy_minFDE_K": {
      "ci95": [
        15.313027561897838,
        23.102353280137628
      ],
      "item_count": 231,
      "mean_delta": 19.05323571869821,
      "zero_excluded": true
    },
    "v30_extgt_m128_h96_seed123_vs_last_observed_copy_motion_minFDE_K": {
      "ci95": [
        20.533403880020668,
        30.047144977525733
      ],
      "item_count": 174,
      "mean_delta": 25.081405595801343,
      "zero_excluded": true
    },
    "v30_extgt_m128_h96_seed123_vs_last_observed_copy_threshold_auc_endpoint_16_32_64_128": {
      "ci95": [
        0.017316017316017316,
        0.03896103896103896
      ],
      "item_count": 231,
      "mean_delta": 0.02813852813852814,
      "zero_excluded": true
    },
    "v30_extgt_m128_h96_seed42_vs_last_observed_copy_minFDE_K": {
      "ci95": [
        15.174909835873228,
        22.462072855053524
      ],
      "item_count": 231,
      "mean_delta": 18.640309106735955,
      "zero_excluded": true
    },
    "v30_extgt_m128_h96_seed42_vs_last_observed_copy_motion_minFDE_K": {
      "ci95": [
        20.319379351604944,
        29.072163621310526
      ],
      "item_count": 174,
      "mean_delta": 24.316301674678407,
      "zero_excluded": true
    },
    "v30_extgt_m128_h96_seed42_vs_last_observed_copy_threshold_auc_endpoint_16_32_64_128": {
      "ci95": [
        0.020562770562770564,
        0.04329004329004329
      ],
      "item_count": 231,
      "mean_delta": 0.031385281385281384,
      "zero_excluded": true
    }
  },
  "pooled_seed_item_bootstrap": {
    "h96_pooled_seed_item_minFDE_K": {
      "ci95": [
        16.304520249573184,
        21.597919770855924
      ],
      "item_count": 462,
      "mean_delta": 18.846772412717083,
      "zero_excluded": true
    },
    "h96_pooled_seed_item_motion_minFDE_K": {
      "ci95": [
        21.59195944303754,
        28.26461870752532
      ],
      "item_count": 348,
      "mean_delta": 24.698853635239875,
      "zero_excluded": true
    },
    "h96_pooled_seed_item_threshold_auc": {
      "ci95": [
        0.022186147186147188,
        0.03787878787878788
      ],
      "item_count": 462,
      "mean_delta": 0.02976190476190476,
      "zero_excluded": true
    }
  }
}
