{
  "generated_at_utc": "2026-04-24T14:30:37.757293+00:00",
  "panels": {
    "densified_200_context_preserving": {
      "clean_residual_v2_vs_frozen_external_teacher_only": {
        "overall_top1": {
          "count": 894,
          "mean_delta": 0.0022371364653243847,
          "ci95_low": -0.013422818791946308,
          "ci95_high": 0.01901565995525727,
          "zero_excluded": false,
          "bootstrap_win_rate": 0.03131991051454139
        },
        "hard_subset_top1": {
          "count": 894,
          "mean_delta": 0.0022371364653243847,
          "ci95_low": -0.013422818791946308,
          "ci95_high": 0.017897091722595078,
          "zero_excluded": false,
          "bootstrap_win_rate": 0.03131991051454139
        },
        "ambiguity_top1": {
          "count": 654,
          "mean_delta": 0.009174311926605505,
          "ci95_low": -0.009174311926605505,
          "ci95_high": 0.027522935779816515,
          "zero_excluded": false,
          "bootstrap_win_rate": 0.03363914373088685
        },
        "occlusion_reappearance_top1": {
          "count": 564,
          "mean_delta": 0.008865248226950355,
          "ci95_low": -0.012411347517730497,
          "ci95_high": 0.031914893617021274,
          "zero_excluded": false,
          "bootstrap_win_rate": 0.040780141843971635
        },
        "long_gap_persistence_top1": {
          "count": 276,
          "mean_delta": -0.018115942028985508,
          "ci95_low": -0.04710144927536232,
          "ci95_high": 0.010869565217391304,
          "zero_excluded": false,
          "bootstrap_win_rate": 0.021739130434782608
        }
      },
      "clean_residual_v2_vs_tusb_semantic_target": {
        "overall_top1": {
          "count": 894,
          "mean_delta": 0.08389261744966443,
          "ci95_low": 0.04809843400447427,
          "ci95_high": 0.12080536912751678,
          "zero_excluded": true,
          "bootstrap_win_rate": 0.19686800894854586
        },
        "hard_subset_top1": {
          "count": 894,
          "mean_delta": 0.08389261744966443,
          "ci95_low": 0.04918903803131992,
          "ci95_high": 0.11968680089485459,
          "zero_excluded": true,
          "bootstrap_win_rate": 0.19686800894854586
        },
        "ambiguity_top1": {
          "count": 654,
          "mean_delta": 0.047400611620795105,
          "ci95_low": 0.009174311926605505,
          "ci95_high": 0.08409785932721713,
          "zero_excluded": true,
          "bootstrap_win_rate": 0.14678899082568808
        },
        "occlusion_reappearance_top1": {
          "count": 564,
          "mean_delta": 0.1099290780141844,
          "ci95_low": 0.06028368794326241,
          "ci95_high": 0.15780141843971632,
          "zero_excluded": true,
          "bootstrap_win_rate": 0.23404255319148937
        },
        "long_gap_persistence_top1": {
          "count": 276,
          "mean_delta": 0.12681159420289856,
          "ci95_low": 0.05434782608695652,
          "ci95_high": 0.1956521739130435,
          "zero_excluded": true,
          "bootstrap_win_rate": 0.25
        }
      },
      "clean_residual_v2_vs_legacysem": {
        "overall_top1": {
          "count": 894,
          "mean_delta": 0.25838926174496646,
          "ci95_low": 0.2181208053691275,
          "ci95_high": 0.2986577181208054,
          "zero_excluded": true,
          "bootstrap_win_rate": 0.34563758389261745
        },
        "hard_subset_top1": {
          "count": 894,
          "mean_delta": 0.25838926174496646,
          "ci95_low": 0.21923937360178972,
          "ci95_high": 0.2986577181208054,
          "zero_excluded": true,
          "bootstrap_win_rate": 0.34563758389261745
        },
        "ambiguity_top1": {
          "count": 654,
          "mean_delta": 0.19877675840978593,
          "ci95_low": 0.154434250764526,
          "ci95_high": 0.24311926605504589,
          "zero_excluded": true,
          "bootstrap_win_rate": 0.29357798165137616
        },
        "occlusion_reappearance_top1": {
          "count": 564,
          "mean_delta": 0.32092198581560283,
          "ci95_low": 0.2695035460992908,
          "ci95_high": 0.3723404255319149,
          "zero_excluded": true,
          "bootstrap_win_rate": 0.3971631205673759
        },
        "long_gap_persistence_top1": {
          "count": 276,
          "mean_delta": 0.31521739130434784,
          "ci95_low": 0.2426630434782609,
          "ci95_high": 0.38768115942028986,
          "zero_excluded": true,
          "bootstrap_win_rate": 0.4057971014492754
        }
      }
    },
    "true_ood_combined": {
      "clean_residual_v2_vs_frozen_external_teacher_only": {
        "overall_top1": {
          "count": 2586,
          "mean_delta": -0.007733952049497293,
          "ci95_low": -0.01894818252126837,
          "ci95_high": 0.003103248259860824,
          "zero_excluded": false,
          "bootstrap_win_rate": 0.037122969837587005
        },
        "hard_subset_top1": {
          "count": 2586,
          "mean_delta": -0.007733952049497293,
          "ci95_low": -0.018561484918793503,
          "ci95_high": 0.0034802784222737818,
          "zero_excluded": false,
          "bootstrap_win_rate": 0.037122969837587005
        },
        "ambiguity_top1": {
          "count": 1908,
          "mean_delta": -0.008385744234800839,
          "ci95_low": -0.020964360587002098,
          "ci95_high": 0.0047169811320754715,
          "zero_excluded": false,
          "bootstrap_win_rate": 0.03878406708595388
        },
        "occlusion_reappearance_top1": {
          "count": 876,
          "mean_delta": -0.0045662100456621,
          "ci95_low": -0.0228310502283105,
          "ci95_high": 0.0136986301369863,
          "zero_excluded": false,
          "bootstrap_win_rate": 0.0319634703196347
        },
        "long_gap_persistence_top1": {
          "count": 402,
          "mean_delta": -0.024875621890547265,
          "ci95_low": -0.049813432835820876,
          "ci95_high": 0.0,
          "zero_excluded": false,
          "bootstrap_win_rate": 0.022388059701492536
        }
      },
      "clean_residual_v2_vs_legacysem": {
        "overall_top1": {
          "count": 2586,
          "mean_delta": 0.337200309358082,
          "ci95_low": 0.3147718484145398,
          "ci95_high": 0.36078886310904873,
          "zero_excluded": true,
          "bootstrap_win_rate": 0.39868522815158547
        },
        "hard_subset_top1": {
          "count": 2586,
          "mean_delta": 0.337200309358082,
          "ci95_low": 0.3147718484145398,
          "ci95_high": 0.36040216550657383,
          "zero_excluded": true,
          "bootstrap_win_rate": 0.39868522815158547
        },
        "ambiguity_top1": {
          "count": 1908,
          "mean_delta": 0.2950733752620545,
          "ci95_low": 0.26833071278826,
          "ci95_high": 0.32075471698113206,
          "zero_excluded": true,
          "bootstrap_win_rate": 0.36163522012578614
        },
        "occlusion_reappearance_top1": {
          "count": 876,
          "mean_delta": 0.3515981735159817,
          "ci95_low": 0.30933219178082194,
          "ci95_high": 0.3926940639269406,
          "zero_excluded": true,
          "bootstrap_win_rate": 0.4292237442922374
        },
        "long_gap_persistence_top1": {
          "count": 402,
          "mean_delta": 0.34328358208955223,
          "ci95_low": 0.2860696517412935,
          "ci95_high": 0.4054726368159204,
          "zero_excluded": true,
          "bootstrap_win_rate": 0.417910447761194
        }
      }
    }
  },
  "clean_residual_zero_excluded_on_id": false,
  "clean_residual_zero_excluded_on_ood": false,
  "claim_level": "weak_claim"
}
