{
  "audit_name": "stwm_ostf_v21_bootstrap",
  "best_of_k_vs_weighted_all_minFDE": {
    "ci95": [
      7.4874647435218415,
      10.855533290552895
    ],
    "item_count": 455,
    "mean_delta": 9.116999356301276,
    "zero_excluded": true
  },
  "best_of_k_vs_weighted_hard_minFDE": {
    "ci95": [
      34.534314618136854,
      44.5366995376545
    ],
    "item_count": 91,
    "mean_delta": 39.545478029565494,
    "zero_excluded": true
  },
  "best_variant_name": "v21_multimodal_m128_seed42_h8",
  "generated_at_utc": "2026-05-05T07:13:02.120835+00:00",
  "v21_best_vs_cv_all_minFDE": {
    "ci95": [
      7.234293402367896,
      10.685570587962864
    ],
    "item_count": 455,
    "mean_delta": 8.92214387026462,
    "zero_excluded": true
  },
  "v21_best_vs_cv_all_missrate32": {
    "ci95": [
      0.04395604395604396,
      0.08791208791208792
    ],
    "item_count": 455,
    "mean_delta": 0.06593406593406594,
    "zero_excluded": true
  },
  "v21_best_vs_cv_hard_minFDE": {
    "ci95": [
      35.03973523915469,
      45.00224072644999
    ],
    "item_count": 91,
    "mean_delta": 40.04668179187146,
    "zero_excluded": true
  },
  "v21_best_vs_cv_hard_missrate32": {
    "ci95": [
      0.12087912087912088,
      0.2857142857142857
    ],
    "item_count": 91,
    "mean_delta": 0.1978021978021978,
    "zero_excluded": true
  },
  "v21_m512_vs_single_mode_hard_minFDE": {
    "ci95": [
      9.30101460647583,
      19.10226693868637
    ],
    "item_count": 100,
    "mean_delta": 14.122362232208252,
    "zero_excluded": true
  },
  "v21_m512_vs_wo_context_hard_minFDE": {
    "ci95": [
      2.3791358871459964,
      6.890795665740966
    ],
    "item_count": 100,
    "mean_delta": 4.628578414916992,
    "zero_excluded": true
  },
  "v21_m512_vs_wo_dense_hard_minFDE": {
    "ci95": [
      -1.3826023139953614,
      0.28974224853515584
    ],
    "item_count": 100,
    "mean_delta": -0.5488323211669922,
    "zero_excluded": false
  },
  "v21_m512_vs_wo_diversity_hard_minFDE": {
    "ci95": [
      -2.67323725605011,
      -0.21806357288360612
    ],
    "item_count": 100,
    "mean_delta": -1.4278658294677735,
    "zero_excluded": true
  }
}
