{
  "candidate_AP": 0.09971344735627846,
  "candidate_AUROC": 0.6211839912751724,
  "candidate_MRR": 0.4300688958696106,
  "candidate_feature_used_for_rollout": false,
  "candidate_feature_used_for_scoring": true,
  "candidate_positive_rate": 0.06808961016052213,
  "candidate_record_count": 5669,
  "candidate_score_mode": "posterior_v7_no_frozen_appearance",
  "candidate_top1": 0.22279792746113988,
  "dev": {
    "candidate_AP": 0.10525398150310107,
    "candidate_AUROC": 0.6577959211795508,
    "candidate_MRR": 0.4554004991505111,
    "candidate_positive_rate": 0.0675008231807705,
    "candidate_record_count": 3037,
    "candidate_top1": 0.23902439024390243,
    "metric_items": 205
  },
  "full_free_rollout_executed": true,
  "full_model_forward_executed": true,
  "future_candidate_used_as_input": false,
  "generated_at_utc": "2026-04-28T16:54:52.019865+00:00",
  "heldout": {
    "candidate_AP": 0.09615347815866636,
    "candidate_AUROC": 0.578140391451454,
    "candidate_MRR": 0.40137840596582974,
    "candidate_positive_rate": 0.06876899696048633,
    "candidate_record_count": 2632,
    "candidate_top1": 0.20441988950276244,
    "metric_items": 181
  },
  "metric_items": 386,
  "mode": "posterior_v7_no_frozen_appearance",
  "old_association_report_used": false,
  "per_subset_breakdown": {
    "OOD_hard": {
      "candidate_AP": null,
      "candidate_AUROC": null,
      "candidate_MRR": null,
      "candidate_positive_rate": null,
      "candidate_record_count": 0,
      "candidate_top1": null,
      "metric_items": 0
    },
    "appearance_change": {
      "candidate_AP": 0.16968141883489643,
      "candidate_AUROC": 0.5903638412088277,
      "candidate_MRR": 0.5476676876884211,
      "candidate_positive_rate": 0.14195867026055706,
      "candidate_record_count": 1113,
      "candidate_top1": 0.3227848101265823,
      "metric_items": 158
    },
    "crossing_ambiguity": {
      "candidate_AP": 0.09451901245537316,
      "candidate_AUROC": 0.6519109179822676,
      "candidate_MRR": 0.38062588757647076,
      "candidate_positive_rate": 0.05753476852733854,
      "candidate_record_count": 5249,
      "candidate_top1": 0.18211920529801323,
      "metric_items": 302
    },
    "long_gap_persistence": {
      "candidate_AP": 0.29312625998108566,
      "candidate_AUROC": 0.5866943866943867,
      "candidate_MRR": 0.591025641025641,
      "candidate_positive_rate": 0.21940928270042195,
      "candidate_record_count": 237,
      "candidate_top1": 0.34615384615384615,
      "metric_items": 52
    },
    "occlusion_reappearance": {
      "candidate_AP": 0.14617007617551966,
      "candidate_AUROC": 0.5535755398996178,
      "candidate_MRR": 0.5412050175134939,
      "candidate_positive_rate": 0.12932790224032586,
      "candidate_record_count": 982,
      "candidate_top1": 0.31496062992125984,
      "metric_items": 127
    }
  },
  "predicted_candidate_index_0_ratio": 0.12435233160621761,
  "score_tie_rate": 0.0,
  "stage2_val_fallback_used": false
}
