{
  "complete_train_sample_count": 47,
  "coverage_expanded_vs_v33_6": false,
  "embedding_similarity_logits_active": true,
  "fused_same_instance_logits_active": true,
  "future_teacher_leakage_detected": false,
  "generated_at_utc": "2026-05-10T05:08:52.685742+00:00",
  "global_identity_labels_used": true,
  "hard_identity_ROC_AUC_fused_test": {
    "mean": 0.6669637174599122,
    "std": 0.0007959222265849517,
    "worst": 0.6658981398548761
  },
  "hard_identity_ROC_AUC_fused_val": {
    "mean": 0.548904166392977,
    "std": 0.0011563737219836717,
    "worst": 0.5480694828265275
  },
  "identity_hard_train_balanced": true,
  "identity_retrieval_exclude_same_point_top1_test": {
    "mean": 0.586181640625,
    "std": 0.0024168688810087074,
    "worst": 0.58349609375
  },
  "identity_retrieval_exclude_same_point_top1_val": {
    "mean": 0.579833984375,
    "std": 0.007875821671181777,
    "worst": 0.5703125
  },
  "identity_retrieval_same_frame_top1_test": {
    "mean": 0.3510200759828785,
    "std": 0.0055918765012885376,
    "worst": 0.34333070244672453
  },
  "identity_retrieval_same_frame_top1_val": {
    "mean": 0.42807403045968223,
    "std": 0.0033810662744615974,
    "worst": 0.4256370254810192
  },
  "identity_signal_stable": false,
  "integrated_identity_field_claim_allowed": false,
  "integrated_semantic_field_claim_allowed": false,
  "integrated_v30_backbone_used": true,
  "observed_instance_context_used": false,
  "observed_visual_teacher_context_used": true,
  "recommended_next_step": "fix_h32_m128_target_coverage",
  "same_instance_hard_bce_active": true,
  "sample_local_collision_prevented": true,
  "semantic_proto_top1_test": {
    "mean": 0.21821356661016755,
    "std": 0.0,
    "worst": 0.21821356661016755
  },
  "semantic_proto_top1_val": {
    "mean": 0.152247174256658,
    "std": 0.0,
    "worst": 0.152247174256658
  },
  "semantic_proto_top5_test": {
    "mean": 0.5814269625854597,
    "std": 0.0,
    "worst": 0.5814269625854597
  },
  "semantic_proto_top5_val": {
    "mean": 0.4696847693179446,
    "std": 5.551115123125783e-17,
    "worst": 0.46968476931794456
  },
  "semantic_ranking_signal_stable": false,
  "semantic_top1_copy_beaten": false,
  "semantic_top5_copy_beaten": false,
  "training_coverage_bottleneck_detected": true,
  "trajectory_degraded": false,
  "v30_backbone_frozen": true,
  "v30_checkpoint_loaded": true,
  "val_calibrated_balanced_accuracy_test": {
    "mean": 0.6118876373999186,
    "std": 0.00408127377984059,
    "worst": 0.6063916406568055
  },
  "val_calibrated_balanced_accuracy_val": {
    "mean": 0.5370034585809744,
    "std": 0.000700736602354154,
    "worst": 0.5361136294953158
  }
}
