{
  "candidate_AP": 0.1189416133227863,
  "candidate_AUROC": 0.6309577400970362,
  "candidate_MRR": 0.46059426589936564,
  "candidate_feature_used_for_rollout": false,
  "candidate_feature_used_for_scoring": true,
  "candidate_positive_rate": 0.06808961016052213,
  "candidate_record_count": 5669,
  "candidate_score_mode": "aligned_predicted_semantic_identity_v7",
  "candidate_top1": 0.26424870466321243,
  "dev": {
    "candidate_AP": 0.16703232767374793,
    "candidate_AUROC": 0.7024407468650957,
    "candidate_MRR": 0.5317492966533351,
    "candidate_positive_rate": 0.0675008231807705,
    "candidate_record_count": 3037,
    "candidate_top1": 0.3463414634146341,
    "metric_items": 205
  },
  "full_free_rollout_executed": true,
  "full_model_forward_executed": true,
  "future_candidate_used_as_input": false,
  "generated_at_utc": "2026-04-28T16:54:50.451582+00:00",
  "heldout": {
    "candidate_AP": 0.0833709789016476,
    "candidate_AUROC": 0.5486767155586513,
    "candidate_MRR": 0.38000431394045164,
    "candidate_positive_rate": 0.06876899696048633,
    "candidate_record_count": 2632,
    "candidate_top1": 0.1712707182320442,
    "metric_items": 181
  },
  "metric_items": 386,
  "mode": "aligned_predicted_semantic_identity_v7",
  "old_association_report_used": false,
  "per_subset_breakdown": {
    "OOD_hard": {
      "candidate_AP": null,
      "candidate_AUROC": null,
      "candidate_MRR": null,
      "candidate_positive_rate": null,
      "candidate_record_count": 0,
      "candidate_top1": null,
      "metric_items": 0
    },
    "appearance_change": {
      "candidate_AP": 0.21856331540255944,
      "candidate_AUROC": 0.625641195572934,
      "candidate_MRR": 0.5831325413858909,
      "candidate_positive_rate": 0.14195867026055706,
      "candidate_record_count": 1113,
      "candidate_top1": 0.36075949367088606,
      "metric_items": 158
    },
    "crossing_ambiguity": {
      "candidate_AP": 0.10865917887363748,
      "candidate_AUROC": 0.6486418285481735,
      "candidate_MRR": 0.40503817713343776,
      "candidate_positive_rate": 0.05753476852733854,
      "candidate_record_count": 5249,
      "candidate_top1": 0.2119205298013245,
      "metric_items": 302
    },
    "long_gap_persistence": {
      "candidate_AP": 0.2686650211360896,
      "candidate_AUROC": 0.5907484407484408,
      "candidate_MRR": 0.598076923076923,
      "candidate_positive_rate": 0.21940928270042195,
      "candidate_record_count": 237,
      "candidate_top1": 0.36538461538461536,
      "metric_items": 52
    },
    "occlusion_reappearance": {
      "candidate_AP": 0.1889403108365934,
      "candidate_AUROC": 0.5977160749643137,
      "candidate_MRR": 0.5686378145039563,
      "candidate_positive_rate": 0.12932790224032586,
      "candidate_record_count": 982,
      "candidate_top1": 0.33858267716535434,
      "metric_items": 127
    }
  },
  "predicted_candidate_index_0_ratio": 0.07772020725388601,
  "score_tie_rate": 0.0,
  "stage2_val_fallback_used": false
}
