{
  "runs_root": "/home/chen034/workspace/stwm/outputs/training/stwm_v4_2_protocol_repair/eventful",
  "seeds": [
    "42",
    "123"
  ],
  "runs": [
    "full_v4_2",
    "wo_identity_v4_2"
  ],
  "per_seed": {
    "full_v4_2": {
      "42": {
        "total_rows": 120,
        "event_rows": 68,
        "event_row_ratio": 0.5666666666666667,
        "reconnect_success_rate": 0.35294117647058826,
        "reconnect_min_error_mean": 0.28425315942834406,
        "trajectory_l1_on_events": 0.30770905102219653,
        "query_localization_error_on_events": 0.3041598305982702,
        "memory_gate_mean_on_events": 0.8958121958900901,
        "reappearance_count_mean": 1.911764705882353
      },
      "123": {
        "total_rows": 120,
        "event_rows": 68,
        "event_row_ratio": 0.5666666666666667,
        "reconnect_success_rate": 0.35294117647058826,
        "reconnect_min_error_mean": 0.2828146035180372,
        "trajectory_l1_on_events": 0.31623457552974715,
        "query_localization_error_on_events": 0.3322703062611468,
        "memory_gate_mean_on_events": 0.9470195069032556,
        "reappearance_count_mean": 1.911764705882353
      }
    },
    "wo_identity_v4_2": {
      "42": {
        "total_rows": 120,
        "event_rows": 68,
        "event_row_ratio": 0.5666666666666667,
        "reconnect_success_rate": 0.3235294117647059,
        "reconnect_min_error_mean": 0.2847553726066561,
        "trajectory_l1_on_events": 0.30778588617549224,
        "query_localization_error_on_events": 0.30538589090985413,
        "memory_gate_mean_on_events": 0.0,
        "reappearance_count_mean": 1.911764705882353
      },
      "123": {
        "total_rows": 120,
        "event_rows": 68,
        "event_row_ratio": 0.5666666666666667,
        "reconnect_success_rate": 0.3235294117647059,
        "reconnect_min_error_mean": 0.2846664046759115,
        "trajectory_l1_on_events": 0.31175683175816254,
        "query_localization_error_on_events": 0.31060193331145186,
        "memory_gate_mean_on_events": 0.0,
        "reappearance_count_mean": 1.911764705882353
      }
    }
  },
  "aggregate": {
    "full_v4_2": {
      "total_event_rows": 136,
      "event_row_ratio": {
        "mean": 0.5666666666666667,
        "std": 0.0,
        "count": 2
      },
      "reconnect_success_rate": {
        "mean": 0.35294117647058826,
        "std": 0.0,
        "count": 2
      },
      "reconnect_min_error_mean": {
        "mean": 0.28353388147319064,
        "std": 0.000719277955153419,
        "count": 2
      },
      "trajectory_l1_on_events": {
        "mean": 0.31197181327597184,
        "std": 0.00426276225377531,
        "count": 2
      },
      "query_localization_error_on_events": {
        "mean": 0.3182150684297085,
        "std": 0.014055237831438305,
        "count": 2
      },
      "memory_gate_mean_on_events": {
        "mean": 0.9214158513966728,
        "std": 0.02560365550658278,
        "count": 2
      },
      "reappearance_count_mean": {
        "mean": 1.911764705882353,
        "std": 0.0,
        "count": 2
      }
    },
    "wo_identity_v4_2": {
      "total_event_rows": 136,
      "event_row_ratio": {
        "mean": 0.5666666666666667,
        "std": 0.0,
        "count": 2
      },
      "reconnect_success_rate": {
        "mean": 0.3235294117647059,
        "std": 0.0,
        "count": 2
      },
      "reconnect_min_error_mean": {
        "mean": 0.2847108886412838,
        "std": 4.448396537232169e-05,
        "count": 2
      },
      "trajectory_l1_on_events": {
        "mean": 0.3097713589668274,
        "std": 0.001985472791335152,
        "count": 2
      },
      "query_localization_error_on_events": {
        "mean": 0.30799391211065297,
        "std": 0.0026080212007988657,
        "count": 2
      },
      "memory_gate_mean_on_events": {
        "mean": 0.0,
        "std": 0.0,
        "count": 2
      },
      "reappearance_count_mean": {
        "mean": 1.911764705882353,
        "std": 0.0,
        "count": 2
      }
    }
  },
  "comparison_vs_full": {
    "wo_identity_v4_2": {
      "paired_seed_count": 2,
      "per_seed_delta": {
        "42": {
          "delta_event_row_ratio": 0.0,
          "delta_reconnect_success_rate": -0.02941176470588236,
          "delta_reconnect_min_error_mean": 0.0005022131783120609,
          "delta_query_error_on_events": 0.0012260603115839541,
          "delta_traj_l1_on_events": 7.683515329570678e-05
        },
        "123": {
          "delta_event_row_ratio": 0.0,
          "delta_reconnect_success_rate": -0.02941176470588236,
          "delta_reconnect_min_error_mean": 0.0018518011578742555,
          "delta_query_error_on_events": -0.021668372949694925,
          "delta_traj_l1_on_events": -0.004477743771584608
        }
      },
      "aggregate_delta": {
        "delta_event_row_ratio": {
          "mean": 0.0,
          "std": 0.0,
          "count": 2
        },
        "delta_reconnect_success_rate": {
          "mean": -0.02941176470588236,
          "std": 0.0,
          "count": 2
        },
        "delta_reconnect_min_error_mean": {
          "mean": 0.0011770071680931582,
          "std": 0.0006747939897810973,
          "count": 2
        },
        "delta_query_error_on_events": {
          "mean": -0.010221156319055485,
          "std": 0.01144721663063944,
          "count": 2
        },
        "delta_traj_l1_on_events": {
          "mean": -0.0022004543091444506,
          "std": 0.0022772894624401574,
          "count": 2
        }
      }
    }
  },
  "statistical_power": {
    "min_total_event_rows": 10,
    "min_paired_seeds": 2,
    "per_run_total_event_rows": {
      "full_v4_2": 136,
      "wo_identity_v4_2": 136
    },
    "comparison_runs": [
      "wo_identity_v4_2"
    ],
    "paired_seed_count_by_run": {
      "wo_identity_v4_2": 2
    },
    "full_has_min_event_rows": true,
    "full_vs_wo_semantics_paired_seed_count": 0,
    "full_vs_wo_identity_paired_seed_count": 2,
    "sufficient_for_reconnect_claim": true
  }
}