{
  "complete_train_sample_count": 0,
  "future_teacher_leakage_detected": false,
  "generated_at_utc": "2026-05-10T04:53:23.426543+00:00",
  "global_identity_labels_used": true,
  "hard_identity_ROC_AUC_fused_test": {
    "mean": 0.6831940138318497,
    "std": 0.00020457661668104858,
    "worst": 0.6829245340714893
  },
  "hard_identity_ROC_AUC_fused_val": {
    "mean": 0.5697323935735875,
    "std": 0.0034639744942660117,
    "worst": 0.5649895136074892
  },
  "identity_retrieval_exclude_same_point_top1_test": {
    "mean": 0.5895182291666666,
    "std": 0.0022047879531484483,
    "worst": 0.586669921875
  },
  "identity_retrieval_exclude_same_point_top1_val": {
    "mean": 0.5826822916666666,
    "std": 0.007986877699469595,
    "worst": 0.5751953125
  },
  "identity_retrieval_instance_pooled_top1_test": {
    "mean": 0.8618977864583334,
    "std": 0.0013568792318142144,
    "worst": 0.860595703125
  },
  "identity_retrieval_instance_pooled_top1_val": {
    "mean": 0.8702799479166666,
    "std": 0.004916603993161853,
    "worst": 0.8662109375
  },
  "identity_retrieval_same_frame_top1_test": {
    "mean": 0.35066948427737793,
    "std": 0.0028934577056043465,
    "worst": 0.34701394369902655
  },
  "identity_retrieval_same_frame_top1_val": {
    "mean": 0.4302389153597252,
    "std": 0.0047433158250414055,
    "worst": 0.4256370254810192
  },
  "identity_signal_stable": false,
  "pass_gate": false,
  "recommended_next_step": "fix_identity_belief_calibration",
  "sample_local_collision_prevented": true,
  "semantic_proto_top1_test": {
    "mean": 0.2531823404279523,
    "std": 0.0,
    "worst": 0.2531823404279523
  },
  "semantic_proto_top1_val": {
    "mean": 0.19054009722346485,
    "std": 0.0,
    "worst": 0.19054009722346485
  },
  "semantic_proto_top5_test": {
    "mean": 0.6391299896481509,
    "std": 0.0,
    "worst": 0.6391299896481509
  },
  "semantic_proto_top5_val": {
    "mean": 0.5417971429423518,
    "std": 0.0,
    "worst": 0.5417971429423518
  },
  "semantic_ranking_signal_stable": true,
  "semantic_top1_copy_beaten": false,
  "semantic_top5_copy_beaten": true,
  "training_scale_still_smoke": true,
  "trajectory_degraded": false,
  "val_calibrated_balanced_accuracy_test": {
    "mean": 0.6283982448998054,
    "std": 0.003415282743519559,
    "worst": 0.6238295562491518
  },
  "val_calibrated_balanced_accuracy_val": {
    "mean": 0.5535072697357376,
    "std": 0.0030154313559212563,
    "worst": 0.5492595950438199
  }
}
