{
  "candidate_AP": 0.09014012552396575,
  "candidate_AUROC": 0.5576926913556458,
  "candidate_MRR": 0.35040011608059346,
  "candidate_feature_used_for_rollout": false,
  "candidate_feature_used_for_scoring": true,
  "candidate_positive_rate": 0.06858251057827927,
  "candidate_record_count": 5672,
  "candidate_top1": 0.15025906735751296,
  "dev": {
    "candidate_AP": 0.10146768493879933,
    "candidate_AUROC": 0.599296013658055,
    "candidate_MRR": 0.37137199003516214,
    "candidate_positive_rate": 0.06780776826859776,
    "candidate_record_count": 3038,
    "candidate_top1": 0.17073170731707318,
    "metric_items": 205
  },
  "full_free_rollout_executed": true,
  "full_model_forward_executed": true,
  "future_candidate_used_as_input": false,
  "generated_at_utc": "2026-04-28T15:19:02.001022+00:00",
  "heldout": {
    "candidate_AP": 0.08325936877766424,
    "candidate_AUROC": 0.5110058791660814,
    "candidate_MRR": 0.32664744115967376,
    "candidate_positive_rate": 0.06947608200455581,
    "candidate_record_count": 2634,
    "candidate_top1": 0.1270718232044199,
    "metric_items": 181
  },
  "metric_items": 386,
  "mode": "aligned_predicted_semantic_to_candidate",
  "old_association_report_used": false,
  "per_subset_breakdown": {
    "OOD_hard": {
      "candidate_AP": null,
      "candidate_AUROC": null,
      "candidate_MRR": null,
      "candidate_positive_rate": null,
      "candidate_record_count": 0,
      "candidate_top1": null,
      "metric_items": 0
    },
    "appearance_change": {
      "candidate_AP": 0.16487563234370745,
      "candidate_AUROC": 0.5285616727911288,
      "candidate_MRR": 0.4626341361542405,
      "candidate_positive_rate": 0.1442652329749104,
      "candidate_record_count": 1116,
      "candidate_top1": 0.23417721518987342,
      "metric_items": 158
    },
    "crossing_ambiguity": {
      "candidate_AP": 0.06691080332144676,
      "candidate_AUROC": 0.5515698188881615,
      "candidate_MRR": 0.31017901253090985,
      "candidate_positive_rate": 0.05753476852733854,
      "candidate_record_count": 5249,
      "candidate_top1": 0.12582781456953643,
      "metric_items": 302
    },
    "long_gap_persistence": {
      "candidate_AP": 0.2771794257396896,
      "candidate_AUROC": 0.5630977130977131,
      "candidate_MRR": 0.541231684981685,
      "candidate_positive_rate": 0.21940928270042195,
      "candidate_record_count": 237,
      "candidate_top1": 0.28846153846153844,
      "metric_items": 52
    },
    "occlusion_reappearance": {
      "candidate_AP": 0.16181222928152855,
      "candidate_AUROC": 0.5125754017589906,
      "candidate_MRR": 0.4685805849161559,
      "candidate_positive_rate": 0.12932790224032586,
      "candidate_record_count": 982,
      "candidate_top1": 0.23622047244094488,
      "metric_items": 127
    }
  },
  "score_components_used": [
    "aligned_predicted_semantic_embedding",
    "candidate_crop_feature"
  ],
  "source_dataset": "reports/stwm_semantic_state_measurement_alignment_dataset_v1_20260428.json",
  "stage2_val_fallback_used": false
}
