{
  "bootstrap_name": "stwm_ostf_v30_external_gt_existing_bootstrap",
  "comparisons": {
    "last_visible_copy_vs_constant_velocity_MissRate@128": {
      "ci95": [
        0.3087305986696231,
        0.3564440133037694
      ],
      "item_count": 1804,
      "mean_delta": 0.332039911308204,
      "zero_excluded": true
    },
    "last_visible_copy_vs_constant_velocity_MissRate@32": {
      "ci95": [
        0.06816796008869179,
        0.09478935698447893
      ],
      "item_count": 1804,
      "mean_delta": 0.08093126385809313,
      "zero_excluded": true
    },
    "last_visible_copy_vs_constant_velocity_MissRate@64": {
      "ci95": [
        0.16129434589800445,
        0.20509977827050999
      ],
      "item_count": 1804,
      "mean_delta": 0.18292682926829268,
      "zero_excluded": true
    },
    "last_visible_copy_vs_constant_velocity_minFDE": {
      "ci95": [
        336.9718382341849,
        407.3158007176729
      ],
      "item_count": 1804,
      "mean_delta": 372.5584414183697,
      "zero_excluded": true
    },
    "last_visible_copy_vs_constant_velocity_threshold_auc_endpoint_16_32_64_128": {
      "ci95": [
        0.145922256097561,
        0.1696230598669623
      ],
      "item_count": 1804,
      "mean_delta": 0.15728935698447893,
      "zero_excluded": true
    },
    "last_visible_copy_vs_fixed_affine_MissRate@128": {
      "ci95": [
        0.05044345898004435,
        0.09090909090909091
      ],
      "item_count": 1804,
      "mean_delta": 0.07150776053215077,
      "zero_excluded": true
    },
    "last_visible_copy_vs_fixed_affine_MissRate@32": {
      "ci95": [
        0.028256651884700668,
        0.05044345898004435
      ],
      "item_count": 1804,
      "mean_delta": 0.038802660753880266,
      "zero_excluded": true
    },
    "last_visible_copy_vs_fixed_affine_MissRate@64": {
      "ci95": [
        0.03824833702882483,
        0.06984478935698447
      ],
      "item_count": 1804,
      "mean_delta": 0.05432372505543237,
      "zero_excluded": true
    },
    "last_visible_copy_vs_fixed_affine_minFDE": {
      "ci95": [
        42.65655100999561,
        57.701226990841775
      ],
      "item_count": 1804,
      "mean_delta": 50.23366618447187,
      "zero_excluded": true
    },
    "last_visible_copy_vs_fixed_affine_threshold_auc_endpoint_16_32_64_128": {
      "ci95": [
        0.04059728381374723,
        0.05612874168514412
      ],
      "item_count": 1804,
      "mean_delta": 0.048226164079822616,
      "zero_excluded": true
    },
    "last_visible_copy_vs_last_observed_copy_MissRate@128": {
      "ci95": [
        0.0,
        0.0
      ],
      "item_count": 1804,
      "mean_delta": 0.0,
      "zero_excluded": false
    },
    "last_visible_copy_vs_last_observed_copy_MissRate@32": {
      "ci95": [
        0.0,
        0.0
      ],
      "item_count": 1804,
      "mean_delta": 0.0,
      "zero_excluded": false
    },
    "last_visible_copy_vs_last_observed_copy_MissRate@64": {
      "ci95": [
        0.0,
        0.0
      ],
      "item_count": 1804,
      "mean_delta": 0.0,
      "zero_excluded": false
    },
    "last_visible_copy_vs_last_observed_copy_minFDE": {
      "ci95": [
        0.0,
        0.0
      ],
      "item_count": 1804,
      "mean_delta": 0.0,
      "zero_excluded": false
    },
    "last_visible_copy_vs_last_observed_copy_threshold_auc_endpoint_16_32_64_128": {
      "ci95": [
        0.0,
        0.0
      ],
      "item_count": 1804,
      "mean_delta": 0.0,
      "zero_excluded": false
    },
    "last_visible_copy_vs_visibility_aware_cv_MissRate@128": {
      "ci95": [
        0.3026468957871397,
        0.35090077605321507
      ],
      "item_count": 1804,
      "mean_delta": 0.32649667405764965,
      "zero_excluded": true
    },
    "last_visible_copy_vs_visibility_aware_cv_MissRate@32": {
      "ci95": [
        0.06816796008869179,
        0.09478935698447893
      ],
      "item_count": 1804,
      "mean_delta": 0.08093126385809313,
      "zero_excluded": true
    },
    "last_visible_copy_vs_visibility_aware_cv_MissRate@64": {
      "ci95": [
        0.1590909090909091,
        0.2039911308203991
      ],
      "item_count": 1804,
      "mean_delta": 0.18181818181818182,
      "zero_excluded": true
    },
    "last_visible_copy_vs_visibility_aware_cv_minFDE": {
      "ci95": [
        322.4444685811016,
        388.9637056027747
      ],
      "item_count": 1804,
      "mean_delta": 355.5214879469174,
      "zero_excluded": true
    },
    "last_visible_copy_vs_visibility_aware_cv_threshold_auc_endpoint_16_32_64_128": {
      "ci95": [
        0.14439786585365855,
        0.16782150776053215
      ],
      "item_count": 1804,
      "mean_delta": 0.15562638580931265,
      "zero_excluded": true
    },
    "last_visible_copy_vs_visibility_aware_damped_MissRate@128": {
      "ci95": [
        0.0,
        0.0
      ],
      "item_count": 1804,
      "mean_delta": 0.0,
      "zero_excluded": false
    },
    "last_visible_copy_vs_visibility_aware_damped_MissRate@32": {
      "ci95": [
        0.0,
        0.0
      ],
      "item_count": 1804,
      "mean_delta": 0.0,
      "zero_excluded": false
    },
    "last_visible_copy_vs_visibility_aware_damped_MissRate@64": {
      "ci95": [
        0.0,
        0.0
      ],
      "item_count": 1804,
      "mean_delta": 0.0,
      "zero_excluded": false
    },
    "last_visible_copy_vs_visibility_aware_damped_minFDE": {
      "ci95": [
        0.0,
        0.0
      ],
      "item_count": 1804,
      "mean_delta": 0.0,
      "zero_excluded": false
    },
    "last_visible_copy_vs_visibility_aware_damped_threshold_auc_endpoint_16_32_64_128": {
      "ci95": [
        0.0,
        0.0
      ],
      "item_count": 1804,
      "mean_delta": 0.0,
      "zero_excluded": false
    }
  },
  "generated_at_utc": "2026-05-08T04:36:40.565486+00:00"
}
