{
  "generated_at_utc": "2026-04-24T10:24:46.771686+00:00",
  "panels": {
    "densified_200_context_preserving": {
      "trace_gated_vs_frozen_external_teacher_only": {
        "overall_top1": {
          "count": 894,
          "mean_delta": -0.08165548098434004,
          "ci95_low": -0.11968680089485459,
          "ci95_high": -0.0447427293064877,
          "zero_excluded": true,
          "bootstrap_win_rate": 0.1319910514541387
        },
        "hard_subset_top1": {
          "count": 894,
          "mean_delta": -0.08165548098434004,
          "ci95_low": -0.12080536912751678,
          "ci95_high": -0.0436241610738255,
          "zero_excluded": true,
          "bootstrap_win_rate": 0.1319910514541387
        },
        "ambiguity_top1": {
          "count": 654,
          "mean_delta": -0.0382262996941896,
          "ci95_low": -0.07951070336391437,
          "ci95_high": 0.0,
          "zero_excluded": false,
          "bootstrap_win_rate": 0.11773700305810397
        },
        "occlusion_reappearance_top1": {
          "count": 564,
          "mean_delta": -0.10106382978723404,
          "ci95_low": -0.1524822695035461,
          "ci95_high": -0.04964539007092199,
          "zero_excluded": true,
          "bootstrap_win_rate": 0.15070921985815602
        },
        "long_gap_persistence_top1": {
          "count": 276,
          "mean_delta": -0.14492753623188406,
          "ci95_low": -0.2210144927536232,
          "ci95_high": -0.06884057971014493,
          "zero_excluded": true,
          "bootstrap_win_rate": 0.14130434782608695
        }
      },
      "trace_gated_vs_tusb_semantic_target": {
        "overall_top1": {
          "count": 894,
          "mean_delta": 0.0,
          "ci95_low": 0.0,
          "ci95_high": 0.0,
          "zero_excluded": false,
          "bootstrap_win_rate": 0.0
        },
        "hard_subset_top1": {
          "count": 894,
          "mean_delta": 0.0,
          "ci95_low": 0.0,
          "ci95_high": 0.0,
          "zero_excluded": false,
          "bootstrap_win_rate": 0.0
        },
        "ambiguity_top1": {
          "count": 654,
          "mean_delta": 0.0,
          "ci95_low": 0.0,
          "ci95_high": 0.0,
          "zero_excluded": false,
          "bootstrap_win_rate": 0.0
        },
        "occlusion_reappearance_top1": {
          "count": 564,
          "mean_delta": 0.0,
          "ci95_low": 0.0,
          "ci95_high": 0.0,
          "zero_excluded": false,
          "bootstrap_win_rate": 0.0
        },
        "long_gap_persistence_top1": {
          "count": 276,
          "mean_delta": 0.0,
          "ci95_low": 0.0,
          "ci95_high": 0.0,
          "zero_excluded": false,
          "bootstrap_win_rate": 0.0
        }
      },
      "trace_gated_vs_legacysem": {
        "overall_top1": {
          "count": 894,
          "mean_delta": 0.174496644295302,
          "ci95_low": 0.13534675615212527,
          "ci95_high": 0.21252796420581654,
          "zero_excluded": true,
          "bootstrap_win_rate": 0.2740492170022371
        },
        "hard_subset_top1": {
          "count": 894,
          "mean_delta": 0.174496644295302,
          "ci95_low": 0.13870246085011187,
          "ci95_high": 0.21140939597315436,
          "zero_excluded": true,
          "bootstrap_win_rate": 0.2740492170022371
        },
        "ambiguity_top1": {
          "count": 654,
          "mean_delta": 0.15137614678899083,
          "ci95_low": 0.10550458715596331,
          "ci95_high": 0.19418960244648317,
          "zero_excluded": true,
          "bootstrap_win_rate": 0.2492354740061162
        },
        "occlusion_reappearance_top1": {
          "count": 564,
          "mean_delta": 0.21099290780141844,
          "ci95_low": 0.16134751773049646,
          "ci95_high": 0.2624113475177305,
          "zero_excluded": true,
          "bootstrap_win_rate": 0.32092198581560283
        },
        "long_gap_persistence_top1": {
          "count": 276,
          "mean_delta": 0.18840579710144928,
          "ci95_low": 0.10869565217391304,
          "ci95_high": 0.2717391304347826,
          "zero_excluded": true,
          "bootstrap_win_rate": 0.358695652173913
        }
      }
    },
    "true_ood_combined": {
      "trace_gated_vs_frozen_external_teacher_only": {
        "overall_top1": {
          "count": 2586,
          "mean_delta": -0.14385150812064965,
          "ci95_low": -0.1662799690641918,
          "ci95_high": -0.12141337973704559,
          "zero_excluded": true,
          "bootstrap_win_rate": 0.12374323279195669
        },
        "hard_subset_top1": {
          "count": 2586,
          "mean_delta": -0.14385150812064965,
          "ci95_low": -0.16782675947409126,
          "ci95_high": -0.12026295436968291,
          "zero_excluded": true,
          "bootstrap_win_rate": 0.12374323279195669
        },
        "ambiguity_top1": {
          "count": 1908,
          "mean_delta": -0.1090146750524109,
          "ci95_low": -0.13364779874213836,
          "ci95_high": -0.08280922431865828,
          "zero_excluded": true,
          "bootstrap_win_rate": 0.12473794549266247
        },
        "occlusion_reappearance_top1": {
          "count": 876,
          "mean_delta": -0.1632420091324201,
          "ci95_low": -0.2054794520547945,
          "ci95_high": -0.12214611872146118,
          "zero_excluded": true,
          "bootstrap_win_rate": 0.13926940639269406
        },
        "long_gap_persistence_top1": {
          "count": 402,
          "mean_delta": -0.20398009950248755,
          "ci95_low": -0.26865671641791045,
          "ci95_high": -0.13924129353233808,
          "zero_excluded": true,
          "bootstrap_win_rate": 0.1417910447761194
        }
      },
      "trace_gated_vs_legacysem": {
        "overall_top1": {
          "count": 2586,
          "mean_delta": 0.20108275328692962,
          "ci95_low": 0.17865429234338748,
          "ci95_high": 0.22389791183294663,
          "zero_excluded": true,
          "bootstrap_win_rate": 0.294276875483372
        },
        "hard_subset_top1": {
          "count": 2586,
          "mean_delta": 0.20108275328692962,
          "ci95_low": 0.1782675947409126,
          "ci95_high": 0.2231245166279969,
          "zero_excluded": true,
          "bootstrap_win_rate": 0.294276875483372
        },
        "ambiguity_top1": {
          "count": 1908,
          "mean_delta": 0.19444444444444445,
          "ci95_low": 0.16823899371069181,
          "ci95_high": 0.22012578616352202,
          "zero_excluded": true,
          "bootstrap_win_rate": 0.28197064989517817
        },
        "occlusion_reappearance_top1": {
          "count": 876,
          "mean_delta": 0.19292237442922375,
          "ci95_low": 0.15182648401826485,
          "ci95_high": 0.2328767123287671,
          "zero_excluded": true,
          "bootstrap_win_rate": 0.3105022831050228
        },
        "long_gap_persistence_top1": {
          "count": 402,
          "mean_delta": 0.16417910447761194,
          "ci95_low": 0.09950248756218906,
          "ci95_high": 0.22885572139303484,
          "zero_excluded": true,
          "bootstrap_win_rate": 0.32338308457711445
        }
      }
    }
  },
  "trace_semantic_coupling_zero_excluded_on_id": true,
  "trace_semantic_coupling_zero_excluded_on_ood": true,
  "claim_level": "weak_claim"
}
