{
  "bootstrap_name": "stwm_ostf_v30_round1_bootstrap",
  "comparisons": {
    "v30_extgt_m128_h32_seed42_vs_last_observed_copy_MissRate@32": {
      "ci95": [
        -0.01775147928994083,
        0.0
      ],
      "item_count": 169,
      "mean_delta": -0.005917159763313609,
      "zero_excluded": false
    },
    "v30_extgt_m128_h32_seed42_vs_last_observed_copy_MissRate@64": {
      "ci95": [
        -0.01775147928994083,
        0.0
      ],
      "item_count": 169,
      "mean_delta": -0.005917159763313609,
      "zero_excluded": false
    },
    "v30_extgt_m128_h32_seed42_vs_last_observed_copy_minFDE_K": {
      "ci95": [
        13.112314216060753,
        22.50840812293735
      ],
      "item_count": 169,
      "mean_delta": 17.445091281416854,
      "zero_excluded": true
    },
    "v30_extgt_m128_h32_seed42_vs_last_observed_copy_motion_MissRate@32": {
      "ci95": [
        0.0,
        0.0
      ],
      "item_count": 117,
      "mean_delta": 0.0,
      "zero_excluded": false
    },
    "v30_extgt_m128_h32_seed42_vs_last_observed_copy_motion_MissRate@64": {
      "ci95": [
        0.0,
        0.0
      ],
      "item_count": 117,
      "mean_delta": 0.0,
      "zero_excluded": false
    },
    "v30_extgt_m128_h32_seed42_vs_last_observed_copy_motion_minFDE_K": {
      "ci95": [
        18.779832876238046,
        31.33706338711274
      ],
      "item_count": 117,
      "mean_delta": 24.460690897754116,
      "zero_excluded": true
    },
    "v30_extgt_m128_h32_seed42_vs_last_observed_copy_motion_threshold_auc_endpoint_16_32_64_128": {
      "ci95": [
        0.06196581196581197,
        0.11116452991452987
      ],
      "item_count": 117,
      "mean_delta": 0.08547008547008547,
      "zero_excluded": true
    },
    "v30_extgt_m128_h32_seed42_vs_last_observed_copy_threshold_auc_endpoint_16_32_64_128": {
      "ci95": [
        0.04437869822485207,
        0.08431952662721894
      ],
      "item_count": 169,
      "mean_delta": 0.06360946745562131,
      "zero_excluded": true
    },
    "v30_extgt_m128_h32_wo_semantic_seed42_vs_last_observed_copy_MissRate@32": {
      "ci95": [
        -0.05917159763313609,
        -0.005917159763313609
      ],
      "item_count": 169,
      "mean_delta": -0.029585798816568046,
      "zero_excluded": true
    },
    "v30_extgt_m128_h32_wo_semantic_seed42_vs_last_observed_copy_MissRate@64": {
      "ci95": [
        -0.13609467455621302,
        -0.03550295857988166
      ],
      "item_count": 169,
      "mean_delta": -0.08284023668639054,
      "zero_excluded": true
    },
    "v30_extgt_m128_h32_wo_semantic_seed42_vs_last_observed_copy_minFDE_K": {
      "ci95": [
        14.379208635578495,
        23.94617689713924
      ],
      "item_count": 169,
      "mean_delta": 18.916168935200165,
      "zero_excluded": true
    },
    "v30_extgt_m128_h32_wo_semantic_seed42_vs_last_observed_copy_motion_MissRate@32": {
      "ci95": [
        0.0,
        0.0
      ],
      "item_count": 117,
      "mean_delta": 0.0,
      "zero_excluded": false
    },
    "v30_extgt_m128_h32_wo_semantic_seed42_vs_last_observed_copy_motion_MissRate@64": {
      "ci95": [
        0.0,
        0.042735042735042736
      ],
      "item_count": 117,
      "mean_delta": 0.017094017094017096,
      "zero_excluded": false
    },
    "v30_extgt_m128_h32_wo_semantic_seed42_vs_last_observed_copy_motion_minFDE_K": {
      "ci95": [
        20.421241945283025,
        34.16793625741942
      ],
      "item_count": 117,
      "mean_delta": 26.76177849728837,
      "zero_excluded": true
    },
    "v30_extgt_m128_h32_wo_semantic_seed42_vs_last_observed_copy_motion_threshold_auc_endpoint_16_32_64_128": {
      "ci95": [
        0.06196581196581197,
        0.11538461538461539
      ],
      "item_count": 117,
      "mean_delta": 0.0876068376068376,
      "zero_excluded": true
    },
    "v30_extgt_m128_h32_wo_semantic_seed42_vs_last_observed_copy_threshold_auc_endpoint_16_32_64_128": {
      "ci95": [
        0.04881656804733728,
        0.08579881656804733
      ],
      "item_count": 169,
      "mean_delta": 0.06656804733727811,
      "zero_excluded": true
    },
    "v30_extgt_m128_h64_seed42_vs_last_observed_copy_MissRate@32": {
      "ci95": [
        0.0,
        0.0
      ],
      "item_count": 202,
      "mean_delta": 0.0,
      "zero_excluded": false
    },
    "v30_extgt_m128_h64_seed42_vs_last_observed_copy_MissRate@64": {
      "ci95": [
        0.0,
        0.0
      ],
      "item_count": 202,
      "mean_delta": 0.0,
      "zero_excluded": false
    },
    "v30_extgt_m128_h64_seed42_vs_last_observed_copy_minFDE_K": {
      "ci95": [
        19.61354506299047,
        30.11861581637127
      ],
      "item_count": 202,
      "mean_delta": 24.536877490506313,
      "zero_excluded": true
    },
    "v30_extgt_m128_h64_seed42_vs_last_observed_copy_motion_MissRate@32": {
      "ci95": [
        0.0,
        0.0
      ],
      "item_count": 149,
      "mean_delta": 0.0,
      "zero_excluded": false
    },
    "v30_extgt_m128_h64_seed42_vs_last_observed_copy_motion_MissRate@64": {
      "ci95": [
        0.0,
        0.0
      ],
      "item_count": 149,
      "mean_delta": 0.0,
      "zero_excluded": false
    },
    "v30_extgt_m128_h64_seed42_vs_last_observed_copy_motion_minFDE_K": {
      "ci95": [
        26.1936023516943,
        40.421148522268204
      ],
      "item_count": 149,
      "mean_delta": 32.411883270980525,
      "zero_excluded": true
    },
    "v30_extgt_m128_h64_seed42_vs_last_observed_copy_motion_threshold_auc_endpoint_16_32_64_128": {
      "ci95": [
        0.040268456375838924,
        0.08389261744966443
      ],
      "item_count": 149,
      "mean_delta": 0.06040268456375839,
      "zero_excluded": true
    },
    "v30_extgt_m128_h64_seed42_vs_last_observed_copy_threshold_auc_endpoint_16_32_64_128": {
      "ci95": [
        0.03341584158415842,
        0.0655940594059406
      ],
      "item_count": 202,
      "mean_delta": 0.04950495049504951,
      "zero_excluded": true
    },
    "v30_extgt_m128_h64_wo_semantic_seed42_vs_last_observed_copy_MissRate@32": {
      "ci95": [
        0.0,
        0.0
      ],
      "item_count": 202,
      "mean_delta": 0.0,
      "zero_excluded": false
    },
    "v30_extgt_m128_h64_wo_semantic_seed42_vs_last_observed_copy_MissRate@64": {
      "ci95": [
        0.0,
        0.0
      ],
      "item_count": 202,
      "mean_delta": 0.0,
      "zero_excluded": false
    },
    "v30_extgt_m128_h64_wo_semantic_seed42_vs_last_observed_copy_minFDE_K": {
      "ci95": [
        20.667438144494994,
        31.198842098925372
      ],
      "item_count": 202,
      "mean_delta": 25.68537705487544,
      "zero_excluded": true
    },
    "v30_extgt_m128_h64_wo_semantic_seed42_vs_last_observed_copy_motion_MissRate@32": {
      "ci95": [
        0.0,
        0.0
      ],
      "item_count": 149,
      "mean_delta": 0.0,
      "zero_excluded": false
    },
    "v30_extgt_m128_h64_wo_semantic_seed42_vs_last_observed_copy_motion_MissRate@64": {
      "ci95": [
        0.0,
        0.0
      ],
      "item_count": 149,
      "mean_delta": 0.0,
      "zero_excluded": false
    },
    "v30_extgt_m128_h64_wo_semantic_seed42_vs_last_observed_copy_motion_minFDE_K": {
      "ci95": [
        27.537458787828484,
        41.48290751604426
      ],
      "item_count": 149,
      "mean_delta": 33.81220776602726,
      "zero_excluded": true
    },
    "v30_extgt_m128_h64_wo_semantic_seed42_vs_last_observed_copy_motion_threshold_auc_endpoint_16_32_64_128": {
      "ci95": [
        0.04530201342281879,
        0.08557046979865772
      ],
      "item_count": 149,
      "mean_delta": 0.06375838926174497,
      "zero_excluded": true
    },
    "v30_extgt_m128_h64_wo_semantic_seed42_vs_last_observed_copy_threshold_auc_endpoint_16_32_64_128": {
      "ci95": [
        0.03589108910891089,
        0.06806930693069307
      ],
      "item_count": 202,
      "mean_delta": 0.05198019801980198,