{
  "counterfactual": {
    "no_trace_prior": {
      "MRR": 0.7216759484085873,
      "breakdowns": {
        "OOD_hard": {
          "MRR": 0.7338440502082055,
          "count": 876,
          "false_confuser_rate": 0.4098173515981735,
          "false_reacquisition_rate": 0.4098173515981735,
          "item_count": 146,
          "top1": 0.5901826484018264
        },
        "all_items": {
          "MRR": 0.7216759484085873,
          "count": 1440,
          "false_confuser_rate": 0.42291666666666666,
          "false_reacquisition_rate": 0.42291666666666666,
          "item_count": 240,
          "top1": 0.5770833333333333
        },
        "crossing_ambiguity": {
          "MRR": 0.6242818303929415,
          "count": 666,
          "false_confuser_rate": 0.515015015015015,
          "false_reacquisition_rate": 0.515015015015015,
          "item_count": 111,
          "top1": 0.484984984984985
        },
        "long_gap_persistence": {
          "MRR": 0.7331050709369293,
          "count": 678,
          "false_confuser_rate": 0.42625368731563423,
          "false_reacquisition_rate": 0.42625368731563423,
          "item_count": 113,
          "top1": 0.5737463126843658
        },
        "occlusion_reappearance": {
          "MRR": 0.7216759484085873,
          "count": 1440,
          "false_confuser_rate": 0.42291666666666666,
          "false_reacquisition_rate": 0.42291666666666666,
          "item_count": 240,
          "top1": 0.5770833333333333
        }
      },
      "count": 1440,
      "decision_flip_rate": 0.12430555555555556,
      "false_confuser_rate": 0.42291666666666666,
      "false_reacquisition_rate": 0.42291666666666666,
      "item_count": 240,
      "paired_count_for_counterfactual_delta": 1440,
      "target_rank_delta": -0.1375,
      "top1": 0.5770833333333333
    },
    "semantic_swap_fixed_trace": {
      "available": false,
      "exact_blocking_reason": "Raw semantic evidence/candidate appearance token maps are not present in per-item reports; cannot replace semantic evidence while preserving trace belief without fabricating scorer inputs."
    },
    "shuffled_trace": {
      "MRR": 0.08819444444444445,
      "breakdowns": {
        "OOD_hard": {
          "MRR": 0.10616438356164383,
          "count": 876,
          "false_confuser_rate": 0.8938356164383562,
          "false_reacquisition_rate": 0.8938356164383562,
          "item_count": 146,
          "top1": 0.10616438356164383
        },
        "all_items": {
          "MRR": 0.08819444444444445,
          "count": 1440,
          "false_confuser_rate": 0.9118055555555555,
          "false_reacquisition_rate": 0.9118055555555555,
          "item_count": 240,
          "top1": 0.08819444444444445
        },
        "crossing_ambiguity": {
          "MRR": 0.08258258258258258,
          "count": 666,
          "false_confuser_rate": 0.9174174174174174,
          "false_reacquisition_rate": 0.9174174174174174,
          "item_count": 111,
          "top1": 0.08258258258258258
        },
        "long_gap_persistence": {
          "MRR": 0.10176991150442478,
          "count": 678,
          "false_confuser_rate": 0.8982300884955752,
          "false_reacquisition_rate": 0.8982300884955752,
          "item_count": 113,
          "top1": 0.10176991150442478
        },
        "occlusion_reappearance": {
          "MRR": 0.08819444444444445,
          "count": 1440,
          "false_confuser_rate": 0.9118055555555555,
          "false_reacquisition_rate": 0.9118055555555555,
          "item_count": 240,
          "top1": 0.08819444444444445
        }
      },
      "count": 1440,
      "decision_flip_rate": 0.9055555555555556,
      "false_confuser_rate": 0.9118055555555555,
      "false_reacquisition_rate": 0.9118055555555555,
      "item_count": 240,
      "paired_count_for_counterfactual_delta": 1440,
      "target_rank_delta": -0.8503937007874016,
      "top1": 0.08819444444444445
    }
  },
  "created_at": "2026-04-25T12:28:06.688584+00:00",
  "original": {
    "full_trace_belief": {
      "MRR": 0.6848518696815797,
      "breakdowns": {
        "OOD_hard": {
          "MRR": 0.6951879320770774,
          "count": 876,
          "false_confuser_rate": 0.4726027397260274,
          "false_reacquisition_rate": 0.4726027397260274,
          "item_count": 146,
          "top1": 0.5273972602739726
        },
        "all_items": {
          "MRR": 0.6848518696815797,
          "count": 1440,
          "false_confuser_rate": 0.48125,
          "false_reacquisition_rate": 0.48125,
          "item_count": 240,
          "top1": 0.51875
        },
        "crossing_ambiguity": {
          "MRR": 0.6016817202324448,
          "count": 666,
          "false_confuser_rate": 0.5495495495495496,
          "false_reacquisition_rate": 0.5495495495495496,
          "item_count": 111,
          "top1": 0.45045045045045046
        },
        "long_gap_persistence": {
          "MRR": 0.6974364377019244,
          "count": 678,
          "false_confuser_rate": 0.4823008849557522,
          "false_reacquisition_rate": 0.4823008849557522,
          "item_count": 113,
          "top1": 0.5176991150442478
        },
        "occlusion_reappearance": {
          "MRR": 0.6848518696815797,
          "count": 1440,
          "false_confuser_rate": 0.48125,
          "false_reacquisition_rate": 0.48125,
          "item_count": 240,
          "top1": 0.51875
        }
      },
      "count": 1440,
      "false_confuser_rate": 0.48125,
      "false_reacquisition_rate": 0.48125,
      "item_count": 240,
      "top1": 0.51875
    }
  },
  "shuffled_trace_degrades_reacquisition": true,
  "source": "reports/stwm_trace_belief_eval_20260424.json",
  "task": "counterfactual reacquisition utility on occlusion_reappearance/long_gap_persistence rows",
  "trace_intervention_degrades_reacquisition": false,
  "trace_prior_load_bearing_counterfactual": true
}