{
  "batch_size": 32,
  "checkpoint_path": "outputs/checkpoints/stwm_ostf_v34_3_pointwise_unit_residual_h32_m128/v34_3_pointwise_unit_residual_m128_h32_seed42_best.pt",
  "complete_train_sample_count": 128,
  "duration_seconds": 3581.370460987091,
  "fresh_training_completed": true,
  "future_leakage_detected": false,
  "generated_at_utc": "2026-05-11T13:11:05.093253+00:00",
  "loss_tail": [
    {
      "changed_residual_semantic_loss": 0.424798846244812,
      "different_instance_unit_separation": 0.08594519644975662,
      "identity_contrastive": 4.889359951019287,
      "identity_hard_residual_loss": 0.15942242741584778,
      "loss": 3.5816378593444824,
      "point_assignment_entropy": 0.15124456584453583,
      "pointwise_base_identity_loss": 0.11588064581155777,
      "pointwise_base_semantic_loss": 0.36230456829071045,
      "residual_sparsity": 0.37036892771720886,
      "same_instance_pair_attraction": 0.1043338030576706,
      "semantic_hard_residual_loss": 0.35911181569099426,
      "semantic_uncertainty_calibration": 0.08987204730510712,
      "stable_gate_suppression": 3.7812310438312124e-06,
      "stable_preservation_loss": 0.27259644865989685,
      "step": 1491.0,
      "unit_usage_entropy": 0.6548768877983093
    },
    {
      "changed_residual_semantic_loss": 0.43070781230926514,
      "different_instance_unit_separation": 0.08256743103265762,
      "identity_contrastive": 4.902229309082031,
      "identity_hard_residual_loss": 0.16507984697818756,
      "loss": 3.675311803817749,
      "point_assignment_entropy": 0.15702857077121735,
      "pointwise_base_identity_loss": 0.13154129683971405,
      "pointwise_base_semantic_loss": 0.3736567795276642,
      "residual_sparsity": 0.37410929799079895,
      "same_instance_pair_attraction": 0.1366138607263565,
      "semantic_hard_residual_loss": 0.3916785418987274,
      "semantic_uncertainty_calibration": 0.0899006575345993,
      "stable_gate_suppression": 3.3257031191169517e-06,
      "stable_preservation_loss": 0.2799413204193115,
      "step": 1492.0,
      "unit_usage_entropy": 0.6930705904960632
    },
    {
      "changed_residual_semantic_loss": 0.4410667419433594,
      "different_instance_unit_separation": 0.08767551183700562,
      "identity_contrastive": 4.936872959136963,
      "identity_hard_residual_loss": 0.12397612631320953,
      "loss": 3.622952461242676,
      "point_assignment_entropy": 0.1545853167772293,
      "pointwise_base_identity_loss": 0.11645705997943878,
      "pointwise_base_semantic_loss": 0.3779808580875397,
      "residual_sparsity": 0.3676593601703644,
      "same_instance_pair_attraction": 0.13901221752166748,
      "semantic_hard_residual_loss": 0.38590171933174133,
      "semantic_uncertainty_calibration": 0.08682534843683243,
      "stable_gate_suppression": 2.868279807444196e-06,
      "stable_preservation_loss": 0.2771434485912323,
      "step": 1493.0,
      "unit_usage_entropy": 0.6818792223930359
    },
    {
      "changed_residual_semantic_loss": 0.4132545292377472,
      "different_instance_unit_separation": 0.08136113733053207,
      "identity_contrastive": 4.94089937210083,
      "identity_hard_residual_loss": 0.1456795483827591,
      "loss": 3.5308916568756104,
      "point_assignment_entropy": 0.146778404712677,
      "pointwise_base_identity_loss": 0.10956273972988129,
      "pointwise_base_semantic_loss": 0.3493801951408386,
      "residual_sparsity": 0.3586975634098053,
      "same_instance_pair_attraction": 0.09920372068881989,
      "semantic_hard_residual_loss": 0.3546680808067322,
      "semantic_uncertainty_calibration": 0.08755159378051758,
      "stable_gate_suppression": 5.135074388817884e-06,
      "stable_preservation_loss": 0.2689230740070343,
      "step": 1494.0,
      "unit_usage_entropy": 0.6289690732955933
    },
    {
      "changed_residual_semantic_loss": 0.44771867990493774,
      "different_instance_unit_separation": 0.07056611776351929,
      "identity_contrastive": 4.921867847442627,
      "identity_hard_residual_loss": 0.16280217468738556,
      "loss": 3.685438632965088,
      "point_assignment_entropy": 0.1499055176973343,
      "pointwise_base_identity_loss": 0.12421444803476334,
      "pointwise_base_semantic_loss": 0.3773098289966583,
      "residual_sparsity": 0.35453474521636963,
      "same_instance_pair_attraction": 0.14058972895145416,
      "semantic_hard_residual_loss": 0.3867475688457489,
      "semantic_uncertainty_calibration": 0.09213469922542572,
      "stable_gate_suppression": 5.7475340327073354e-06,
      "stable_preservation_loss": 0.2787812054157257,
      "step": 1495.0,
      "unit_usage_entropy": 0.680570662021637
    },
    {
      "changed_residual_semantic_loss": 0.4244651198387146,
      "different_instance_unit_separation": 0.07714055478572845,
      "identity_contrastive": 4.9039106369018555,
      "identity_hard_residual_loss": 0.15848803520202637,
      "loss": 3.594958782196045,
      "point_assignment_entropy": 0.16363048553466797,
      "pointwise_base_identity_loss": 0.13041040301322937,
      "pointwise_base_semantic_loss": 0.35843849182128906,
      "residual_sparsity": 0.3507344424724579,
      "same_instance_pair_attraction": 0.14558105170726776,
      "semantic_hard_residual_loss": 0.35962122678756714,
      "semantic_uncertainty_calibration": 0.09249285608530045,
      "stable_gate_suppression": 4.3852605813299306e-06,
      "stable_preservation_loss": 0.2607709765434265,
      "step": 1496.0,
      "unit_usage_entropy": 0.6795510649681091
    },
    {
      "changed_residual_semantic_loss": 0.42655256390571594,
      "different_instance_unit_separation": 0.07457388937473297,
      "identity_contrastive": 4.952672481536865,
      "identity_hard_residual_loss": 0.17571507394313812,
      "loss": 3.654134750366211,
      "point_assignment_entropy": 0.14709144830703735,
      "pointwise_base_identity_loss": 0.1200072392821312,
      "pointwise_base_semantic_loss": 0.3684510588645935,
      "residual_sparsity": 0.3468647599220276,
      "same_instance_pair_attraction": 0.10298532247543335,
      "semantic_hard_residual_loss": 0.3817601501941681,
      "semantic_uncertainty_calibration": 0.09342564642429352,
      "stable_gate_suppression": 2.601643927846453e-06,
      "stable_preservation_loss": 0.2766779363155365,
      "step": 1497.0,
      "unit_usage_entropy": 0.6529674530029297
    },
    {
      "changed_residual_semantic_loss": 0.43653926253318787,
      "different_instance_unit_separation": 0.0766860768198967,
      "identity_contrastive": 4.892366409301758,
      "identity_hard_residual_loss": 0.12585534155368805,
      "loss": 3.566479206085205,
      "point_assignment_entropy": 0.15420839190483093,
      "pointwise_base_identity_loss": 0.11694031953811646,
      "pointwise_base_semantic_loss": 0.3661164343357086,
      "residual_sparsity": 0.3559941351413727,
      "same_instance_pair_attraction": 0.13091079890727997,
      "semantic_hard_residual_loss": 0.37101054191589355,
      "semantic_uncertainty_calibration": 0.08756183832883835,
      "stable_gate_suppression": 3.179399982400355e-06,
      "stable_preservation_loss": 0.2688579559326172,
      "step": 1498.0,
      "unit_usage_entropy": 0.6845105290412903
    },
    {
      "changed_residual_semantic_loss": 0.4224787950515747,
      "different_instance_unit_separation": 0.07945758104324341,
      "identity_contrastive": 4.967516899108887,
      "identity_hard_residual_loss": 0.11694501340389252,
      "loss": 3.5145745277404785,
      "point_assignment_entropy": 0.15748663246631622,
      "pointwise_base_identity_loss": 0.11846373975276947,
      "pointwise_base_semantic_loss": 0.3496944308280945,
      "residual_sparsity": 0.35970360040664673,
      "same_instance_pair_attraction": 0.1303703635931015,
      "semantic_hard_residual_loss": 0.35097643733024597,
      "semantic_uncertainty_calibration": 0.08712449669837952,
      "stable_gate_suppression": 3.4158285870944383e-06,