{
  "available_ratio": 1.0,
  "future_teacher_leakage_detected": false,
  "generated_at_utc": "2026-05-09T18:20:52.330365+00:00",
  "global_identity_label_used": false,
  "hard_identity_ROC_AUC_test": {
    "mean": 0.6483452329334175,
    "std": 0.002279344449010832,
    "worst": 0.6451756269681576
  },
  "hard_identity_ROC_AUC_val": {
    "mean": 0.556745872416405,
    "std": 0.00048632320369274104,
    "worst": 0.5560593846107105
  },
  "hard_identity_balanced_accuracy_test": {
    "mean": 0.6005278138550314,
    "std": 0.0020966660835358957,
    "worst": 0.5976915588930608
  },
  "hard_identity_balanced_accuracy_val": {
    "mean": 0.5199791813572411,
    "std": 0.0005907327519478758,
    "worst": 0.5194419260602398
  },
  "identity_hard_balanced": true,
  "identity_retrieval_exclude_same_point_top1_test": {
    "mean": 0.5541178385416666,
    "std": 0.007023258141403457,
    "worst": 0.546142578125
  },
  "identity_retrieval_exclude_same_point_top1_val": {
    "mean": 0.5464680989583334,
    "std": 0.00821012974944114,
    "worst": 0.534912109375
  },
  "identity_retrieval_instance_pooled_top1_test": {
    "mean": 0.8478190104166666,
    "std": 0.00253979273019649,
    "worst": 0.84423828125
  },
  "identity_retrieval_instance_pooled_top1_val": {
    "mean": 0.8428548177083334,
    "std": 0.001327271031111661,
    "worst": 0.841064453125
  },
  "identity_retrieval_same_frame_top1_test": {
    "mean": 0.3553279697862232,
    "std": 0.005862112614836959,
    "worst": 0.34823529411764703
  },
  "identity_retrieval_same_frame_top1_val": {
    "mean": 0.425907091070286,
    "std": 0.004866364544293683,
    "worst": 0.4201768070722829
  },
  "identity_signal_stable": false,
  "manifest_full_coverage_ok": true,
  "pass_gate": false,
  "recommended_next_step": "fix_identity_label_namespace",
  "sample_local_collision_prevented": false,
  "semantic_proto_top1_test": {
    "mean": 0.27130260178792004,
    "std": 0.0013636393518833866,
    "worst": 0.2695588884513966
  },
  "semantic_proto_top1_val": {
    "mean": 0.25078882228385674,
    "std": 0.0,
    "worst": 0.25078882228385674
  },
  "semantic_proto_top5_test": {
    "mean": 0.6466384470303889,
    "std": 0.0022517688121524637,
    "worst": 0.6435312787104318
  },
  "semantic_proto_top5_val": {
    "mean": 0.5852673645283469,
    "std": 0.0,
    "worst": 0.5852673645283469
  },
  "semantic_ranking_signal_stable": true,
  "semantic_top1_copy_beaten": false,
  "semantic_top5_copy_beaten": true,
  "trajectory_degraded": false
}
