{
  "generated_at_utc": "2026-05-16T06:56:26.154056+00:00",
  "larger_raw_video_closure_eval_done": true,
  "slice_root": "outputs/cache/stwm_ostf_v35_49_full_325_rerun_unified_slice/M128_H32",
  "semantic_seed_rows": [
    {
      "seed": 42,
      "thresholds": {
        "changed": 0.32545020431280136,
        "hard": 0.5313231706619264,
        "uncertainty": 0.5388879105448725
      },
      "val": {
        "semantic_changed": {
          "roc_auc": 0.6602289357711957,
          "balanced_accuracy": 0.617278383673117,
          "f1": 0.28160713370573465,
          "positive_ratio": 0.12543333333333334
        },
        "semantic_hard": {
          "roc_auc": 0.6923362091704339,
          "balanced_accuracy": 0.6502290168065143,
          "f1": 0.4279927275047048,
          "positive_ratio": 0.19751666666666667
        },
        "semantic_uncertainty": {
          "roc_auc": 0.7121119986359414,
          "balanced_accuracy": 0.6701373036644305,
          "f1": 0.5337494911114127,
          "positive_ratio": 0.28908333333333336
        },
        "cluster": {
          "cluster_top1": 0.55745,
          "cluster_top5": 0.8997,
          "copy_top1": 0.8646166666666667,
          "stable_top5": 1.0,
          "stable_copy_top1": 1.0,
          "stable_token_ratio": 0.8646166666666667
        }
      },
      "test": {
        "semantic_changed": {
          "roc_auc": 0.6804896664939917,
          "balanced_accuracy": 0.6271024196082211,
          "f1": 0.2847235494880546,
          "positive_ratio": 0.12215
        },
        "semantic_hard": {
          "roc_auc": 0.6965335499775885,
          "balanced_accuracy": 0.6265956969968624,
          "f1": 0.39369260093571307,
          "positive_ratio": 0.19166666666666668
        },
        "semantic_uncertainty": {
          "roc_auc": 0.7258786457243074,
          "balanced_accuracy": 0.6565355920777325,
          "f1": 0.5096725323388882,
          "positive_ratio": 0.28628333333333333
        },
        "cluster": {
          "cluster_top1": 0.6481166666666667,
          "cluster_top5": 0.9478333333333333,
          "copy_top1": 0.9293833333333333,
          "stable_top5": 1.0,
          "stable_copy_top1": 1.0,
          "stable_token_ratio": 0.9293833333333333
        }
      },
      "stable_preservation": true,
      "semantic_smoke_passed": true
    },
    {
      "seed": 123,
      "thresholds": {
        "changed": 0.45793304443359373,
        "hard": 0.49048972874879837,
        "uncertainty": 0.3973120719194411
      },
      "val": {
        "semantic_changed": {
          "roc_auc": 0.6605211369782207,
          "balanced_accuracy": 0.6205626459522574,
          "f1": 0.28794901506373116,
          "positive_ratio": 0.12533333333333332
        },
        "semantic_hard": {
          "roc_auc": 0.694710563417547,
          "balanced_accuracy": 0.6558976982742242,
          "f1": 0.4290133856097038,
          "positive_ratio": 0.19411666666666666
        },
        "semantic_uncertainty": {
          "roc_auc": 0.7212215477652295,
          "balanced_accuracy": 0.669356906738597,
          "f1": 0.5355869056543765,
          "positive_ratio": 0.28365
        },
        "cluster": {
          "cluster_top1": 0.6106666666666667,
          "cluster_top5": 0.91205,
          "copy_top1": 0.8633666666666666,
          "stable_top5": 1.0,
          "stable_copy_top1": 1.0,
          "stable_token_ratio": 0.8633666666666666
        }
      },
      "test": {
        "semantic_changed": {
          "roc_auc": 0.6850124041556596,
          "balanced_accuracy": 0.6433244994583882,
          "f1": 0.30994071418723285,
          "positive_ratio": 0.12226666666666666
        },
        "semantic_hard": {
          "roc_auc": 0.6940963674471609,
          "balanced_accuracy": 0.6395492141976133,
          "f1": 0.40827701079470835,
          "positive_ratio": 0.19161666666666666
        },
        "semantic_uncertainty": {
          "roc_auc": 0.7281595301090062,
          "balanced_accuracy": 0.6633400359826437,
          "f1": 0.5279698894377793,
          "positive_ratio": 0.2841666666666667
        },
        "cluster": {
          "cluster_top1": 0.7242833333333333,
          "cluster_top5": 0.95255,
          "copy_top1": 0.9279333333333334,
          "stable_top5": 1.0,
          "stable_copy_top1": 1.0,
          "stable_token_ratio": 0.9279333333333334
        }
      },
      "stable_preservation": true,
      "semantic_smoke_passed": true
    },
    {
      "seed": 456,
      "thresholds": {
        "changed": 0.5729272961616517,
        "hard": 0.6627712398767471,
        "uncertainty": 0.49630384892225266
      },
      "val": {
        "semantic_changed": {
          "roc_auc": 0.6841715047274063,
          "balanced_accuracy": 0.6487123661507174,
          "f1": 0.32433634880616935,
          "positive_ratio": 0.12453333333333333
        },
        "semantic_hard": {
          "roc_auc": 0.7132728493442021,
          "balanced_accuracy": 0.6707897307878787,
          "f1": 0.45805432247385447,
          "positive_ratio": 0.19303333333333333
        },
        "semantic_uncertainty": {
          "roc_auc": 0.7335113121686978,
          "balanced_accuracy": 0.6798694675329237,
          "f1": 0.545417772721527,
          "positive_ratio": 0.28425
        },
        "cluster": {
          "cluster_top1": 0.6940666666666667,
          "cluster_top5": 0.9118166666666667,
          "copy_top1": 0.8622333333333333,
          "stable_top5": 1.0,
          "stable_copy_top1": 1.0,
          "stable_token_ratio": 0.8622333333333333
        }
      },
      "test": {
        "semantic_changed": {
          "roc_auc": 0.6816923311960242,
          "balanced_accuracy": 0.6287251242290608,
          "f1": 0.30289985520291157,
          "positive_ratio": 0.1216
        },
        "semantic_hard": {
          "roc_auc": 0.7053790790707662,
          "balanced_accuracy": 0.6230523897651293,
          "f1": 0.38850843494237514,
          "positive_ratio": 0.18955
        },
        "semantic_uncertainty": {
          "roc_auc": 0.7294186940401828,
          "balanced_accuracy": 0.6556665031827411,
          "f1": 0.5134748824033889,
          "positive_ratio": 0.28335
        },
        "cluster": {
          "cluster_top1": 0.7576666666666667,
          "cluster_top5": 0.9500833333333333,
          "copy_top1": 0.92835,
          "stable_top5": 1.0,
          "stable_copy_top1": 1.0,
          "stable_token_ratio": 0.92835
        }
      },
      "stable_preservation": true,
      "semantic_smoke_passed": true
    }
  ],
  "real_instance_identity_seed_rows": [
    {
      "seed": 42,
      "val": {
        "identity_retrieval_exclude_same_point_top1": 0.9947150735294118,
        "identity_retrieval_same_frame_top1": 0.9947150735294118,
        "identity_retrieval_instance_pooled_top1": 0.9435891544117647,
        "identity_confuser_separation": 0.4553727550344595,
        "identity_confuser_avoidance_top1": 0.9940389455557027,
        "occlusion_reappear_retrieval_top1": 0.9965635738831615,
        "trajectory_crossing_retrieval_top1": 0.992704280155642,
        "same_pair_similarity_mean": 0.9661643181536251,
        "confuser_pair_similarity_mean": 0.5107915631191656,
        "confuser_pair_count": 3118612.0,
        "occlusion_reappear_total": 2037.0,
        "trajectory_crossing_total": 6168.0
      },
      "test": {
        "identity_retrieval_exclude_same_point_top1": 0.996875,
        "identity_retrieval_same_frame_top1": 0.996875,
        "identity_retrieval_instance_pooled_top1": 0.959765625,
        "identity_confuser_separation": 0.41829294574727627,
        "identity_confuser_avoidance_top1": 0.9965462656497338,
        "occlusion_reappear_retrieval_top1": 0.9967759269210102,
        "trajectory_crossing_retrieval_top1": 0.9956655228463067,
        "same_pair_similarity_mean": 0.9792254350316806,
        "confuser_pair_similarity_mean": 0.5609324892844043,