{
  "audit_name": "stwm_ostf_v22_bootstrap",
  "best_of_k_vs_expected_all": {
    "ci95": [
      273.96935937568026,
      282.22854783850136
    ],
    "item_count": 455,
    "mean_delta": 278.34233130358496,
    "zero_excluded": true
  },
  "best_of_k_vs_expected_hard": {
    "ci95": [
      258.63243586661474,
      277.300930818904
    ],
    "item_count": 91,
    "mean_delta": 267.87919955425735,
    "zero_excluded": true
  },
  "best_variant_name": "v22_calibrated_m128_seed42_h8",
  "generated_at_utc": "2026-05-05T09:27:16.814316+00:00",
  "v22_best_vs_affine": {
    "minFDE_all": {
      "ci95": [
        21.543695578566947,
        36.83090975803006
      ],
      "item_count": 455,
      "mean_delta": 28.64696136051482,
      "zero_excluded": true
    },
    "minFDE_hard": {
      "ci95": [
        15.120677333611708,
        65.37382464880471
      ],
      "item_count": 91,
      "mean_delta": 37.43073291044969,
      "zero_excluded": true
    },
    "miss32_all": {
      "ci95": [
        0.11862637362637363,
        0.1978021978021978
      ],
      "item_count": 455,
      "mean_delta": 0.15604395604395604,
      "zero_excluded": true
    },
    "miss32_hard": {
      "ci95": [
        0.0,
        0.03296703296703297
      ],
      "item_count": 91,
      "mean_delta": 0.01098901098901099,
      "zero_excluded": false
    },
    "top1_fde_all": {
      "ci95": [
        21.543695128605915,
        36.83090871176713
      ],
      "item_count": 455,
      "mean_delta": 28.64696080167215,
      "zero_excluded": true
    },
    "top1_fde_hard": {
      "ci95": [
        15.120675546782358,
        65.3738227372641
      ],
      "item_count": 91,
      "mean_delta": 37.43073010182643,
      "zero_excluded": true
    },
    "top1_miss32_all": {
      "ci95": [
        0.11862637362637363,
        0.1978021978021978
      ],
      "item_count": 455,
      "mean_delta": 0.15604395604395604,
      "zero_excluded": true
    },
    "top1_miss32_hard": {
      "ci95": [
        0.0,
        0.03296703296703297
      ],
      "item_count": 91,
      "mean_delta": 0.01098901098901099,
      "zero_excluded": false
    }
  },
  "v22_best_vs_cv": {
    "minFDE_all": {
      "ci95": [
        -2.691378960242638e-07,
        1.0951469232747838e-06
      ],
      "item_count": 455,
      "mean_delta": 3.994166196047605e-07,
      "zero_excluded": false
    },
    "minFDE_hard": {
      "ci95": [
        -5.460047459864353e-07,
        6.20517101916638e-06
      ],
      "item_count": 91,
      "mean_delta": 2.6409442608173076e-06,
      "zero_excluded": false
    },
    "miss32_all": {
      "ci95": [
        0.0,
        0.0
      ],
      "item_count": 455,
      "mean_delta": 0.0,
      "zero_excluded": false
    },
    "miss32_hard": {
      "ci95": [
        0.0,
        0.0
      ],
      "item_count": 91,
      "mean_delta": 0.0,
      "zero_excluded": false
    },
    "top1_fde_all": {
      "ci95": [
        0.0,
        0.0
      ],
      "item_count": 455,
      "mean_delta": 0.0,
      "zero_excluded": false
    },
    "top1_fde_hard": {
      "ci95": [
        0.0,
        0.0
      ],
      "item_count": 91,
      "mean_delta": 0.0,
      "zero_excluded": false
    },
    "top1_miss32_all": {
      "ci95": [
        0.0,
        0.0
      ],
      "item_count": 455,
      "mean_delta": 0.0,
      "zero_excluded": false
    },
    "top1_miss32_hard": {
      "ci95": [
        0.0,
        0.0
      ],
      "item_count": 91,
      "mean_delta": 0.0,
      "zero_excluded": false
    }
  },
  "v22_best_vs_m1_dense_eval": {
    "minFDE_all": {
      "ci95": [
        23.270226551718437,
        49.92749096306962
      ],
      "item_count": 455,
      "mean_delta": 35.863089069232835,
      "zero_excluded": true
    },
    "minFDE_hard": {
      "ci95": [
        26.708684005842102,
        139.9288879241262
      ],
      "item_count": 91,
      "mean_delta": 78.83262055260795,
      "zero_excluded": true
    },
    "miss32_all": {
      "ci95": [
        0.09230769230769231,
        0.17362637362637362
      ],
      "item_count": 455,
      "mean_delta": 0.12967032967032968,
      "zero_excluded": true
    },
    "miss32_hard": {
      "ci95": [
        -0.08791208791208792,
        0.01098901098901099
      ],
      "item_count": 91,
      "mean_delta": -0.03296703296703297,
      "zero_excluded": false
    },
    "top1_fde_all": {
      "ci95": [
        23.27600995904633,
        50.032302693795046
      ],
      "item_count": 455,
      "mean_delta": 35.92171457645657,
      "zero_excluded": true
    },
    "top1_fde_hard": {
      "ci95": [
        26.82295689412526,
        140.6002643611405
      ],
      "item_count": 91,
      "mean_delta": 79.12574746582534,
      "zero_excluded": true
    },
    "top1_miss32_all": {
      "ci95": [
        0.09230769230769231,
        0.17362637362637362
      ],
      "item_count": 455,
      "mean_delta": 0.12967032967032968,
      "zero_excluded": true
    },
    "top1_miss32_hard": {
      "ci95": [
        -0.08791208791208792,
        0.01098901098901099
      ],
      "item_count": 91,
      "mean_delta": -0.03296703296703297,
      "zero_excluded": false
    }
  },
  "v22_best_vs_shuffle_identity": {
    "minFDE_all": {
      "ci95": [
        192.69414672870394,
        221.50239666968258
      ],
      "item_count": 455,
      "mean_delta": 207.33673736119007,
      "zero_excluded": true
    },
    "minFDE_hard": {
      "ci95": [
        120.30271056772588,
        178.32184682861788
      ],
      "item_count": 91,
      "mean_delta": 148.90438915609005,
      "zero_excluded": true
    },
    "miss32_all": {
      "ci95": [
        0.5758241758241758,
        0.6659890109890109
      ],
      "item_count": 455,
      "mean_delta": 0.621978021978022,
      "zero_excluded": true
    },
    "miss32_hard": {
      "ci95": [
        0.0,
        0.03296703296703297
      ],
      "item_count": 91,
      "mean_delta": 0.01098901098901099,
      "zero_excluded": false
    },
    "top1_fde_all": {
      "ci95": [
        192.69414790350984,
        221.5023952147479
      ],
      "item_count": 455,
      "mean_delta": 207.3367384991803,
      "zero_excluded": true
    },
    "top1_fde_hard": {
      "ci95": [
        120.30271073750087,
        178.32185223521768
      ],
      "item_count": 91,
      "mean_delta": 148.90439318038605,
      "zero_excluded": true
    },
    "top1_miss32_all": {
      "ci95": [
        0.5758241758241758,
        0.6659890109890109
      ],
      "item_count": 455,
      "mean_delta": 0.621978021978022,
      "zero_excluded": true
    },
    "top1_miss32_hard": {
      "ci95": [
        0.0,
        0.03296703296703297
      ],
      "item_count": 91,
      "mean_delta": 0.01098901098901099,
      "zero_excluded": false
    }
  },
  "v22_best_vs_single_mode": {
    "minFDE_all": {
      "ci95": [
        6.483984628087217,
        7.852930002079888
      ],
      "item_count": 455,
      "mean_delta": 7.1478713023793565,
      "zero_excluded": true
    },
    "minFDE_hard": {
      "ci95": [
        0.6543903836837182,
        4.213127017414177
      ],
      "item_count": 91,
      "mean_delta": 2.5719449127113427,
      "zero_excluded": true
    },
    "miss32_all": {
      "ci95": [
        -0.002197802197802198,
        0.026373626373626374
      ],
      "item_count": 455,
      "mean_delta": 0.01098901098901099,
      "zero_excluded": false
    },
    "miss32_hard": {
      "ci95": [
        0.0,
        0.0
      ],
      "item_count": 91,
      "mean_delta": 0.0,
      "zero_excluded": false
    },
    "top1_fde_all": {
      "ci95": [
        6.483984243358885,
        7.852929789707228
      ],
      "item_count": 455,
      "mean_delta": 7.1478709532664375,
      "zero_excluded": true
    },
    "top1_fde_hard": {
      "ci95": [
        0.6543887498614552,
        4.213126157011303
      ],
      "item_count": 91,