{
  "H16_gain_retained_vs_copy": false,
  "H24_gain_retained_vs_copy": false,
  "audit_name": "stwm_fstf_horizon_scaling_v12",
  "changed_gain": {
    "mean": 0.08833823266165204,
    "std": 0.01257535383922518
  },
  "error_accumulation_rate": "incomplete",
  "future_hidden_load_bearing_at_H16": false,
  "future_hidden_load_bearing_at_H24": false,
  "long_horizon_claim_allowed": false,
  "overall_top5": {
    "mean": 0.7865319428572588,
    "std": 0.008941635832050814
  },
  "run_count": 3,
  "runs": [
    {
      "axis": "horizon",
      "changed_gain": 0.07167856691890984,
      "proto_top5": 0.7752427667264095,
      "report_path": "reports/stwm_fstf_scaling_v12_horizon_h8_seed123_eval_20260502.json",
      "seed": 123,
      "stable_drop": 0.06010137059760212,
      "trace_error": 0.06769089330067267,
      "value": "H8"
    },
    {
      "axis": "horizon",
      "changed_gain": 0.09127817320778608,
      "proto_top5": 0.7872424500817854,
      "report_path": "reports/stwm_fstf_scaling_v12_horizon_h8_seed42_eval_20260502.json",
      "seed": 42,
      "stable_drop": 0.05792903209578548,
      "trace_error": 0.06769089330067267,
      "value": "H8"
    },
    {
      "axis": "horizon",
      "changed_gain": 0.10205795785826022,
      "proto_top5": 0.7971106117635817,
      "report_path": "reports/stwm_fstf_scaling_v12_horizon_h8_seed456_eval_20260502.json",
      "seed": 456,
      "stable_drop": 0.049239677759420175,
      "trace_error": 0.06769089330067267,
      "value": "H8"
    }
  ],
  "stable_drop": {
    "mean": 0.05575669348426926,
    "std": 0.00469278766549027
  },
  "trace_error": {
    "mean": 0.06769089330067267,
    "std": 0.0
  }
}
