{
  "audit_name": "stwm_semantic_memory_world_model_v2_v1_audit",
  "change_detection_ap": 0.8705277267724664,
  "change_detection_auroc": 0.8384831439911894,
  "changed_subset_gain": 0.04041451570901233,
  "copy_baseline_top5_changed": 0.5067357445319082,
  "copy_baseline_top5_overall": 0.7142857228722177,
  "copy_baseline_top5_stable": 0.9999999733012005,
  "paper_world_model_claimable": false,
  "residual_top5_changed": 0.5471502602409205,
  "residual_top5_overall": 0.7274910082050017,
  "residual_top5_stable": 0.975748914964869,
  "stable_copy_preservation_drop": 0.024251058336331455,
  "trace_regression_detected": false,
  "v1_is_sanity_not_paper_level": true,
  "v1_item_count": 128,
  "v1_prototype_count": 64,
  "v1_steps": 1000,
  "v1_train_count": 96,
  "v1_val_count": 32
}
