{
  "batch_size": 16,
  "checkpoint_path": "outputs/checkpoints/stwm_ostf_v33_2_visual_semantic_identity/v33_2_visual_semantic_identity_m128_h32_seed42_smoke_best.pt",
  "completed": true,
  "cuda_visible_devices": "2",
  "duration_seconds": 594.2212250232697,
  "experiment_name": "v33_2_visual_semantic_identity_m128_h32_seed42_smoke",
  "generated_at_utc": "2026-05-09T15:08:16.752602+00:00",
  "smoke_passed": false,
  "steps": 1000,
  "test_metrics": {
    "future_teacher_leakage_detected": false,
    "hard_identity_PR_AUC": 0.6698920144521315,
    "hard_identity_ROC_AUC": 0.7037908257015327,
    "hard_identity_balanced_accuracy": 0.6539576036207193,
    "identity_PR_AUC": 0.9713574518560486,
    "identity_ROC_AUC": 0.7078060007777963,
    "identity_retrieval_top1": 0.04681083417702799,
    "identity_retrieval_top5": 0.20010920632031579,
    "integrated_v30_backbone_used": true,
    "last_visible_instance_prior": {
      "balanced_accuracy": 0.5
    },
    "majority_prior": {
      "balanced_accuracy": 0.5
    },
    "negative_ratio": 0.05513077567632272,
    "observed_instance_context_used": false,
    "observed_visual_teacher_context_used": true,
    "per_horizon_balanced_accuracy": [
      0.6555940680296095,
      0.6844518318443105,
      0.6732088969225349,
      0.6490352562458824,
      0.6525783784603256,
      0.6591068202348691,
      0.6580517682304884,
      0.6739837484226254,
      0.6485538709494939,
      0.6521171616280312,
      0.638786818154388,
      0.670429504519364,
      0.6577629823648077,
      0.6594224527105175,
      0.6432383735823319,
      0.6707211076860882,
      0.6529374683701645,
      0.6491591529607952,
      0.6432512094062769,
      0.6458699126728591,
      0.664317764457226,
      0.6460544674143422,
      0.6570455844898384,
      0.6437894326041238,
      0.6429532926187699,
      0.6488795123349593,
      0.660757795486284,
      0.6782304883696534,
      0.6651281024576986,
      0.6686276106338802,
      0.6401359911183144,
      0.6630941152933779
    ],
    "per_horizon_identity_ROC_AUC": [
      0.7032314799074022,
      0.7446687047975226,
      0.7243126965404504,
      0.6743432602066378,
      0.6989109259876899,
      0.6996922990063233,
      0.6897168170372961,
      0.7196587063153059,
      0.7110744019824914,
      0.698773978665283,
      0.6887443013808351,
      0.7201853928877746,
      0.706956261794755,
      0.7048528682823352,
      0.6913291086566241,
      0.7392389711455859,
      0.7154935142189983,
      0.709481166007259,
      0.7094904742430543,
      0.7042065275300549,
      0.7085451449558723,
      0.6854213928917574,
      0.7205818909506732,
      0.6846560043555036,
      0.6893558864566893,
      0.7025596254853789,
      0.7157088936415394,
      0.7314772881373279,
      0.7253505147759193,
      0.7202598190564617,
      0.6944891415189078,
      0.729087583370358
    ],
    "per_horizon_semantic_retrieval_top1": [
      0.062322443181818184,
      0.058061079545454544,
      0.058061079545454544,
      0.05042613636363636,
      0.05078125,
      0.052201704545454544,
      0.05042613636363636,
      0.048442283450387175,
      0.048468468468468466,
      0.052592865023905845,
      0.05009208103130755,
      0.04811946902654867,
      0.05265095729013255,
      0.049687154950312847,
      0.048390030925959615,
      0.046181818181818185,
      0.04474354310658421,
      0.04469476744186047,
      0.0433599419448476,
      0.045570079883805376,
      0.042071197411003236,
      0.043866035675282126,
      0.041822955738934735,
      0.042134831460674156,
      0.04381202022093241,
      0.04296296296296296,
      0.04087294248196782,
      0.04048059149722736,
      0.040118321316324645,
      0.03814564701587881,
      0.038279256288734964,
      0.03614678899082569
    ],
    "positive_ratio": 0.9448692243236773,
    "same_instance_accuracy": 0.6217829782140292,
    "same_instance_balanced_accuracy": 0.6566736518475755,
    "semantic_copy_baseline_beaten": false,
    "semantic_copy_cosine": 0.8800933730315181,
    "semantic_cosine_to_future_teacher": 0.8535384320238218,
    "semantic_hard_count": 175728,
    "semantic_hard_subset_retrieval_top1": 0.04634435035964673,
    "semantic_proto_copy_baseline": 0.08069323262083793,
    "semantic_proto_future_target_coverage": 0.9755304509943182,
    "semantic_retrieval_top1": 0.04681083417702799,
    "semantic_retrieval_top5": 0.20010920632031579,
    "teacher_embedding_dim": 512,
    "teacher_model_loaded": true,
    "trajectory_degraded": false,
    "trajectory_minFDE_delta_vs_frozen_V30": 0.0,
    "trivial_constant_prior": {
      "balanced_accuracy": 0.5
    },
    "trivial_prior_beaten": true,
    "v30_backbone_frozen": true,
    "v30_checkpoint_loaded": true,
    "visibility_AUROC": 0.603806593236218,
    "visibility_F1": 0.754642190536666,
    "visual_prototype_copy_prior": {
      "top1": 0.08069323262083793
    }
  },
  "train_loss_decreased": true,
  "train_loss_first": {
    "loss": 1.1559782028198242,
    "same": 0.06546299159526825,
    "semantic": 0.9882671236991882,
    "step": 1,
    "visibility": 0.5112406611442566
  },
  "train_loss_last": {
    "loss": 0.17850446701049805,
    "same": 0.028214089572429657,
    "semantic": 0.08543930947780609,
    "step": 1000,
    "visibility": 0.3241981565952301
  },
  "val_metrics": {
    "future_teacher_leakage_detected": false,
    "hard_identity_PR_AUC": 0.4869127930213306,
    "hard_identity_ROC_AUC": 0.49440819499783856,
    "hard_identity_balanced_accuracy": 0.49516943995660334,
    "identity_PR_AUC": 0.9189128589241391,
    "identity_ROC_AUC": 0.4913662031974138,
    "identity_retrieval_top1": 0.033264938504300526,
    "identity_retrieval_top5": 0.13768236964223937,
    "integrated_v30_backbone_used": true,
    "last_visible_instance_prior": {
      "balanced_accuracy": 0.5
    },
    "majority_prior": {
      "balanced_accuracy": 0.5
    },
    "negative_ratio": 0.07661909650131596,
    "observed_instance_context_used": false,
    "observed_visual_teacher_context_used": true,
    "per_horizon_balanced_accuracy": [
      0.4763570509677008,
      0.5132614070577658,
      0.4721396431689463,
      0.48036206936523396,
      0.49113194116028336,
      0.4936694039283194,
      0.48001133635636173,
      0.5150822641059558,
      0.4954670597783097,
      0.48406720438999506,
      0.49504354527085825,
      0.5113399306100965,
      0.4754596555352495,
      0.4909272897107698,
      0.4976971446058085,
      0.4712561009483751,
      0.4981842231842232,
      0.5037002904938395,
      0.4822686736784763,
      0.4994772673016291,
      0.4792967890776463,
      0.47779624437571655,
      0.48222429902991554,
      0.49411371237458196,
      0.4822512017602555,
      0.49082193132482566,
      0.498234125095433,
      0.49159899051363665,
      0.47644191394191393,
      0.500344440101622,
      0.4933450338313743,
      0.4915187983261242
    ],
    "per_horizon_identity_ROC_AUC": [
      0.45708010473723987,
      0.49147169605699614,
      0.4516711065344407,
      0.47254775814902394,
      0.48724024459974064,
      0.49431533564410945,
      0.47562921540982356,
      0.5120790478770172,
      0.5030348013382233,
      0.49001735733299445,
      0.4892187661312921,
      0.5126291645194745,
      0.47816376612947886,
      0.47875024536845884,
      0.4995076064628076,
      0.4667399111146383,
      0.5066609977324263,
      0.5037892417109086,
      0.46642753045816787,
      0.5022312865809989,
      0.4699923439852541,
      0.47747203514755615,
      0.4871630490322899,
      0.5002103630459018,
      0.49314350105295135,
      0.49648840064903743,
      0.5171138338523464,
      0.48980274449229233,
      0.48733994046494045,
      0.5227291381668947,
      0.514556497240376,
      0.5078136372093203
    ],