{
  "candidate_AP": 0.10812316942946668,
  "candidate_AUROC": 0.6262868777455108,
  "candidate_MRR": 0.4552743111007064,
  "candidate_feature_used_for_rollout": false,
  "candidate_feature_used_for_scoring": true,
  "candidate_positive_rate": 0.06808961016052213,
  "candidate_record_count": 5669,
  "candidate_score_mode": "aligned_listwise_identity",
  "candidate_top1": 0.24611398963730569,
  "dev": {
    "candidate_AP": 0.11510608894905526,
    "candidate_AUROC": 0.6570225299710625,
    "candidate_MRR": 0.4828161411092378,
    "candidate_positive_rate": 0.0675008231807705,
    "candidate_record_count": 3037,
    "candidate_top1": 0.2780487804878049,
    "metric_items": 205
  },
  "full_free_rollout_executed": true,
  "full_model_forward_executed": true,
  "future_candidate_used_as_input": false,
  "generated_at_utc": "2026-04-28T16:00:44.064410+00:00",
  "heldout": {
    "candidate_AP": 0.10237125278131795,
    "candidate_AUROC": 0.5891901152083601,
    "candidate_MRR": 0.42408052573192884,
    "candidate_positive_rate": 0.06876899696048633,
    "candidate_record_count": 2632,
    "candidate_top1": 0.20994475138121546,
    "metric_items": 181
  },
  "metric_items": 386,
  "mode": "aligned_listwise_identity",
  "old_association_report_used": false,
  "per_subset_breakdown": {
    "OOD_hard": {
      "candidate_AP": null,
      "candidate_AUROC": null,
      "candidate_MRR": null,
      "candidate_positive_rate": null,
      "candidate_record_count": 0,
      "candidate_top1": null,
      "metric_items": 0
    },
    "appearance_change": {
      "candidate_AP": 0.15839823513191384,
      "candidate_AUROC": 0.5260123268606269,
      "candidate_MRR": 0.4840110147094091,
      "candidate_positive_rate": 0.14195867026055706,
      "candidate_record_count": 1113,
      "candidate_top1": 0.25949367088607594,
      "metric_items": 158
    },
    "crossing_ambiguity": {
      "candidate_AP": 0.0941086692648813,
      "candidate_AUROC": 0.6410828959152446,
      "candidate_MRR": 0.42315177637690454,
      "candidate_positive_rate": 0.05753476852733854,
      "candidate_record_count": 5249,
      "candidate_top1": 0.2251655629139073,
      "metric_items": 302
    },
    "long_gap_persistence": {
      "candidate_AP": 0.30055489939115154,
      "candidate_AUROC": 0.5751559251559252,
      "candidate_MRR": 0.5614239926739926,
      "candidate_positive_rate": 0.21940928270042195,
      "candidate_record_count": 237,
      "candidate_top1": 0.3269230769230769,
      "metric_items": 52
    },
    "occlusion_reappearance": {
      "candidate_AP": 0.16728564860630077,
      "candidate_AUROC": 0.5460791085324861,
      "candidate_MRR": 0.5378242193410036,
      "candidate_positive_rate": 0.12932790224032586,
      "candidate_record_count": 982,
      "candidate_top1": 0.31496062992125984,
      "metric_items": 127
    }
  },
  "stage2_val_fallback_used": false
}
