{
  "batch_size": 32,
  "checkpoint_path": "outputs/checkpoints/stwm_ostf_v33_7_identity_belief_calibration/v33_7_identity_belief_m128_h32_seed42_best.pt",
  "complete_train_sample_count": 47,
  "completed": true,
  "cuda_visible_devices": "1",
  "duration_seconds": 1400.8641078472137,
  "embedding_similarity_logits_active": true,
  "experiment_name": "v33_7_identity_belief_m128_h32_seed42",
  "fused_same_instance_logits_active": true,
  "future_teacher_leakage_detected": false,
  "generated_at_utc": "2026-05-10T05:08:02.032231+00:00",
  "global_identity_labels_used": true,
  "integrated_v30_backbone_used": true,
  "loss_tail": [
    {
      "embedding_similarity_bce": 0.0420566163957119,
      "full_same_instance_bce": 0.034711793065071106,
      "fused_same_instance_bce": 0.042113084346055984,
      "hard_same_instance_bce": 0.07016372680664062,
      "identity_consistency": 0.0031147010158747435,
      "identity_contrastive": 2.543653726577759,
      "identity_exclude_same_point": 2.517418622970581,
      "identity_same_frame": 0.42055627703666687,
      "identity_semantic_confuser": 2.291111946105957,
      "loss": 1.9517827033996582,
      "semantic_proto_ce": 0.5760735273361206,
      "step": 1491.0,
      "visibility_bce": 0.3725038766860962
    },
    {
      "embedding_similarity_bce": 0.03510286659002304,
      "full_same_instance_bce": 0.03168760612607002,
      "fused_same_instance_bce": 0.03391847386956215,
      "hard_same_instance_bce": 0.060193851590156555,
      "identity_consistency": 0.0031993889715522528,
      "identity_contrastive": 3.268800973892212,
      "identity_exclude_same_point": 3.2779369354248047,
      "identity_same_frame": 0.8277089595794678,
      "identity_semantic_confuser": 2.984790802001953,
      "loss": 2.317821502685547,
      "semantic_proto_ce": 0.5881974101066589,
      "step": 1492.0,
      "visibility_bce": 0.4042321443557739
    },
    {
      "embedding_similarity_bce": 0.04076966643333435,
      "full_same_instance_bce": 0.03270094096660614,
      "fused_same_instance_bce": 0.03999808058142662,
      "hard_same_instance_bce": 0.06351427733898163,
      "identity_consistency": 0.0029718412552028894,
      "identity_contrastive": 2.61318039894104,
      "identity_exclude_same_point": 2.571427583694458,
      "identity_same_frame": 0.3966882526874542,
      "identity_semantic_confuser": 2.2892704010009766,
      "loss": 1.9803595542907715,
      "semantic_proto_ce": 0.599312961101532,
      "step": 1493.0,
      "visibility_bce": 0.3672748804092407
    },
    {
      "embedding_similarity_bce": 0.03923879936337471,
      "full_same_instance_bce": 0.03448440507054329,
      "fused_same_instance_bce": 0.04026404023170471,
      "hard_same_instance_bce": 0.0629051923751831,
      "identity_consistency": 0.0032466405536979437,
      "identity_contrastive": 3.2674148082733154,
      "identity_exclude_same_point": 3.2497246265411377,
      "identity_same_frame": 0.8178818225860596,
      "identity_semantic_confuser": 2.933237075805664,
      "loss": 2.273059129714966,
      "semantic_proto_ce": 0.5378988981246948,
      "step": 1494.0,
      "visibility_bce": 0.41428402066230774
    },
    {
      "embedding_similarity_bce": 0.03988365828990936,
      "full_same_instance_bce": 0.03247901424765587,
      "fused_same_instance_bce": 0.03943295776844025,
      "hard_same_instance_bce": 0.05945773050189018,
      "identity_consistency": 0.003096102736890316,
      "identity_contrastive": 2.5408668518066406,
      "identity_exclude_same_point": 2.50818133354187,
      "identity_same_frame": 0.40224742889404297,
      "identity_semantic_confuser": 2.2299509048461914,
      "loss": 1.9212170839309692,
      "semantic_proto_ce": 0.573525071144104,
      "step": 1495.0,
      "visibility_bce": 0.381671667098999
    },
    {
      "embedding_similarity_bce": 0.041869472712278366,
      "full_same_instance_bce": 0.03406432643532753,
      "fused_same_instance_bce": 0.03984354808926582,
      "hard_same_instance_bce": 0.05996717885136604,
      "identity_consistency": 0.0031371365766972303,
      "identity_contrastive": 3.447890043258667,
      "identity_exclude_same_point": 3.367069959640503,
      "identity_same_frame": 0.8090339303016663,
      "identity_semantic_confuser": 3.1534695625305176,
      "loss": 2.4093732833862305,
      "semantic_proto_ce": 0.6102851033210754,
      "step": 1496.0,
      "visibility_bce": 0.3870922327041626
    },
    {
      "embedding_similarity_bce": 0.03877595067024231,
      "full_same_instance_bce": 0.033885806798934937,
      "fused_same_instance_bce": 0.037667665630578995,
      "hard_same_instance_bce": 0.06260617822408676,
      "identity_consistency": 0.0031143813394010067,
      "identity_contrastive": 2.4707038402557373,
      "identity_exclude_same_point": 2.5114197731018066,
      "identity_same_frame": 0.41817572712898254,
      "identity_semantic_confuser": 2.3181862831115723,
      "loss": 1.9446406364440918,
      "semantic_proto_ce": 0.596494197845459,
      "step": 1497.0,
      "visibility_bce": 0.39087384939193726
    },
    {
      "embedding_similarity_bce": 0.04817730560898781,
      "full_same_instance_bce": 0.03121255338191986,
      "fused_same_instance_bce": 0.0458737276494503,
      "hard_same_instance_bce": 0.058217164129018784,
      "identity_consistency": 0.0032889503054320812,
      "identity_contrastive": 3.3517560958862305,
      "identity_exclude_same_point": 3.413712501525879,
      "identity_same_frame": 0.8189294338226318,
      "identity_semantic_confuser": 3.087350606918335,
      "loss": 2.3463332653045654,
      "semantic_proto_ce": 0.5485219955444336,
      "step": 1498.0,
      "visibility_bce": 0.3648701012134552
    },
    {
      "embedding_similarity_bce": 0.04129177704453468,
      "full_same_instance_bce": 0.03325193375349045,
      "fused_same_instance_bce": 0.03892108052968979,
      "hard_same_instance_bce": 0.06378556787967682,
      "identity_consistency": 0.003233044408261776,
      "identity_contrastive": 2.703240394592285,
      "identity_exclude_same_point": 2.6228697299957275,
      "identity_same_frame": 0.4056531488895416,
      "identity_semantic_confuser": 2.34163498878479,
      "loss": 1.9581196308135986,
      "semantic_proto_ce": 0.5471283197402954,
      "step": 1499.0,
      "visibility_bce": 0.370920330286026
    },
    {
      "embedding_similarity_bce": 0.039549414068460464,
      "full_same_instance_bce": 0.033363986760377884,
      "fused_same_instance_bce": 0.036398712545633316,
      "hard_same_instance_bce": 0.061550721526145935,
      "identity_consistency": 0.0027727922424674034,
      "identity_contrastive": 3.160972833633423,
      "identity_exclude_same_point": 3.1335320472717285,
      "identity_same_frame": 0.754533052444458,
      "identity_semantic_confuser": 2.788666248321533,
      "loss": 2.314763307571411,
      "semantic_proto_ce": 0.6477339267730713,
      "step": 1500.0,
      "visibility_bce": 0.40863797068595886
    }
  ],
  "observed_instance_context_used": false,
  "observed_visual_teacher_context_used": true,
  "same_instance_hard_bce_active": true,
  "sample_local_collision_prevented": true,
  "steps": 1500,
  "train_loss_decreased": true,
  "train_loss_first": {
    "embedding_similarity_bce": 0.22476926445960999,
    "full_same_instance_bce": 0.06604594737291336,
    "fused_same_instance_bce": 0.21977150440216064,
    "hard_same_instance_bce": 0.1736764758825302,
    "identity_consistency": 0.00014722491323482245,
    "identity_contrastive": 6.638860702514648,
    "identity_exclude_same_point": 6.729149341583252,
    "identity_same_frame": 0.8036172986030579,
    "identity_semantic_confuser": 3.94071364402771,
    "loss": 7.093726634979248,
    "semantic_proto_ce": 3.493942975997925,
    "step": 1.0,
    "visibility_bce": 0.49210265278816223
  },
  "train_loss_last": {
    "embedding_similarity_bce": 0.039549414068460464,
    "full_same_instance_bce": 0.033363986760377884,