{
  "checkpoint_path": "outputs/checkpoints/stwm_ostf_v34_11_local_semantic_usage_oracle_probe_h32_m128/v34_11_local_semantic_usage_oracle_probe_m128_h32_seed42_best.pt",
  "duration_seconds": 968.1101043224335,
  "fresh_training_completed": true,
  "future_leakage_detected": false,
  "generated_at_utc": "2026-05-13T05:27:03.668701+00:00",
  "init_checkpoint": {
    "checkpoint_path": "outputs/checkpoints/stwm_ostf_v34_9_trace_fixed_oracle_residual_probe_h32_m128/v34_8_causal_assignment_oracle_residual_probe_m128_h32_seed42_best.pt",
    "init_source": "v34_9_trace_fixed",
    "missing_keys": [],
    "unexpected_keys": []
  },
  "local_assignment_contrast_loss_active": true,
  "local_assignment_contrast_loss_first": 0.5809454321861267,
  "local_assignment_contrast_loss_last": 0.5010688900947571,
  "local_assignment_contrast_loss_mean": 0.5296671119603243,
  "local_semantic_usage_loss_active": true,
  "local_semantic_usage_loss_first": 0.6332207918167114,
  "local_semantic_usage_loss_last": 0.6098368763923645,
  "local_semantic_usage_loss_mean": 0.6015243855389681,
  "local_semantic_usage_probe_ran": true,
  "loss_trace": [
    {
      "different_instance_unit_separation": 0.0348590649664402,
      "local_assignment_contrast_loss": 0.5809454321861267,
      "local_semantic_target_loss": 0.38137251138687134,
      "local_semantic_usage_loss": 0.6332207918167114,
      "loss": 1.6154619455337524,
      "point_assignment_entropy": 0.0524207204580307,
      "same_instance_pair_attraction": 0.08760032057762146,
      "semantic_hard_local_residual_loss": 0.5757327079772949,
      "stable_preservation_loss": -3.6702612504768695e-08,
      "step": 1.0,
      "unit_anti_collapse": 0.18700802326202393,
      "unit_memory_target_loss": 0.23762911558151245,
      "unit_usage_entropy": 0.8129919767379761
    },
    {
      "different_instance_unit_separation": 0.03920237347483635,
      "local_assignment_contrast_loss": 0.6710871458053589,
      "local_semantic_target_loss": 0.24942778050899506,
      "local_semantic_usage_loss": 0.6290958523750305,
      "loss": 1.529834270477295,
      "point_assignment_entropy": 0.06315691024065018,
      "same_instance_pair_attraction": 0.06152614578604698,
      "semantic_hard_local_residual_loss": 0.5695460438728333,
      "stable_preservation_loss": -3.728960606963483e-08,
      "step": 150.0,
      "unit_anti_collapse": 0.3133549094200134,
      "unit_memory_target_loss": 0.24668078124523163,
      "unit_usage_entropy": 0.6866450905799866
    },
    {
      "different_instance_unit_separation": 0.023874210193753242,
      "local_assignment_contrast_loss": 0.5050253868103027,
      "local_semantic_target_loss": 0.26287588477134705,
      "local_semantic_usage_loss": 0.5914908647537231,
      "loss": 1.4163289070129395,
      "point_assignment_entropy": 0.05040062218904495,
      "same_instance_pair_attraction": 0.034453295171260834,
      "semantic_hard_local_residual_loss": 0.5774270296096802,
      "stable_preservation_loss": -3.408351645362018e-08,
      "step": 300.0,
      "unit_anti_collapse": 0.3680046796798706,
      "unit_memory_target_loss": 0.2056700736284256,
      "unit_usage_entropy": 0.6319953203201294
    },
    {
      "different_instance_unit_separation": 0.022524503991007805,
      "local_assignment_contrast_loss": 0.5146134495735168,
      "local_semantic_target_loss": 0.24420325458049774,
      "local_semantic_usage_loss": 0.6042380928993225,
      "loss": 1.4231529235839844,
      "point_assignment_entropy": 0.04642249271273613,
      "same_instance_pair_attraction": 0.044653940945863724,
      "semantic_hard_local_residual_loss": 0.5927045941352844,
      "stable_preservation_loss": -3.9380637417707476e-08,
      "step": 450.0,
      "unit_anti_collapse": 0.3158021569252014,
      "unit_memory_target_loss": 0.22899234294891357,
      "unit_usage_entropy": 0.6841978430747986
    },
    {
      "different_instance_unit_separation": 0.02858089655637741,
      "local_assignment_contrast_loss": 0.5078441500663757,
      "local_semantic_target_loss": 0.2674655318260193,
      "local_semantic_usage_loss": 0.6275107264518738,
      "loss": 1.4618109464645386,
      "point_assignment_entropy": 0.04579344391822815,
      "same_instance_pair_attraction": 0.03789839521050453,
      "semantic_hard_local_residual_loss": 0.5360578298568726,
      "stable_preservation_loss": -4.078212612057541e-08,
      "step": 600.0,
      "unit_anti_collapse": 0.3370952606201172,
      "unit_memory_target_loss": 0.24723176658153534,
      "unit_usage_entropy": 0.6629047393798828
    },
    {
      "different_instance_unit_separation": 0.03202391043305397,
      "local_assignment_contrast_loss": 0.5356210470199585,
      "local_semantic_target_loss": 0.27662014961242676,
      "local_semantic_usage_loss": 0.594169020652771,
      "loss": 1.4531148672103882,
      "point_assignment_entropy": 0.05833255872130394,
      "same_instance_pair_attraction": 0.10536661744117737,
      "semantic_hard_local_residual_loss": 0.6174905300140381,
      "stable_preservation_loss": -3.3051659187322e-08,
      "step": 750.0,
      "unit_anti_collapse": 0.20325756072998047,
      "unit_memory_target_loss": 0.21810241043567657,
      "unit_usage_entropy": 0.7967424392700195
    },
    {
      "different_instance_unit_separation": 0.016132643446326256,
      "local_assignment_contrast_loss": 0.5196114778518677,
      "local_semantic_target_loss": 0.24820680916309357,
      "local_semantic_usage_loss": 0.579298198223114,
      "loss": 1.4263830184936523,
      "point_assignment_entropy": 0.05013347044587135,
      "same_instance_pair_attraction": 0.04412442073225975,
      "semantic_hard_local_residual_loss": 0.6331658959388733,
      "stable_preservation_loss": -3.507383539158582e-08,
      "step": 900.0,
      "unit_anti_collapse": 0.2932620048522949,
      "unit_memory_target_loss": 0.23031380772590637,
      "unit_usage_entropy": 0.7067379951477051
    },
    {
      "different_instance_unit_separation": 0.023682288825511932,
      "local_assignment_contrast_loss": 0.5193463563919067,
      "local_semantic_target_loss": 0.30352121591567993,
      "local_semantic_usage_loss": 0.6130226254463196,
      "loss": 1.5168274641036987,
      "point_assignment_entropy": 0.05140170827507973,
      "same_instance_pair_attraction": 0.04809468612074852,
      "semantic_hard_local_residual_loss": 0.5908552408218384,
      "stable_preservation_loss": -3.7842415423483544e-08,
      "step": 1050.0,
      "unit_anti_collapse": 0.33832406997680664,
      "unit_memory_target_loss": 0.2381553053855896,
      "unit_usage_entropy": 0.6616759300231934
    },
    {
      "different_instance_unit_separation": 0.02649078145623207,
      "local_assignment_contrast_loss": 0.49285390973091125,
      "local_semantic_target_loss": 0.2445024996995926,
      "local_semantic_usage_loss": 0.5676913857460022,
      "loss": 1.3419111967086792,
      "point_assignment_entropy": 0.053266722708940506,
      "same_instance_pair_attraction": 0.0813402608036995,
      "semantic_hard_local_residual_loss": 0.56318598985672,
      "stable_preservation_loss": -3.1663230259937336e-08,
      "step": 1200.0,
      "unit_anti_collapse": 0.1890985369682312,
      "unit_memory_target_loss": 0.212123841047287,
      "unit_usage_entropy": 0.8109014630317688
    },
    {
      "different_instance_unit_separation": 0.03535146266222,
      "local_assignment_contrast_loss": 0.47832098603248596,
      "local_semantic_target_loss": 0.2104577124118805,
      "local_semantic_usage_loss": 0.5671938061714172,
      "loss": 1.2807937860488892,
      "point_assignment_entropy": 0.055603064596652985,
      "same_instance_pair_attraction": 0.06253964453935623,
      "semantic_hard_local_residual_loss": 0.5357425808906555,
      "stable_preservation_loss": -3.336719345270467e-08,
      "step": 1350.0,
      "unit_anti_collapse": 0.24608570337295532,
      "unit_memory_target_loss": 0.1971549540758133,