{
  "completed_run_count": 5,
  "eval_wrote_item_rows": true,
  "expected_run_count": 5,
  "failed_runs": [],
  "field_tokens_used_in_rollout": true,
  "generated_at_utc": "2026-05-08T14:56:30.138514+00:00",
  "missing_runs": [],
  "no_nan_detected": true,
  "object_token_only_shortcut": false,
  "runs": {
    "v31_field_m128_h32_seed42_smoke": {
      "completed": true,
      "duration_seconds": 362.0961883068085,
      "field_preserving_rollout": true,
      "horizon": 32,
      "m_points": 128,
      "report_path": "reports/stwm_ostf_v31_field_preserving_runs/v31_field_m128_h32_seed42_smoke.json",
      "steps": 800,
      "test_all": {
        "BestOfK_PCK@16": 0.37602584887337875,
        "BestOfK_PCK@32": 0.5237563435291129,
        "BestOfK_PCK@64": 0.7021254685381288,
        "BestOfK_PCK@8": 0.2666726830832746,
        "MissRate@128": 0.4556213017751479,
        "MissRate@16": 0.9940828402366864,
        "MissRate@32": 0.9940828402366864,
        "MissRate@64": 0.8520710059171598,
        "PCK@16": 0.2944842219030397,
        "PCK@32": 0.4193043308768076,
        "PCK@64": 0.5851250342757653,
        "PCK@8": 0.20315092758720768,
        "endpoint_L1": 187.1632299874661,
        "item_count": 169,
        "minADE": 99.32580484582122,
        "minADE_K": 59.35872545750183,
        "minFDE": 187.1632299874661,
        "minFDE_K": 93.25120326612122,
        "relative_deformation_layout_error": 75.01699292156624,
        "threshold_auc_endpoint_16_32_64_128": 0.3254437869822485,
        "visibility_F1": 0.8520785450881205
      },
      "test_item_count": 169,
      "train_loss_decreased": true,
      "train_loss_first": {
        "actual_m_points": 128.0,
        "best_cost": 54.07241439819336,
        "diversity": 18.482112884521484,
        "endpoint": 86.65470886230469,
        "field_token_activation_norm": 13.856346130371094,
        "global_context_norm": 4.478211402893066,
        "loss": 115.29155731201172,
        "mode_ce": 2.3869528770446777,
        "point_encoder_activation_norm": 1.6137104034423828,
        "point_valid_ratio": 1.0,
        "semantic_context_norm": 3.826107978820801,
        "step": 1.0,
        "visibility": 0.6795002818107605
      },
      "train_loss_last": {
        "actual_m_points": 128.0,
        "best_cost": 36.9003791809082,
        "diversity": 38.046974182128906,
        "endpoint": 52.0252799987793,
        "field_token_activation_norm": 13.789342880249023,
        "global_context_norm": 7.090590476989746,
        "loss": 73.65953826904297,
        "mode_ce": 1.5033683776855469,
        "point_encoder_activation_norm": 1.238908052444458,
        "point_valid_ratio": 1.0,
        "semantic_context_norm": 3.3777689933776855,
        "step": 800.0,
        "visibility": 0.5256325006484985
      }
    },
    "v31_field_m128_h64_seed42_smoke": {
      "completed": true,
      "duration_seconds": 329.396356344223,
      "field_preserving_rollout": true,
      "horizon": 64,
      "m_points": 128,
      "report_path": "reports/stwm_ostf_v31_field_preserving_runs/v31_field_m128_h64_seed42_smoke.json",
      "steps": 800,
      "test_all": {
        "BestOfK_PCK@16": 0.3081348325755221,
        "BestOfK_PCK@32": 0.44909552803372443,
        "BestOfK_PCK@64": 0.6238150636044058,
        "BestOfK_PCK@8": 0.21099753672873028,
        "MissRate@128": 0.6039603960396039,
        "MissRate@16": 1.0,
        "MissRate@32": 0.9900990099009901,
        "MissRate@64": 0.8811881188118812,
        "PCK@16": 0.25520355229516883,
        "PCK@32": 0.38589199071809316,
        "PCK@64": 0.5472144639144954,
        "PCK@8": 0.1648835482338848,
        "endpoint_L1": 220.10194951236838,
        "item_count": 202,
        "minADE": 123.09402759004347,
        "minADE_K": 74.95163579978565,
        "minFDE": 220.10194951236838,
        "minFDE_K": 105.51034439672338,
        "relative_deformation_layout_error": 108.29534247311567,
        "threshold_auc_endpoint_16_32_64_128": 0.27722772277227725,
        "visibility_F1": 0.8312499664000829
      },
      "test_item_count": 202,
      "train_loss_decreased": true,
      "train_loss_first": {
        "actual_m_points": 128.0,
        "best_cost": 62.240257263183594,
        "diversity": 33.46282958984375,
        "endpoint": 82.52755737304688,
        "field_token_activation_norm": 13.856346130371094,
        "global_context_norm": 4.821847438812256,
        "loss": 120.71897888183594,
        "mode_ce": 3.1894068717956543,
        "point_encoder_activation_norm": 1.6029927730560303,
        "point_valid_ratio": 1.0,
        "semantic_context_norm": 3.9484593868255615,
        "step": 1.0,
        "visibility": 0.7000934481620789
      },
      "train_loss_last": {
        "actual_m_points": 128.0,
        "best_cost": 42.646690368652344,
        "diversity": 46.97758483886719,
        "endpoint": 41.877376556396484,
        "field_token_activation_norm": 13.814106941223145,
        "global_context_norm": 6.189848899841309,
        "loss": 72.31688690185547,
        "mode_ce": 1.5744235515594482,
        "point_encoder_activation_norm": 1.3151986598968506,
        "point_valid_ratio": 1.0,
        "semantic_context_norm": 5.405807971954346,
        "step": 800.0,
        "visibility": 0.58746337890625
      }
    },
    "v31_field_m128_h96_seed42_smoke": {
      "completed": true,
      "duration_seconds": 386.5648937225342,
      "field_preserving_rollout": true,
      "horizon": 96,
      "m_points": 128,
      "report_path": "reports/stwm_ostf_v31_field_preserving_runs/v31_field_m128_h96_seed42_smoke.json",
      "steps": 800,
      "test_all": {
        "BestOfK_PCK@16": 0.2964054363758491,
        "BestOfK_PCK@32": 0.42520824801093987,
        "BestOfK_PCK@64": 0.5958822037519641,
        "BestOfK_PCK@8": 0.20284935483077196,
        "MissRate@128": 0.6406926406926406,
        "MissRate@16": 0.9913419913419913,
        "MissRate@32": 0.922077922077922,
        "MissRate@64": 0.7922077922077922,
        "PCK@16": 0.2575055060241612,
        "PCK@32": 0.37765569969977053,
        "PCK@64": 0.5279262883426893,
        "PCK@8": 0.17262442575219275,
        "endpoint_L1": 278.3759499917299,
        "item_count": 231,
        "minADE": 152.18854216889386,
        "minADE_K": 86.15356363543184,
        "minFDE": 278.3759499917299,
        "minFDE_K": 124.54844932741933,
        "relative_deformation_layout_error": 143.05942391267106,
        "threshold_auc_endpoint_16_32_64_128": 0.2597402597402597,
        "visibility_F1": 0.8223168287140579
      },
      "test_item_count": 231,
      "train_loss_decreased": true,
      "train_loss_first": {
        "actual_m_points": 128.0,
        "best_cost": 68.84278869628906,
        "diversity": 36.23927688598633,
        "endpoint": 94.8324203491211,
        "field_token_activation_norm": 13.856345176696777,
        "global_context_norm": 4.427528381347656,
        "loss": 135.6910858154297,
        "mode_ce": 1.9599437713623047,
        "point_encoder_activation_norm": 1.6067924499511719,
        "point_valid_ratio": 1.0,
        "semantic_context_norm": 4.021093845367432,
        "step": 1.0,
        "visibility": 0.732410728931427
      },
      "train_loss_last": {
        "actual_m_points": 128.0,
        "best_cost": 64.69474792480469,
        "diversity": 66.91873931884766,
        "endpoint": 65.98812103271484,
        "field_token_activation_norm": 13.83515739440918,
        "global_context_norm": 6.148972034454346,
        "loss": 111.2453842163086,
        "mode_ce": 1.6848315000534058,
        "point_encoder_activation_norm": 1.1461641788482666,
        "point_valid_ratio": 1.0,
        "semantic_context_norm": 4.158843517303467,
        "step": 800.0,
        "visibility": 0.5927042365074158
      }
    },
    "v31_field_m512_h32_seed42_smoke": {
      "completed": true,
      "duration_seconds": 347.6954791545868,
      "field_preserving_rollout": true,
      "horizon": 32,
      "m_points": 512,