{
  "M128_H32_last_visible_copy_all_minfde": {
    "ci95": [
      1.5039745859134985,
      5.769757920805119
    ],
    "item_count": 257,
    "mean_delta": 3.4304914734242957,
    "zero_excluded": true
  },
  "M128_H32_last_visible_copy_all_miss32": {
    "ci95": [
      -0.027237354085603113,
      0.007782101167315175
    ],
    "item_count": 257,
    "mean_delta": -0.007782101167315175,
    "zero_excluded": false
  },
  "M128_H32_last_visible_copy_last_observed_hard_minfde": {
    "ci95": [
      4.9581464547377365,
      18.229128815577578
    ],
    "item_count": 52,
    "mean_delta": 10.833057697002705,
    "zero_excluded": true
  },
  "M128_H32_last_visible_copy_last_observed_hard_miss32": {
    "ci95": [
      0.0,
      0.0
    ],
    "item_count": 52,
    "mean_delta": 0.0,
    "zero_excluded": false
  },
  "M128_H32_median_object_anchor_copy_all_minfde": {
    "ci95": [
      1.503974624969616,
      5.7697581762933545
    ],
    "item_count": 257,
    "mean_delta": 3.4304914993998605,
    "zero_excluded": true
  },
  "M128_H32_median_object_anchor_copy_all_miss32": {
    "ci95": [
      -0.027237354085603113,
      0.007782101167315175
    ],
    "item_count": 257,
    "mean_delta": -0.007782101167315175,
    "zero_excluded": false
  },
  "M128_H32_median_object_anchor_copy_last_observed_hard_minfde": {
    "ci95": [
      4.958146425393911,
      18.229128815577578
    ],
    "item_count": 52,
    "mean_delta": 10.833057110126202,
    "zero_excluded": true
  },
  "M128_H32_median_object_anchor_copy_last_observed_hard_miss32": {
    "ci95": [
      0.0,
      0.0
    ],
    "item_count": 52,
    "mean_delta": 0.0,
    "zero_excluded": false
  },
  "M128_H32_visibility_aware_cv_all_minfde": {
    "ci95": [
      312.1983318194341,
      472.11587908267967
    ],
    "item_count": 257,
    "mean_delta": 375.7971728993761,
    "zero_excluded": true
  },
  "M128_H32_visibility_aware_cv_all_miss32": {
    "ci95": [
      0.2723735408560311,
      0.3852140077821012
    ],
    "item_count": 257,
    "mean_delta": 0.32684824902723736,
    "zero_excluded": true
  },
  "M128_H32_visibility_aware_cv_last_observed_hard_minfde": {
    "ci95": [
      493.0712577966544,
      1186.1754699046792
    ],
    "item_count": 52,
    "mean_delta": 772.1699292109563,
    "zero_excluded": true
  },
  "M128_H32_visibility_aware_cv_last_observed_hard_miss32": {
    "ci95": [
      0.0,
      0.0
    ],
    "item_count": 52,
    "mean_delta": 0.0,
    "zero_excluded": false
  },
  "M128_H32_visibility_aware_damped_velocity_all_minfde": {
    "ci95": [
      1.5039745859134985,
      5.769757920805119
    ],
    "item_count": 257,
    "mean_delta": 3.4304914734242957,
    "zero_excluded": true
  },
  "M128_H32_visibility_aware_damped_velocity_all_miss32": {
    "ci95": [
      -0.027237354085603113,
      0.007782101167315175
    ],
    "item_count": 257,
    "mean_delta": -0.007782101167315175,
    "zero_excluded": false
  },
  "M128_H32_visibility_aware_damped_velocity_last_observed_hard_minfde": {
    "ci95": [
      4.9581464547377365,
      18.229128815577578
    ],
    "item_count": 52,
    "mean_delta": 10.833057697002705,
    "zero_excluded": true
  },
  "M128_H32_visibility_aware_damped_velocity_last_observed_hard_miss32": {
    "ci95": [
      0.0,
      0.0
    ],
    "item_count": 52,
    "mean_delta": 0.0,
    "zero_excluded": false
  },
  "M128_H64_last_visible_copy_all_minfde": {
    "ci95": [
      -0.995825449625651,
      0.08287901856281127
    ],
    "item_count": 54,
    "mean_delta": -0.45512518617841935,
    "zero_excluded": false
  },
  "M128_H64_last_visible_copy_all_miss32": {
    "ci95": [
      -0.14814814814814814,
      0.018518518518518517
    ],
    "item_count": 54,
    "mean_delta": -0.05555555555555555,
    "zero_excluded": false
  },
  "M128_H64_last_visible_copy_last_observed_hard_minfde": {
    "ci95": [
      -1.6616347833113236,
      1.0064344926313917
    ],
    "item_count": 11,
    "mean_delta": -0.34177433360706677,
    "zero_excluded": false
  },
  "M128_H64_last_visible_copy_last_observed_hard_miss32": {
    "ci95": [
      0.0,
      0.0
    ],
    "item_count": 11,
    "mean_delta": 0.0,
    "zero_excluded": false
  },
  "M128_H64_median_object_anchor_copy_all_minfde": {
    "ci95": [
      -0.9958249429861704,
      0.08287922563376238
    ],
    "item_count": 54,
    "mean_delta": -0.4551249654204757,
    "zero_excluded": false
  },
  "M128_H64_median_object_anchor_copy_all_miss32": {
    "ci95": [
      -0.14814814814814814,
      0.018518518518518517
    ],
    "item_count": 54,
    "mean_delta": -0.05555555555555555,
    "zero_excluded": false
  },
  "M128_H64_median_object_anchor_copy_last_observed_hard_minfde": {
    "ci95": [
      -1.6616340897300026,
      1.0064345273104578
    ],
    "item_count": 11,
    "mean_delta": -0.34177364002574573,
    "zero_excluded": false
  },
  "M128_H64_median_object_anchor_copy_last_observed_hard_miss32": {
    "ci95": [
      0.0,
      0.0
    ],
    "item_count": 11,
    "mean_delta": 0.0,
    "zero_excluded": false
  },
  "M128_H64_visibility_aware_cv_all_minfde": {
    "ci95": [
      380.9530971072338,
      541.0810502062241
    ],
    "item_count": 54,
    "mean_delta": 460.06901784737903,
    "zero_excluded": true
  },
  "M128_H64_visibility_aware_cv_all_miss32": {
    "ci95": [
      0.2587962962962963,
      0.5
    ],
    "item_count": 54,
    "mean_delta": 0.37037037037037035,
    "zero_excluded": true
  },
  "M128_H64_visibility_aware_cv_last_observed_hard_minfde": {
    "ci95": [
      298.60103440718217,
      765.9731632145968
    ],
    "item_count": 11,
    "mean_delta": 515.8692814220082,
    "zero_excluded": true
  },
  "M128_H64_visibility_aware_cv_last_observed_hard_miss32": {
    "ci95": [
      0.0,
      0.0
    ],
    "item_count": 11,
    "mean_delta": 0.0,
    "zero_excluded": false
  },
  "M128_H64_visibility_aware_damped_velocity_all_minfde": {
    "ci95": [
      -0.995825449625651,
      0.08287901856281127
    ],
    "item_count": 54,
    "mean_delta": -0.45512518617841935,
    "zero_excluded": false
  },
  "M128_H64_visibility_aware_damped_velocity_all_miss32": {
    "ci95": [
      -0.14814814814814814,
      0.018518518518518517
    ],
    "item_count": 54,
    "mean_delta": -0.05555555555555555,
    "zero_excluded": false
  },
  "M128_H64_visibility_aware_damped_velocity_last_observed_hard_minfde": {
    "ci95": [
      -1.6616347833113236,
      1.0064344926313917
    ],
    "item_count": 11,
    "mean_delta": -0.34177433360706677,
    "zero_excluded": false
  },
  "M128_H64_visibility_aware_damped_velocity_last_observed_hard_miss32": {
    "ci95": [
      0.0,
      0.0
    ],
    "item_count": 11,
    "mean_delta": 0.0,
    "zero_excluded": false
  },
  "M512_H32_last_visible_copy_all_minfde": {
    "ci95": [
      1.3735918525359974,
      4.964296499462907
    ],
    "item_count": 257,
    "mean_delta": 3.0021377667378824,
    "zero_excluded": true
  },
  "M512_H32_last_visible_copy_all_miss32": {
    "ci95": [
      -0.0311284046692607,
      0.011673151750972763
    ],
    "item_count": 257,
    "mean_delta": -0.007782101167315175,
    "zero_excluded": false
  },
  "M512_H32_last_visible_copy_last_observed_hard_minfde": {
    "ci95": [
      3.4947011580834024,
      15.275211326892558
    ],
    "item_count": 52,
    "mean_delta": 9.117137908935547,
    "zero_excluded": true
  },
  "M512_H32_last_visible_copy_last_observed_hard_miss32": {
    "ci95": [
      0.0,
      0.0
    ],
    "item_count": 52,
    "mean_delta": 0.0,
    "zero_excluded": false
  },
  "M512_H32_median_object_anchor_copy_all_minfde": {
    "ci95": [
      1.37359201761999,
      4.9642966161210245
    ],
    "item_count": 257,
    "mean_delta": 3.0021378214721084,
    "zero_excluded": true
  },
  "M512_H32_median_object_anchor_copy_all_miss32": {
    "ci95": [
      -0.0311284046692607,
      0.011673151750972763
    ],
    "item_count": 257,