{
  "audit_name": "stwm_semantic_memory_world_model_v2_significance",
  "bootstrap_unit": "seed_level_due_current_eval_reports_not_saving_item_level_scores",
  "c32": {
    "prototype_count": 32,
    "residual_vs_copy_changed_top5": {
      "ci95": [
        0.035992390279325916,
        0.07573533312386815
      ],
      "mean_delta": 0.05586386170159704,
      "zero_excluded": true
    },
    "residual_vs_copy_overall_top5": {
      "ci95": [
        0.016947886408987728,
        0.05110971486404241
      ],
      "mean_delta": 0.03402880063651507,
      "zero_excluded": true
    },
    "seed_count": 3,
    "seed_mean_std": {
      "changed_subset_gain_over_copy": {
        "mean": 0.05586386170159704,
        "std": 0.014338012443716937
      },
      "heldout_top5": {
        "mean": 0.7173373174501543,
        "std": 0.012324520693010573
      }
    },
    "stable_preservation_drop": {
      "ci95": [
        -0.0012698452488905422,
        0.022433857041962282
      ],
      "mean_delta": 0.01058200589653587,
      "zero_excluded": false
    }
  },
  "c64": {
    "prototype_count": 64,
    "residual_vs_copy_changed_top5": {
      "ci95": [
        0.09068633184987278,
        0.11626289467135302
      ],
      "mean_delta": 0.1034746132606129,
      "zero_excluded": true
    },
    "residual_vs_copy_overall_top5": {
      "ci95": [
        0.04877536941648097,
        0.061507787293289436
      ],
      "mean_delta": 0.0551415783548852,
      "zero_excluded": true
    },
    "seed_count": 3,
    "seed_mean_std": {
      "changed_subset_gain_over_copy": {
        "mean": 0.1034746132606129,
        "std": 0.009227225005363476
      },
      "heldout_top5": {
        "mean": 0.6810730422573544,
        "std": 0.0045934586844857605
      }
    },
    "stable_preservation_drop": {
      "ci95": [
        0.022444310639701592,
        0.047207426332811844
      ],
      "mean_delta": 0.03482586848625672,
      "zero_excluded": true
    }
  },
  "item_level_bootstrap_required_before_paper_claim": true,
  "v2_residual_vs_copy": {
    "prototype_count": 64,
    "residual_vs_copy_changed_top5": {
      "ci95": [
        0.09068633184987278,
        0.11626289467135302
      ],
      "mean_delta": 0.1034746132606129,
      "zero_excluded": true
    },
    "residual_vs_copy_overall_top5": {
      "ci95": [
        0.04877536941648097,
        0.061507787293289436
      ],
      "mean_delta": 0.0551415783548852,
      "zero_excluded": true
    },
    "seed_count": 3,
    "seed_mean_std": {
      "changed_subset_gain_over_copy": {
        "mean": 0.1034746132606129,
        "std": 0.009227225005363476
      },
      "heldout_top5": {
        "mean": 0.6810730422573544,
        "std": 0.0045934586844857605
      }
    },
    "stable_preservation_drop": {
      "ci95": [
        0.022444310639701592,
        0.047207426332811844
      ],
      "mean_delta": 0.03482586848625672,
      "zero_excluded": true
    }
  }
}
