{
  "generated_at_utc": "2026-05-15T17:08:56.878353+00:00",
  "video_identity_pairwise_retrieval_eval_done": true,
  "seed": 42,
  "target_root": "outputs/cache/stwm_ostf_v35_27_expanded_video_identity_pairwise_retrieval_targets/M128_H32",
  "measurement_baseline": {
    "val": {
      "identity_retrieval_exclude_same_point_top1": 0.8332248263888888,
      "identity_retrieval_same_frame_top1": 0.8332248263888888,
      "identity_retrieval_instance_pooled_top1": 0.8315700954861112,
      "identity_confuser_separation": 0.1636424322012301,
      "identity_confuser_avoidance_top1": 0.827885855244716,
      "occlusion_reappear_retrieval_top1": 0.8756498232480765,
      "trajectory_crossing_retrieval_top1": 0.8165667937776163,
      "same_pair_similarity_mean": 0.9983728883147552,
      "confuser_pair_similarity_mean": 0.8347304561135251,
      "confuser_pair_count": 16799706.0,
      "occlusion_reappear_total": 4809.0,
      "trajectory_crossing_total": 33042.0
    },
    "test": {
      "identity_retrieval_exclude_same_point_top1": 0.86556976010101,
      "identity_retrieval_same_frame_top1": 0.86556976010101,
      "identity_retrieval_instance_pooled_top1": 0.8516808712121212,
      "identity_confuser_separation": 0.15979838617094688,
      "identity_confuser_avoidance_top1": 0.8615660392732013,
      "occlusion_reappear_retrieval_top1": 0.9332519332519332,
      "trajectory_crossing_retrieval_top1": 0.8563259154180335,
      "same_pair_similarity_mean": 0.9984144997996854,
      "confuser_pair_similarity_mean": 0.8386161136287386,
      "confuser_pair_count": 13046182.0,
      "occlusion_reappear_total": 4914.0,
      "trajectory_crossing_total": 22558.0
    }
  },
  "learned_identity_head": {
    "val": {
      "identity_retrieval_exclude_same_point_top1": 0.9024522569444444,
      "identity_retrieval_same_frame_top1": 0.9024522569444444,
      "identity_retrieval_instance_pooled_top1": 0.8393825954861112,
      "identity_confuser_separation": 0.47990098206305265,
      "identity_confuser_avoidance_top1": 0.8992263272971912,
      "occlusion_reappear_retrieval_top1": 0.9638178415470992,
      "trajectory_crossing_retrieval_top1": 0.8911990799588403,
      "same_pair_similarity_mean": 0.9648390264753073,
      "confuser_pair_similarity_mean": 0.48493804441225463,
      "confuser_pair_count": 16799706.0,
      "occlusion_reappear_total": 4809.0,
      "trajectory_crossing_total": 33042.0
    },
    "test": {
      "identity_retrieval_exclude_same_point_top1": 0.9808238636363636,
      "identity_retrieval_same_frame_top1": 0.9808238636363636,
      "identity_retrieval_instance_pooled_top1": 0.8662405303030303,
      "identity_confuser_separation": 0.47525850795262276,
      "identity_confuser_avoidance_top1": 0.9802819196610446,
      "occlusion_reappear_retrieval_top1": 0.9743589743589743,
      "trajectory_crossing_retrieval_top1": 0.9784998670094867,
      "same_pair_similarity_mean": 0.9687726472808952,
      "confuser_pair_similarity_mean": 0.4935141393282724,
      "confuser_pair_count": 13046182.0,
      "occlusion_reappear_total": 4914.0,
      "trajectory_crossing_total": 22558.0
    }
  },
  "v30_backbone_frozen": true,
  "future_leakage_detected": false,
  "trajectory_degraded": false
}