{
  "best_random_seed_by_event_AP": 4,
  "best_random_seed_by_event_AUROC": 1,
  "checkpoint": "outputs/checkpoints/stage2_tusb_v3p1_medium_semantic_state_v1_20260427/latest.pt",
  "event_AP_max": 0.8488019905107611,
  "event_AP_mean": 0.6192627921940244,
  "event_AP_min": 0.4518733525209178,
  "event_AP_std": 0.14281798445995952,
  "event_AUROC_max": 0.7861111111111111,
  "event_AUROC_mean": 0.4943888888888889,
  "event_AUROC_min": 0.21416666666666667,
  "event_AUROC_std": 0.19730842404096907,
  "event_positive_rate_mean": 0.5949820796007751,
  "exact_blocking_reason": null,
  "failed_seed_count": 0,
  "generated_at_utc": "2026-04-28T06:31:25.766319+00:00",
  "manifest": "reports/stwm_external_baseline_item_manifest_20260426.json",
  "max_items": 256,
  "mode": "full_model_free_rollout",
  "per_horizon_AP_max": 0.9067754939749451,
  "per_horizon_AP_mean": 0.220448628280088,
  "per_horizon_AP_min": 0.1294839534819414,
  "per_horizon_AP_std": 0.22971085437503497,
  "per_horizon_AUROC_max": 0.9566286062930358,
  "per_horizon_AUROC_mean": 0.22310816700078445,
  "per_horizon_AUROC_min": 0.0014294430401812952,
  "per_horizon_AUROC_std": 0.27297776844845073,
  "per_horizon_positive_rate_mean": 0.21639784982287752,
  "per_seed": [
    {
      "eval_path": "outputs/reappearance_random_head_baseline_v1_20260427/reappearance_random_head_seed_000_eval.json",
      "event_AP": 0.46825903966165466,
      "event_AUROC": 0.25,
      "event_positive_rate": 0.5949820796007751,
      "export_path": "outputs/reappearance_random_head_baseline_v1_20260427/reappearance_random_head_seed_000_export.json",
      "output_degenerate": false,
      "per_horizon_AP": 0.9067754939749451,
      "per_horizon_AUROC": 0.9566286062930358,
      "per_horizon_positive_rate": 0.21639784982287755,
      "seed": 0,
      "valid_output_ratio": 1.0
    },
    {
      "eval_path": "outputs/reappearance_random_head_baseline_v1_20260427/reappearance_random_head_seed_001_eval.json",
      "event_AP": 0.8303217071229131,
      "event_AUROC": 0.7861111111111111,
      "event_positive_rate": 0.5949820796007751,
      "export_path": "outputs/reappearance_random_head_baseline_v1_20260427/reappearance_random_head_seed_001_export.json",
      "output_degenerate": false,
      "per_horizon_AP": 0.14871892848574747,
      "per_horizon_AUROC": 0.21425375519335252,
      "per_horizon_positive_rate": 0.21639784982287755,
      "seed": 1,
      "valid_output_ratio": 1.0
    },
    {
      "eval_path": "outputs/reappearance_random_head_baseline_v1_20260427/reappearance_random_head_seed_002_eval.json",
      "event_AP": 0.49551964662023656,
      "event_AUROC": 0.31472222222222224,
      "event_positive_rate": 0.5949820796007751,
      "export_path": "outputs/reappearance_random_head_baseline_v1_20260427/reappearance_random_head_seed_002_export.json",
      "output_degenerate": false,
      "per_horizon_AP": 0.13230856582649603,
      "per_horizon_AUROC": 0.06601005258723379,
      "per_horizon_positive_rate": 0.21639784982287755,
      "seed": 2,
      "valid_output_ratio": 1.0
    },
    {
      "eval_path": "outputs/reappearance_random_head_baseline_v1_20260427/reappearance_random_head_seed_003_eval.json",
      "event_AP": 0.5859014691533058,
      "event_AUROC": 0.48388888888888887,
      "event_positive_rate": 0.5949820796007751,
      "export_path": "outputs/reappearance_random_head_baseline_v1_20260427/reappearance_random_head_seed_003_export.json",
      "output_degenerate": false,
      "per_horizon_AP": 0.13694544499057773,
      "per_horizon_AUROC": 0.12411749324501002,
      "per_horizon_positive_rate": 0.21639784982287755,
      "seed": 3,
      "valid_output_ratio": 1.0
    },
    {
      "eval_path": "outputs/reappearance_random_head_baseline_v1_20260427/reappearance_random_head_seed_004_eval.json",
      "event_AP": 0.8488019905107611,
      "event_AUROC": 0.785,
      "event_positive_rate": 0.5949820796007751,
      "export_path": "outputs/reappearance_random_head_baseline_v1_20260427/reappearance_random_head_seed_004_export.json",
      "output_degenerate": false,
      "per_horizon_AP": 0.1294839534819414,
      "per_horizon_AUROC": 0.0014294430401812952,
      "per_horizon_positive_rate": 0.21639784982287755,
      "seed": 4,
      "valid_output_ratio": 1.0
    },
    {
      "eval_path": "outputs/reappearance_random_head_baseline_v1_20260427/reappearance_random_head_seed_005_eval.json",
      "event_AP": 0.4518733525209178,
      "event_AUROC": 0.21416666666666667,
      "event_positive_rate": 0.5949820796007751,
      "export_path": "outputs/reappearance_random_head_baseline_v1_20260427/reappearance_random_head_seed_005_export.json",
      "output_degenerate": false,
      "per_horizon_AP": 0.13027667608723506,
      "per_horizon_AUROC": 0.008832330979981987,
      "per_horizon_positive_rate": 0.21639784982287755,
      "seed": 5,
      "valid_output_ratio": 1.0
    },
    {
      "eval_path": "outputs/reappearance_random_head_baseline_v1_20260427/reappearance_random_head_seed_006_eval.json",
      "event_AP": 0.5192035616656101,
      "event_AUROC": 0.40305555555555556,
      "event_positive_rate": 0.5949820796007751,
      "export_path": "outputs/reappearance_random_head_baseline_v1_20260427/reappearance_random_head_seed_006_export.json",
      "output_degenerate": false,
      "per_horizon_AP": 0.14188224664742213,
      "per_horizon_AUROC": 0.1687904936227084,
      "per_horizon_positive_rate": 0.21639784982287755,
      "seed": 6,
      "valid_output_ratio": 1.0
    },
    {
      "eval_path": "outputs/reappearance_random_head_baseline_v1_20260427/reappearance_random_head_seed_007_eval.json",
      "event_AP": 0.6730262050655423,
      "event_AUROC": 0.59,
      "event_positive_rate": 0.5949820796007751,
      "export_path": "outputs/reappearance_random_head_baseline_v1_20260427/reappearance_random_head_seed_007_export.json",
      "output_degenerate": false,
      "per_horizon_AP": 0.14040395301597733,
      "per_horizon_AUROC": 0.141363781632238,
      "per_horizon_positive_rate": 0.21639784982287755,
      "seed": 7,
      "valid_output_ratio": 1.0
    },
    {
      "eval_path": "outputs/reappearance_random_head_baseline_v1_20260427/reappearance_random_head_seed_008_eval.json",
      "event_AP": 0.7677730739992172,
      "event_AUROC": 0.6666666666666666,
      "event_positive_rate": 0.5949820796007751,
      "export_path": "outputs/reappearance_random_head_baseline_v1_20260427/reappearance_random_head_seed_008_export.json",
      "output_degenerate": false,
      "per_horizon_AP": 0.1339997460246019,
      "per_horizon_AUROC": 0.09802144164560272,
      "per_horizon_positive_rate": 0.21639784982287755,
      "seed": 8,
      "valid_output_ratio": 1.0
    },
    {
      "eval_path": "outputs/reappearance_random_head_baseline_v1_20260427/reappearance_random_head_seed_009_eval.json",
      "event_AP": 0.5519478756200857,
      "event_AUROC": 0.4502777777777778,
      "event_positive_rate": 0.5949820796007751,
      "export_path": "outputs/reappearance_random_head_baseline_v1_20260427/reappearance_random_head_seed_009_export.json",
      "output_degenerate": false,
      "per_horizon_AP": 0.20369127426593567,
      "per_horizon_AUROC": 0.45163427176849996,
      "per_horizon_positive_rate": 0.21639784982287755,
      "seed": 9,
      "valid_output_ratio": 1.0
    }
  ],
  "random_head_distribution_ready": true,
  "repo_root": "/raid/chen034/workspace/stwm",
  "seed_list": [
    0,
    1,
    2,
    3,
    4,
    5,
    6,
    7,
    8,
    9
  ],
  "successful_seed_count": 10
}
