{
  "audit_name": "stwm_mixed_fullscale_v2_significance",
  "bootstrap_unit": "item",
  "candidate_scorer_used": false,
  "future_candidate_leakage": false,
  "mixed": {
    "changed_item_count": 620,
    "item_count": 647,
    "low_sample_warning": false,
    "residual_vs_copy_ce_improvement": {
      "bootstrap_win_rate": 0.9876352395672334,
      "ci95": [
        0.33420231321127003,
        0.35743493542328497
      ],
      "item_count": 647,
      "mean_delta": 0.34630058666653757,
      "zero_excluded": true
    },
    "residual_vs_copy_changed_top5": {
      "bootstrap_win_rate": 0.36129032258064514,
      "ci95": [
        0.02622854734290271,
        0.05458451098191641
      ],
      "item_count": 620,
      "mean_delta": 0.04022777123797324,
      "zero_excluded": true
    },
    "residual_vs_copy_overall_top5": {
      "bootstrap_win_rate": 0.3446676970633694,
      "ci95": [
        0.016332344692977722,
        0.030950325459725512
      ],
      "item_count": 647,
      "mean_delta": 0.023523522215611783,
      "zero_excluded": true
    },
    "stable_preservation_drop": {
      "bootstrap_win_rate": 0.006339144215530904,
      "ci95": [
        0.00012190651780262991,
        0.0019661225390320905
      ],
      "item_count": 631,
      "mean_delta": 0.0008714473946536588,
      "zero_excluded": true
    }
  },
  "vipseg": {
    "changed_item_count": 394,
    "item_count": 418,
    "low_sample_warning": false,
    "residual_vs_copy_ce_improvement": {
      "bootstrap_win_rate": 0.9856459330143541,
      "ci95": [
        0.33590012177040707,
        0.3650090208392965
      ],
      "item_count": 418,
      "mean_delta": 0.34961057793010364,
      "zero_excluded": true
    },
    "residual_vs_copy_changed_top5": {
      "bootstrap_win_rate": 0.23857868020304568,
      "ci95": [
        -0.007454263047802116,
        0.026804512950501912
      ],
      "item_count": 394,
      "mean_delta": 0.008617218092159571,
      "zero_excluded": false
    },
    "residual_vs_copy_overall_top5": {
      "bootstrap_win_rate": 0.22248803827751196,
      "ci95": [
        -0.0022305326144161975,
        0.012017278039925975
      ],
      "item_count": 418,
      "mean_delta": 0.004842975101117312,
      "zero_excluded": false
    },
    "stable_preservation_drop": {
      "bootstrap_win_rate": 0.004866180048661801,
      "ci95": [
        0.0,
        0.0013101245945097465
      ],
      "item_count": 411,
      "mean_delta": 0.00046790168233161423,
      "zero_excluded": false
    }
  },
  "vspw": {
    "changed_item_count": 226,
    "item_count": 229,
    "low_sample_warning": false,
    "residual_vs_copy_ce_improvement": {
      "bootstrap_win_rate": 0.9912663755458515,
      "ci95": [
        0.3226143183796687,
        0.3581069515391729
      ],
      "item_count": 229,
      "mean_delta": 0.34025876907282,
      "zero_excluded": true
    },
    "residual_vs_copy_changed_top5": {
      "bootstrap_win_rate": 0.5752212389380531,
      "ci95": [
        0.07223243535356184,
        0.11918091847256354
      ],
      "item_count": 226,
      "mean_delta": 0.09533643468686964,
      "zero_excluded": true
    },
    "residual_vs_copy_overall_top5": {
      "bootstrap_win_rate": 0.5676855895196506,
      "ci95": [
        0.04340518575047822,
        0.07310839003057719
      ],
      "item_count": 229,
      "mean_delta": 0.0576216387826803,
      "zero_excluded": true
    },
    "stable_preservation_drop": {
      "bootstrap_win_rate": 0.00909090909090909,
      "ci95": [
        0.0,
        0.0044628094543110244
      ],
      "item_count": 220,
      "mean_delta": 0.001625344157218933,
      "zero_excluded": false
    }
  }
}
