{
  "generated_at_utc": "2026-04-30T17:45:28.592864+00:00",
  "rows": [
    {
      "changed_top5_copy": 0.6784901947777398,
      "changed_top5_gain": 0.08164124822622099,
      "changed_top5_stwm": 0.7601314430039607,
      "dataset": "mixed",
      "stable_preservation_drop": 0.00020451294277912258,
      "stable_top5_copy": 0.9999999961642385,
      "stable_top5_stwm": 0.9997954832214594
    },
    {
      "changed_top5_copy": 0.5568358849087855,
      "changed_top5_gain": 0.135471813729928,
      "changed_top5_stwm": 0.6923076986387136,
      "dataset": "VSPW",
      "stable_preservation_drop": 0.0003981684015111897,
      "stable_top5_copy": 0.9999999982319148,
      "stable_top5_stwm": 0.9996018298304036
    },
    {
      "changed_top5_copy": 0.8219203357688217,
      "changed_top5_gain": 0.018175139971253862,
      "changed_top5_stwm": 0.8400954757400756,
      "dataset": "VIPSeg",
      "stable_preservation_drop": 0.00010366996442434662,
      "stable_top5_copy": 0.9999999950875292,
      "stable_top5_stwm": 0.9998963251231049
    }
  ],
  "title": "Stable vs Changed Semantic Prototype Prediction"
}
