{
  "batch_size": 32,
  "checkpoint_path": "outputs/checkpoints/stwm_ostf_v34_2_dual_source_semantic_trace_units_h32_m128/v34_2_dual_source_semantic_trace_units_m128_h32_seed42_best.pt",
  "complete_train_sample_count": 128,
  "dual_source_model_built": true,
  "duration_seconds": 3537.5028376579285,
  "fresh_training_completed": true,
  "future_leakage_detected": false,
  "generated_at_utc": "2026-05-11T08:51:44.697431+00:00",
  "loss_tail": [
    {
      "changed_semantic_loss": 0.4122779667377472,
      "different_instance_unit_separation": 0.08543014526367188,
      "future_semantic_rollout": 0.36126118898391724,
      "identity_bce": 0.20048682391643524,
      "identity_contrastive": 4.914112091064453,
      "identity_hard_bce": 0.1852756291627884,
      "loss": 3.4307920932769775,
      "observed_semantic_reconstruction": 0.2613086998462677,
      "point_assignment_entropy": 0.23167011141777039,
      "same_instance_pair_attraction": 0.19006448984146118,
      "semantic_hard_loss": 0.3748503029346466,
      "semantic_uncertainty_calibration": 0.0796298086643219,
      "stable_semantic_preservation_loss": 0.26591402292251587,
      "step": 1491.0,
      "unit_usage_entropy": 0.683938205242157
    },
    {
      "changed_semantic_loss": 0.40553414821624756,
      "different_instance_unit_separation": 0.08976756036281586,
      "future_semantic_rollout": 0.3492323160171509,
      "identity_bce": 0.20567664504051208,
      "identity_contrastive": 4.839212894439697,
      "identity_hard_bce": 0.1917097419500351,
      "loss": 3.408658266067505,
      "observed_semantic_reconstruction": 0.28891199827194214,
      "point_assignment_entropy": 0.24216270446777344,
      "same_instance_pair_attraction": 0.22922295331954956,
      "semantic_hard_loss": 0.3311212360858917,
      "semantic_uncertainty_calibration": 0.07546361535787582,
      "stable_semantic_preservation_loss": 0.2731497883796692,
      "step": 1492.0,
      "unit_usage_entropy": 0.7016093730926514
    },
    {
      "changed_semantic_loss": 0.4291019141674042,
      "different_instance_unit_separation": 0.08540499210357666,
      "future_semantic_rollout": 0.3615341782569885,
      "identity_bce": 0.20821748673915863,
      "identity_contrastive": 4.941829681396484,
      "identity_hard_bce": 0.15561310946941376,
      "loss": 3.4529287815093994,
      "observed_semantic_reconstruction": 0.28548604249954224,
      "point_assignment_entropy": 0.2337173968553543,
      "same_instance_pair_attraction": 0.2379058450460434,
      "semantic_hard_loss": 0.3627261519432068,
      "semantic_uncertainty_calibration": 0.07968292385339737,
      "stable_semantic_preservation_loss": 0.27215394377708435,
      "step": 1493.0,
      "unit_usage_entropy": 0.6907569169998169
    },
    {
      "changed_semantic_loss": 0.4137820899486542,
      "different_instance_unit_separation": 0.08397595584392548,
      "future_semantic_rollout": 0.369774729013443,
      "identity_bce": 0.21060937643051147,
      "identity_contrastive": 4.944798469543457,
      "identity_hard_bce": 0.18924924731254578,
      "loss": 3.4692938327789307,
      "observed_semantic_reconstruction": 0.26430144906044006,
      "point_assignment_entropy": 0.22430074214935303,
      "same_instance_pair_attraction": 0.17211511731147766,
      "semantic_hard_loss": 0.381954163312912,
      "semantic_uncertainty_calibration": 0.07861193269491196,
      "stable_semantic_preservation_loss": 0.27620890736579895,
      "step": 1494.0,
      "unit_usage_entropy": 0.6723994612693787
    },
    {
      "changed_semantic_loss": 0.41890716552734375,
      "different_instance_unit_separation": 0.0947716161608696,
      "future_semantic_rollout": 0.3508822023868561,
      "identity_bce": 0.1833394467830658,
      "identity_contrastive": 4.877615928649902,
      "identity_hard_bce": 0.24198615550994873,
      "loss": 3.481271982192993,
      "observed_semantic_reconstruction": 0.26897919178009033,
      "point_assignment_entropy": 0.243299663066864,
      "same_instance_pair_attraction": 0.21466843783855438,
      "semantic_hard_loss": 0.3470388352870941,
      "semantic_uncertainty_calibration": 0.07547774165868759,
      "stable_semantic_preservation_loss": 0.26233360171318054,
      "step": 1495.0,
      "unit_usage_entropy": 0.6886051297187805
    },
    {
      "changed_semantic_loss": 0.38913750648498535,
      "different_instance_unit_separation": 0.08513757586479187,
      "future_semantic_rollout": 0.33760690689086914,
      "identity_bce": 0.17021237313747406,
      "identity_contrastive": 4.898944854736328,
      "identity_hard_bce": 0.22172707319259644,
      "loss": 3.387484312057495,
      "observed_semantic_reconstruction": 0.27596479654312134,
      "point_assignment_entropy": 0.23163104057312012,
      "same_instance_pair_attraction": 0.20193645358085632,
      "semantic_hard_loss": 0.3388432562351227,
      "semantic_uncertainty_calibration": 0.07459317147731781,
      "stable_semantic_preservation_loss": 0.27075979113578796,
      "step": 1496.0,
      "unit_usage_entropy": 0.6765604019165039
    },
    {
      "changed_semantic_loss": 0.4151354134082794,
      "different_instance_unit_separation": 0.10007841885089874,
      "future_semantic_rollout": 0.3484405279159546,
      "identity_bce": 0.18088611960411072,
      "identity_contrastive": 4.817148208618164,
      "identity_hard_bce": 0.199208065867424,
      "loss": 3.4056668281555176,
      "observed_semantic_reconstruction": 0.27086079120635986,
      "point_assignment_entropy": 0.23334285616874695,
      "same_instance_pair_attraction": 0.22932390868663788,
      "semantic_hard_loss": 0.3472954332828522,
      "semantic_uncertainty_calibration": 0.07602321356534958,
      "stable_semantic_preservation_loss": 0.25963184237480164,
      "step": 1497.0,
      "unit_usage_entropy": 0.6899859309196472
    },
    {
      "changed_semantic_loss": 0.40897008776664734,
      "different_instance_unit_separation": 0.08756718784570694,
      "future_semantic_rollout": 0.3462035059928894,
      "identity_bce": 0.18132255971431732,
      "identity_contrastive": 4.952295303344727,
      "identity_hard_bce": 0.20602470636367798,
      "loss": 3.4395949840545654,
      "observed_semantic_reconstruction": 0.27946600317955017,
      "point_assignment_entropy": 0.23441721498966217,
      "same_instance_pair_attraction": 0.2294188141822815,
      "semantic_hard_loss": 0.3417019844055176,
      "semantic_uncertainty_calibration": 0.08063855767250061,
      "stable_semantic_preservation_loss": 0.2692115604877472,
      "step": 1498.0,
      "unit_usage_entropy": 0.685400664806366
    },
    {
      "changed_semantic_loss": 0.4142826497554779,
      "different_instance_unit_separation": 0.08476410061120987,
      "future_semantic_rollout": 0.36990079283714294,
      "identity_bce": 0.22656214237213135,
      "identity_contrastive": 4.943429470062256,
      "identity_hard_bce": 0.18579581379890442,
      "loss": 3.483534336090088,
      "observed_semantic_reconstruction": 0.2686895430088043,
      "point_assignment_entropy": 0.22932183742523193,
      "same_instance_pair_attraction": 0.18455618619918823,
      "semantic_hard_loss": 0.3753349483013153,
      "semantic_uncertainty_calibration": 0.08046429604291916,
      "stable_semantic_preservation_loss": 0.2751646041870117,
      "step": 1499.0,
      "unit_usage_entropy": 0.6758389472961426
    },
    {
      "changed_semantic_loss": 0.41177257895469666,
      "different_instance_unit_separation": 0.07451245188713074,
      "future_semantic_rollout": 0.3521217107772827,
      "identity_bce": 0.17778871953487396,
      "identity_contrastive": 4.918107509613037,
      "identity_hard_bce": 0.14912575483322144,
      "loss": 3.3393983840942383,
      "observed_semantic_reconstruction": 0.27361148595809937,
      "point_assignment_entropy": 0.2299160361289978,
      "same_instance_pair_attraction": 0.18811896443367004,