{
  "audit_name": "stwm_ostf_v18_bootstrap",
  "generated_at_utc": "2026-05-02T16:21:15.534458+00:00",
  "v18_m512_vs_constant_velocity_endpoint": {
    "ci95": [
      -0.005283518233186295,
      -2.5591661312409228e-05
    ],
    "item_count": 496,
    "mean_delta": -0.0025920985086310294,
    "metric_available_in_both_reports": true,
    "zero_excluded": true
  },
  "v18_m512_vs_constant_velocity_extent": {
    "ci95": [
      -7.20108424090405e-05,
      1.5997485880387248e-05
    ],
    "item_count": 496,
    "mean_delta": -2.764674975413502e-05,
    "metric_available_in_both_reports": true,
    "zero_excluded": false
  },
  "v18_m512_vs_constant_velocity_point_L1": {
    "ci95": [
      -0.0022768426521290693,
      0.0008153300912630154
    ],
    "item_count": 496,
    "mean_delta": -0.0006817444678275815,
    "metric_available_in_both_reports": true,
    "zero_excluded": false
  },
  "v18_m512_vs_point_transformer_extent": {
    "ci95": [
      null,
      null
    ],
    "item_count": 0,
    "mean_delta": null,
    "metric_available_in_both_reports": false,
    "zero_excluded": false
  },
  "v18_m512_vs_point_transformer_point_L1": {
    "ci95": [
      114.05746669048263,
      128.7293144547876
    ],
    "item_count": 496,
    "mean_delta": 121.01130311191082,
    "metric_available_in_both_reports": true,
    "zero_excluded": true
  },
  "v18_m512_vs_v17_m512_extent": {
    "ci95": [
      null,
      null
    ],
    "item_count": 0,
    "mean_delta": null,
    "metric_available_in_both_reports": false,
    "zero_excluded": false
  },
  "v18_m512_vs_v17_m512_point_L1": {
    "ci95": [
      122.57935384261542,
      137.40439995970397
    ],
    "item_count": 496,
    "mean_delta": 129.6328560407123,
    "metric_available_in_both_reports": true,
    "zero_excluded": true
  }
}
