{
  "generated_at_utc": "2026-04-23T08:49:20.732644+00:00",
  "source_final_eval_report": "/raid/chen034/workspace/stwm/reports/stwm_lightreadout_final_eval_20260422.json",
  "official_tusb_method": "TUSB-v3.1::official(best_semantic_hard.pt+hybrid_light)",
  "used_checkpoint": "best_semantic_hard.pt",
  "used_scoring_mode": "hybrid_light",
  "split_definition": {
    "rule": "stable protocol_item_id hash using sha256(last8_hex) % 10; buckets {0,1,2} -> val, others -> test",
    "split_sizes": {
      "val_items": 44,
      "test_items": 105
    },
    "val_item_ids_hash": "020b0d99ddc572d5894d8fdd92d94c30de4e5c24e66203bc02f6dc9e29f6e9a8",
    "test_item_ids_hash": "03d59b6e612d1970f60ab7bbf208e0d3df17df7b0c45400376ec4a8e4dc8352e",
    "leakage_check_passed": true,
    "parameter_tuning_note": "no probe parameters were tuned; the held-out split is still emitted to enforce the no test-time tuning rule"
  },
  "probe_a": {
    "TUSB-v3.1::official(best_semantic_hard.pt+hybrid_light)": {
      "count": 630,
      "top1": 0.20793650793650795,
      "top5": 0.7888888888888889,
      "mrr": 0.43763508951884283,
      "candidate_confusion_rate": 0.792063492063492
    },
    "calibration-only::best.pt": {
      "count": 630,
      "top1": 0.17142857142857143,
      "top5": 0.7682539682539683,
      "mrr": 0.40927975191630656,
      "candidate_confusion_rate": 0.8285714285714286
    },
    "cropenc::best.pt": {
      "count": 630,
      "top1": 0.173015873015873,
      "top5": 0.7634920634920634,
      "mrr": 0.40782175629867085,
      "candidate_confusion_rate": 0.8269841269841269
    },
    "legacysem::best.pt": {
      "count": 630,
      "top1": 0.17936507936507937,
      "top5": 0.7888888888888889,
      "mrr": 0.4195736766635944,
      "candidate_confusion_rate": 0.8206349206349206
    }
  },
  "probe_b": {
    "TUSB-v3.1::official(best_semantic_hard.pt+hybrid_light)": {
      "count": 384,
      "top1": 0.21354166666666666,
      "mrr": 0.45709569144771356,
      "false_confuser_rate": 0.7864583333333334
    },
    "calibration-only::best.pt": {
      "count": 384,
      "top1": 0.17447916666666666,
      "mrr": 0.42044628102187853,
      "false_confuser_rate": 0.8255208333333334
    },
    "cropenc::best.pt": {
      "count": 384,
      "top1": 0.17708333333333334,
      "mrr": 0.42117685306453057,
      "false_confuser_rate": 0.8229166666666666
    },
    "legacysem::best.pt": {
      "count": 384,
      "top1": 0.17708333333333334,
      "mrr": 0.4260673728555195,
      "false_confuser_rate": 0.8229166666666666
    }
  },
  "hard_subset_breakdown": {
    "crossing_ambiguity": {
      "TUSB-v3.1::official(best_semantic_hard.pt+hybrid_light)": {
        "count": 468,
        "top1": 0.21581196581196582,
        "top5": 0.7457264957264957,
        "mrr": 0.43176508285859694,
        "candidate_confusion_rate": 0.7841880341880342
      },
      "calibration-only::best.pt": {
        "count": 468,
        "top1": 0.16666666666666666,
        "top5": 0.7136752136752137,
        "mrr": 0.3950621813036971,
        "candidate_confusion_rate": 0.8333333333333334
      },
      "cropenc::best.pt": {
        "count": 468,
        "top1": 0.16880341880341881,
        "top5": 0.7072649572649573,
        "mrr": 0.3936336829295297,
        "candidate_confusion_rate": 0.8311965811965812
      },
      "legacysem::best.pt": {
        "count": 468,
        "top1": 0.18803418803418803,
        "top5": 0.7414529914529915,
        "mrr": 0.4089041251790146,
        "candidate_confusion_rate": 0.811965811965812
      }
    },
    "appearance_change": {
      "TUSB-v3.1::official(best_semantic_hard.pt+hybrid_light)": {
        "count": 438,
        "top1": 0.19406392694063926,
        "top5": 0.8036529680365296,
        "mrr": 0.4276456017793648,
        "candidate_confusion_rate": 0.8059360730593608
      },
      "calibration-only::best.pt": {
        "count": 438,
        "top1": 0.1780821917808219,
        "top5": 0.8036529680365296,
        "mrr": 0.4178291267332362,
        "candidate_confusion_rate": 0.821917808219178
      },
      "cropenc::best.pt": {
        "count": 438,
        "top1": 0.1780821917808219,
        "top5": 0.7968036529680366,
        "mrr": 0.41540144056260075,
        "candidate_confusion_rate": 0.821917808219178
      },
      "legacysem::best.pt": {
        "count": 438,
        "top1": 0.1735159817351598,
        "top5": 0.8333333333333334,
        "mrr": 0.42220601569916616,
        "candidate_confusion_rate": 0.8264840182648402
      }
    },
    "occlusion_reappearance": {
      "TUSB-v3.1::official(best_semantic_hard.pt+hybrid_light)": {
        "count": 384,
        "top1": 0.21354166666666666,
        "top5": 0.8307291666666666,
        "mrr": 0.45709569144771356,
        "candidate_confusion_rate": 0.7864583333333334
      },
      "calibration-only::best.pt": {
        "count": 384,
        "top1": 0.17447916666666666,
        "top5": 0.796875,
        "mrr": 0.42044628102187853,
        "candidate_confusion_rate": 0.8255208333333334
      },
      "cropenc::best.pt": {
        "count": 384,
        "top1": 0.17708333333333334,
        "top5": 0.7942708333333334,
        "mrr": 0.42117685306453057,
        "candidate_confusion_rate": 0.8229166666666666
      },
      "legacysem::best.pt": {
        "count": 384,
        "top1": 0.17708333333333334,
        "top5": 0.796875,
        "mrr": 0.4260673728555195,
        "candidate_confusion_rate": 0.8229166666666666
      }
    },
    "long_gap_persistence": {
      "TUSB-v3.1::official(best_semantic_hard.pt+hybrid_light)": {
        "count": 198,
        "top1": 0.2676767676767677,
        "top5": 0.9141414141414141,
        "mrr": 0.5281325156325154,
        "candidate_confusion_rate": 0.7323232323232324
      },
      "calibration-only::best.pt": {
        "count": 198,
        "top1": 0.21212121212121213,
        "top5": 0.8787878787878788,
        "mrr": 0.4901875901875902,
        "candidate_confusion_rate": 0.7878787878787878
      },
      "cropenc::best.pt": {
        "count": 198,
        "top1": 0.24242424242424243,
        "top5": 0.8787878787878788,
        "mrr": 0.504076479076479,
        "candidate_confusion_rate": 0.7575757575757576
      },
      "legacysem::best.pt": {
        "count": 198,
        "top1": 0.24242424242424243,
        "top5": 0.8787878787878788,
        "mrr": 0.5075637325637326,
        "candidate_confusion_rate": 0.7575757575757576
      }
    },
    "small_object": {
      "TUSB-v3.1::official(best_semantic_hard.pt+hybrid_light)": {
        "count": 564,
        "top1": 0.20921985815602837,
        "top5": 0.776595744680851,
        "mrr": 0.43393804747841047,
        "candidate_confusion_rate": 0.7907801418439716
      },
      "calibration-only::best.pt": {
        "count": 564,
        "top1": 0.1595744680851064,
        "top5": 0.7411347517730497,
        "mrr": 0.39830894274339185,
        "candidate_confusion_rate": 0.8404255319148937
      },
      "cropenc::best.pt": {
        "count": 564,
        "top1": 0.15780141843971632,
        "top5": 0.7358156028368794,
        "mrr": 0.39416851028634053,
        "candidate_confusion_rate": 0.8421985815602837
      },
      "legacysem::best.pt": {
        "count": 564,
        "top1": 0.17907801418439717,
        "top5": 0.7659574468085106,
        "mrr": 0.4135604307885305,
        "candidate_confusion_rate": 0.8209219858156028
      }
    }
  },
  "probe_a_improved_vs_calibration": true,
  "probe_b_improved_vs_calibration": true,
  "probe_a_improved_vs_cropenc": true,
  "probe_b_improved_vs_cropenc": true,
  "probe_a_improved_vs_legacysem": true,
  "probe_b_improved_vs_legacysem": true,
  "utility_improved_vs_calibration": true,
  "utility_improved_vs_cropenc": true,
  "utility_improved_vs_legacysem": true,
  "utility_hard_subset_improved": true,
  "leakage_check_passed": true,
  "utility_claim_ready": true,
  "exact_blocking_reason": ""
}
