{
  "generated_at_utc": "2026-05-15T09:03:35.629765+00:00",
  "checkpoint_path": "outputs/checkpoints/stwm_ostf_v35_7_dual_path_identity_retrieval_head_h32_m128/v35_semantic_state_head_m128_h32_seed42_last.pt",
  "val": {
    "global_top1": 0.159369395357004,
    "global_top5": 0.2983833544454617,
    "stable_top1": 0.3654322735962614,
    "stable_top5": 0.538321481676293,
    "changed_top1": 0.04074947113931701,
    "changed_top5": 0.16709579933514657,
    "hard_top1": 0.1505442046973458,
    "hard_top5": 0.294710712239832,
    "copy_global_top1": 0.4001563551687089,
    "copy_stable_top1": 0.9681977726302586,
    "copy_changed_top1": 0.13277727410093684,
    "copy_hard_top1": 0.3421615428680542,
    "family_top1": 0.7480215218291046,
    "family_top3": 0.9705642582117818,
    "effective_units": 3.9000322818756104,
    "unit_semantic_purity": 0.3294578689528238,
    "unit_dominant_instance_purity": 0.39528407985057146,
    "identity_retrieval_exclude_same_point_top1": 0.8633223509405888,
    "identity_retrieval_same_frame_top1": 0.8633223509405888,
    "identity_retrieval_instance_pooled_top1": 0.7235772357723578,
    "identity_same_pair_similarity": 0.7662276476106571,
    "identity_confuser_pair_similarity": 0.4593634574792582,
    "identity_confuser_separation": 0.3068641901313989,
    "semantic_changed_metrics": {
      "roc_auc": 0.6611766822016643,
      "balanced_accuracy": 0.6308980779148385,
      "f1": 0.7649407021525868,
      "positive_ratio": 0.6916834936600905
    },
    "same_instance_metrics": {
      "roc_auc": 0.49452145595447133,
      "balanced_accuracy": 0.506541584463886,
      "f1": 0.9062950105255383,
      "positive_ratio": 0.9381110218293827
    },
    "uncertainty_high_metrics": {
      "roc_auc": 0.5884867416753249,
      "balanced_accuracy": 0.573532254465995,
      "f1": 0.4817725752508361,
      "positive_ratio": 0.30000543480532943
    }
  },
  "test": {
    "global_top1": 0.20282489566600825,
    "global_top5": 0.34223855016101634,
    "stable_top1": 0.47459833966137455,
    "stable_top5": 0.6478171821763076,
    "changed_top1": 0.07449213573154767,
    "changed_top5": 0.2043903343826193,
    "hard_top1": 0.17665463107079932,
    "hard_top5": 0.3219508726465406,
    "copy_global_top1": 0.38981715612054324,
    "copy_stable_top1": 0.9640703481769064,
    "copy_changed_top1": 0.1463256621657585,
    "copy_hard_top1": 0.35495263453136233,
    "family_top1": 0.7650679035592686,
    "family_top3": 0.971685714505307,
    "effective_units": 4.413626670837402,
    "unit_semantic_purity": 0.33170158470723055,
    "unit_dominant_instance_purity": 0.35365021160845306,
    "identity_retrieval_exclude_same_point_top1": 0.8109398638426626,
    "identity_retrieval_same_frame_top1": 0.8109398638426626,
    "identity_retrieval_instance_pooled_top1": 0.6774551507305345,
    "identity_same_pair_similarity": 0.5897680083482553,
    "identity_confuser_pair_similarity": 0.3923348439485241,
    "identity_confuser_separation": 0.1974331643997312,
    "semantic_changed_metrics": {
      "roc_auc": 0.6566352616066378,
      "balanced_accuracy": 0.6212357949696365,
      "f1": 0.7503308860959965,
      "positive_ratio": 0.714772386654472
    },
    "same_instance_metrics": {
      "roc_auc": 0.5222245396082801,
      "balanced_accuracy": 0.513496333202301,
      "f1": 0.896751675313678,
      "positive_ratio": 0.9098111669505635
    },
    "uncertainty_high_metrics": {
      "roc_auc": 0.5928583683308899,
      "balanced_accuracy": 0.5762691364546173,
      "f1": 0.4735526191698714,
      "positive_ratio": 0.3000053800216738
    }
  },
  "thresholds_from_val": {
    "semantic_changed": 0.8221489787101746,
    "same_instance": 0.7177926748991013,
    "uncertainty_high": 0.10528453439474106
  },
  "interventions_val": {
    "zero_semantic_measurements": {
      "hard_top5_delta_vs_normal": 0.16507542486156196,
      "changed_top5_delta_vs_normal": 0.06285282562707767,
      "global_top5_delta_vs_normal": 0.1977140372660421
    },
    "shuffle_semantic_measurements": {
      "hard_top5_delta_vs_normal": 0.13267137674240978,
      "changed_top5_delta_vs_normal": 0.038833484436385624,
      "global_top5_delta_vs_normal": 0.15298977002412215
    },
    "shuffle_assignment": {
      "hard_top5_delta_vs_normal": 0.06303227038380754,
      "changed_top5_delta_vs_normal": 0.031653067391961304,
      "global_top5_delta_vs_normal": 0.06602452351389426
    },
    "zero_unit_memory": {
      "hard_top5_delta_vs_normal": -0.09887340080198587,
      "changed_top5_delta_vs_normal": -0.015998791175581756,
      "global_top5_delta_vs_normal": -0.12258412451557071
    }
  },
  "v30_backbone_frozen": true,
  "future_leakage_detected": false,
  "trajectory_degraded": false,
  "teacher_as_method": false,
  "中文结论": "V35 semantic state head 已完成 seed42 评估；本结果只验证低维 semantic state head，不代表完整 semantic field success。"
}