{
  "audit_name": "stwm_semantic_field_debug_v1_semantic_input_audit",
  "future_hidden_stats": {
    "available": 1.0,
    "mean": 5.596110440819757e-06,
    "norm_mean": 28.631107330322266,
    "std": 0.9182745218276978,
    "var": 0.8432281017303467
  },
  "future_semantic_proto_logits_stats": {
    "available": 1.0,
    "mean": -0.06256996840238571,
    "norm_mean": 4.025537490844727,
    "std": 0.5307007431983948,
    "var": 0.2816433012485504
  },
  "hidden_has_nonzero_semantic_variance": true,
  "prototype_target_info": {
    "batch_item_keys": [
      "VSPW::0_wHveSGjXyDY",
      "VSPW::1000_0ua44iVDuuY",
      "VSPW::1000_TI-3Jlujxlk",
      "VSPW::1001_3iEIq5HBY1s"
    ],
    "cache_available": true,
    "cache_hit_ratio": 1.0,
    "cache_path": "outputs/cache/stwm_future_semantic_trace_prototype_targets_v2_c64_20260428/prototype_targets.npz",
    "feature_backbone": "openai_clip_vit_b_32_local",
    "no_candidate_leakage": true,
    "prototype_count": 64,
    "prototype_entropy": 3.98632305249733,
    "target_valid_ratio": 0.80078125
  },
  "prototype_target_valid_ratio": 0.80078125,
  "semantic_encoder_output_stats": {
    "available": 1.0,
    "mean": -0.0035662916488945484,
    "norm_mean": 15.928215026855469,
    "std": 0.9956128597259521,
    "var": 0.9912449717521667
  },
  "semantic_features_stats": {
    "available": 1.0,
    "mean": 0.4085410237312317,
    "norm_mean": 1.3571230173110962,
    "std": 0.3147999942302704,
    "var": 0.09909903258085251
  },
  "semantic_fusion_gate_mean": 0.02812635339796543,
  "semantic_fusion_gate_std": 0.12764562666416168,
  "semantic_input_nonempty": true,
  "semantic_input_valid": true,
  "semantic_mask_crop_nonzero_ratio": 0.39267730712890625,
  "semantic_rgb_crop_nonzero_ratio": 0.8426717519760132,
  "semantic_tokens_variance_across_slots": 0.21387416124343872,
  "z_sem_stats": {
    "available": 1.0,
    "mean": -0.00011076311056967825,
    "norm_mean": 19.374757766723633,
    "std": 0.9887139797210693,
    "var": 0.9775552749633789
  }
}
