{
  "audit_name": "stwm_fstf_full_scaling_laws_v12",
  "completed_eval_count": 39,
  "completed_eval_names": [
    "v11_model_base_seed123",
    "v11_model_base_seed42",
    "v11_model_base_seed456",
    "v11_model_large_seed123",
    "v11_model_large_seed42",
    "v11_model_large_seed456",
    "v11_model_small_seed123",
    "v11_model_small_seed42",
    "v11_model_small_seed456",
    "v11_prototype_c128_seed123",
    "v11_prototype_c128_seed42",
    "v11_prototype_c128_seed456",
    "v11_prototype_c16_seed123",
    "v11_prototype_c16_seed42",
    "v11_prototype_c16_seed456",
    "v11_prototype_c32_seed123",
    "v11_prototype_c32_seed42",
    "v11_prototype_c32_seed456",
    "v11_prototype_c64_seed123",
    "v11_prototype_c64_seed42",
    "v11_prototype_c64_seed456",
    "v12_density_k16_seed123",
    "v12_density_k16_seed42",
    "v12_density_k16_seed456",
    "v12_density_k32_seed123",
    "v12_density_k32_seed42",
    "v12_density_k32_seed456",
    "v12_density_k8_seed123",
    "v12_density_k8_seed42",
    "v12_density_k8_seed456",
    "v12_horizon_h16_seed123",
    "v12_horizon_h16_seed42",
    "v12_horizon_h16_seed456",
    "v12_horizon_h24_seed123",
    "v12_horizon_h24_seed42",
    "v12_horizon_h24_seed456",
    "v12_horizon_h8_seed123",
    "v12_horizon_h8_seed42",
    "v12_horizon_h8_seed456"
  ],
  "dense_trace_field_claim_allowed": true,
  "expected_eval_count": 39,
  "future_hidden_load_bearing_retained_at_H16_H24": true,
  "generated_at_utc": "2026-05-02T05:10:40.974285+00:00",
  "horizon_scaling": {
    "changed_gain": {
      "mean": 0.09456004141070024,
      "std": 0.022659464845480957
    },
    "overall_top5": {
      "mean": 0.8082064873304576,
      "std": 0.023051985246207822
    },
    "run_count": 9,
    "runs": [
      {
        "axis": "horizon",
        "changed_gain": 0.10550979851197273,
        "proto_top5": 0.8193437838492135,
        "report_path": "reports/stwm_fstf_scaling_v12_horizon_h16_seed123_eval_20260502.json",
        "seed": 123,
        "stable_drop": 0.03921229761279832,
        "trace_error": 0.050096499779635296,
        "value": "H16"
      },
      {
        "axis": "horizon",
        "changed_gain": 0.09926157481270104,
        "proto_top5": 0.8149793549353628,
        "report_path": "reports/stwm_fstf_scaling_v12_horizon_h16_seed42_eval_20260502.json",
        "seed": 42,
        "stable_drop": 0.04128519355952176,
        "trace_error": 0.050096499779635296,
        "value": "H16"
      },
      {
        "axis": "horizon",
        "changed_gain": 0.042317522187140355,
        "proto_top5": 0.7785831259883079,
        "report_path": "reports/stwm_fstf_scaling_v12_horizon_h16_seed456_eval_20260502.json",
        "seed": 456,
        "stable_drop": 0.05268612546605911,
        "trace_error": 0.050096499779635296,
        "value": "H16"
      },
      {
        "axis": "horizon",
        "changed_gain": 0.11264367730827762,
        "proto_top5": 0.8332170874563486,
        "report_path": "reports/stwm_fstf_scaling_v12_horizon_h24_seed123_eval_20260502.json",
        "seed": 123,
        "stable_drop": 0.040720169930953176,
        "trace_error": 0.04069407990698641,
        "value": "H24"
      },
      {
        "axis": "horizon",
        "changed_gain": 0.12155172395059599,
        "proto_top5": 0.8418972394903722,
        "report_path": "reports/stwm_fstf_scaling_v12_horizon_h24_seed42_eval_20260502.json",
        "seed": 42,
        "stable_drop": 0.03230691094521265,
        "trace_error": 0.04069407990698641,
        "value": "H24"
      },
      {
        "axis": "horizon",
        "changed_gain": 0.1047413779406583,
        "proto_top5": 0.8262419656827372,
        "report_path": "reports/stwm_fstf_scaling_v12_horizon_h24_seed456_eval_20260502.json",
        "seed": 456,
        "stable_drop": 0.04660945198395716,
        "trace_error": 0.04069407990698641,
        "value": "H24"
      },
      {
        "axis": "horizon",
        "changed_gain": 0.07167856691890984,
        "proto_top5": 0.7752427667264095,
        "report_path": "reports/stwm_fstf_scaling_v12_horizon_h8_seed123_eval_20260502.json",
        "seed": 123,
        "stable_drop": 0.06010137059760212,
        "trace_error": 0.06769089330067267,
        "value": "H8"
      },
      {
        "axis": "horizon",
        "changed_gain": 0.09127817320778608,
        "proto_top5": 0.7872424500817854,
        "report_path": "reports/stwm_fstf_scaling_v12_horizon_h8_seed42_eval_20260502.json",
        "seed": 42,
        "stable_drop": 0.05792903209578548,
        "trace_error": 0.06769089330067267,
        "value": "H8"
      },
      {
        "axis": "horizon",
        "changed_gain": 0.10205795785826022,
        "proto_top5": 0.7971106117635817,
        "report_path": "reports/stwm_fstf_scaling_v12_horizon_h8_seed456_eval_20260502.json",
        "seed": 456,
        "stable_drop": 0.049239677759420175,
        "trace_error": 0.06769089330067267,
        "value": "H8"
      }
    ],
    "stable_drop": {
      "mean": 0.04667669221681222,
      "std": 0.008668461753895948
    },
    "trace_error": {
      "mean": 0.052827157662431456,
      "std": 0.01118926130144545
    }
  },
  "horizon_scaling_positive": true,
  "long_horizon_claim_allowed": true,
  "missing_eval_names": [],
  "model_size_scaling": {
    "changed_gain": {
      "mean": 0.032137134078996286,
      "std": 0.05773330643752784
    },
    "overall_top5": {
      "mean": 0.7551818912196578,
      "std": 0.03729588194869889
    },
    "run_count": 9,
    "runs": [
      {
        "axis": "model_size",
        "changed_gain": 0.027439451361437217,
        "proto_top5": 0.7495855470589768,
        "report_path": "reports/stwm_fstf_scaling_v11_model_base_seed123_eval_20260502.json",
        "seed": 123,
        "stable_drop": 0.061730624318856564,
        "trace_error": 0.06769089330067267,
        "value": "base"
      },
      {
        "axis": "model_size",
        "changed_gain": 0.035139296857850555,
        "proto_top5": 0.7650588244626777,
        "report_path": "reports/stwm_fstf_scaling_v11_model_base_seed42_eval_20260502.json",
        "seed": 42,
        "stable_drop": 0.036205644509569535,
        "trace_error": 0.06769089330067267,
        "value": "base"
      },
      {
        "axis": "model_size",
        "changed_gain": 0.07181856237340423,
        "proto_top5": 0.7778479627952576,
        "report_path": "reports/stwm_fstf_scaling_v11_model_base_seed456_eval_20260502.json",
        "seed": 456,
        "stable_drop": 0.0543084681266075,
        "trace_error": 0.06769089330067267,
        "value": "base"
      },
      {
        "axis": "model_size",
        "changed_gain": -0.04171916686992483,
        "proto_top5": 0.7193495011244011,
        "report_path": "reports/stwm_fstf_scaling_v11_model_large_seed123_eval_20260502.json",
        "seed": 123,
        "stable_drop": 0.04163649113906798,
        "trace_error": 0.06769089330067267,
        "value": "large"
      },
      {
        "axis": "model_size",
        "changed_gain": -0.07993840355408866,
        "proto_top5": 0.6691402952388439,
        "report_path": "reports/stwm_fstf_scaling_v11_model_large_seed42_eval_20260502.json",
        "seed": 42,
        "stable_drop": 0.10734973849349694,
        "trace_error": 0.06769089330067267,
        "value": "large"
      },
      {
        "axis": "model_size",
        "changed_gain": 0.011479768557331904,
        "proto_top5": 0.7560590617249869,
        "report_path": "reports/stwm_fstf_scaling_v11_model_large_seed456_eval_20260502.json",
        "seed": 456,
        "stable_drop": 0.026249091492279275,
        "trace_error": 0.06769089330067267,
        "value": "large"
      },
      {
        "axis": "model_size",
        "changed_gain": 0.07167856691890984,
        "proto_top5": 0.7752427667264095,
        "report_path": "reports/stwm_fstf_scaling_v11_model_small_seed123_eval_20260502.json",
        "seed": 123,