{
  "completed_run_count": 5,
  "expected_run_count": 5,
  "failed_runs": [],
  "generated_at_utc": "2026-05-09T05:45:46.329561+00:00",
  "missing_runs": [],
  "runs": {
    "v32_rf_m128_h32_seed42_smoke": {
      "H": 32,
      "M": 128,
      "batch_size": 64,
      "completed": true,
      "cuda_visible_devices": "2",
      "device": "cuda",
      "duration_seconds": 486.2721440792084,
      "effective_batch_size": 64,
      "eval_item_count": 128,
      "global_motion_prior_branch": true,
      "gpu_peak_memory_mib": 8785.69775390625,
      "no_nan_proxy_metrics_finite": true,
      "output_contract_ok": true,
      "recurrent_loop_ran_expected_h_steps": true,
      "report_path": "reports/stwm_ostf_v32_recurrent_field_runs/v32_rf_m128_h32_seed42_smoke.json",
      "test_all": {
        "BestOfK_PCK@16": 0.4599162951257685,
        "BestOfK_PCK@32": 0.6140416115564314,
        "BestOfK_PCK@64": 0.7626649867553528,
        "BestOfK_PCK@8": 0.3323114121745706,
        "MissRate@128": 0.4375,
        "MissRate@16": 1.0,
        "MissRate@32": 0.984375,
        "MissRate@64": 0.828125,
        "PCK@16": 0.32273466878265256,
        "PCK@32": 0.47315421741837804,
        "PCK@64": 0.6556782200852714,
        "PCK@8": 0.2138417466164908,
        "endpoint_L1": 139.28602722287178,
        "item_count": 128,
        "minADE": 74.68746913969517,
        "minADE_K": 51.304346330463886,
        "minFDE": 139.28602722287178,
        "minFDE_K": 84.10744953155518,
        "relative_deformation_layout_error": 72.25987310078926,
        "threshold_auc_endpoint_16_32_64_128": 0.341796875,
        "visibility_F1": 0.8438196658031051
      },
      "train_loss_decreased": true
    },
    "v32_rf_m128_h64_seed42_smoke": {
      "H": 64,
      "M": 128,
      "batch_size": 48,
      "completed": true,
      "cuda_visible_devices": "4",
      "device": "cuda",
      "duration_seconds": 477.6854639053345,
      "effective_batch_size": 48,
      "eval_item_count": 128,
      "global_motion_prior_branch": true,
      "gpu_peak_memory_mib": 13188.82470703125,
      "no_nan_proxy_metrics_finite": true,
      "output_contract_ok": true,
      "recurrent_loop_ran_expected_h_steps": true,
      "report_path": "reports/stwm_ostf_v32_recurrent_field_runs/v32_rf_m128_h64_seed42_smoke.json",
      "test_all": {
        "BestOfK_PCK@16": 0.3786297131381099,
        "BestOfK_PCK@32": 0.5239453528391311,
        "BestOfK_PCK@64": 0.6933095573218762,
        "BestOfK_PCK@8": 0.26944737566899896,
        "MissRate@128": 0.296875,
        "MissRate@16": 0.984375,
        "MissRate@32": 0.921875,
        "MissRate@64": 0.71875,
        "PCK@16": 0.29397282312918616,
        "PCK@32": 0.4530975027302697,
        "PCK@64": 0.6432194184972937,
        "PCK@8": 0.19260196303759433,
        "endpoint_L1": 113.51520665735006,
        "item_count": 128,
        "minADE": 70.40250791609287,
        "minADE_K": 64.09076753258705,
        "minFDE": 113.51520665735006,
        "minFDE_K": 105.18302182108164,
        "relative_deformation_layout_error": 62.53835437181667,
        "threshold_auc_endpoint_16_32_64_128": 0.283203125,
        "visibility_F1": 0.8152467248219748
      },
      "train_loss_decreased": true
    },
    "v32_rf_m128_h96_seed42_smoke": {
      "H": 96,
      "M": 128,
      "batch_size": 32,
      "completed": true,
      "cuda_visible_devices": "5",
      "device": "cuda",
      "duration_seconds": 677.7195298671722,
      "effective_batch_size": 32,
      "eval_item_count": 128,
      "global_motion_prior_branch": true,
      "gpu_peak_memory_mib": 13312.7890625,
      "no_nan_proxy_metrics_finite": true,
      "output_contract_ok": true,
      "recurrent_loop_ran_expected_h_steps": true,
      "report_path": "reports/stwm_ostf_v32_recurrent_field_runs/v32_rf_m128_h96_seed42_smoke.json",
      "test_all": {
        "BestOfK_PCK@16": 0.3538877454597037,
        "BestOfK_PCK@32": 0.49194258285772596,
        "BestOfK_PCK@64": 0.6503193591405552,
        "BestOfK_PCK@8": 0.24305481427926734,
        "MissRate@128": 0.4453125,
        "MissRate@16": 0.9453125,
        "MissRate@32": 0.8671875,
        "MissRate@64": 0.734375,
        "PCK@16": 0.2799169031639729,
        "PCK@32": 0.4284959206119511,
        "PCK@64": 0.6080851543723372,
        "PCK@8": 0.1792079816158989,
        "endpoint_L1": 127.28810547478497,
        "item_count": 128,
        "minADE": 80.14763887412846,
        "minADE_K": 75.32437530858442,
        "minFDE": 127.28810547478497,
        "minFDE_K": 119.58184956200421,
        "relative_deformation_layout_error": 68.13726428748316,
        "threshold_auc_endpoint_16_32_64_128": 0.267578125,
        "visibility_F1": 0.8091095800378794
      },
      "train_loss_decreased": true
    },
    "v32_rf_m512_h32_seed42_smoke": {
      "H": 32,
      "M": 512,
      "batch_size": 10,
      "completed": true,
      "cuda_visible_devices": "6",
      "device": "cuda",
      "duration_seconds": 266.84708404541016,
      "effective_batch_size": 10,
      "eval_item_count": 128,
      "global_motion_prior_branch": true,
      "gpu_peak_memory_mib": 5485.59716796875,
      "no_nan_proxy_metrics_finite": true,
      "output_contract_ok": true,
      "recurrent_loop_ran_expected_h_steps": true,
      "report_path": "reports/stwm_ostf_v32_recurrent_field_runs/v32_rf_m512_h32_seed42_smoke.json",
      "test_all": {
        "BestOfK_PCK@16": 0.4590869773626425,
        "BestOfK_PCK@32": 0.6117687165965247,
        "BestOfK_PCK@64": 0.761269182209524,
        "BestOfK_PCK@8": 0.33152587852188514,
        "MissRate@128": 0.375,
        "MissRate@16": 0.9921875,
        "MissRate@32": 0.984375,
        "MissRate@64": 0.78125,
        "PCK@16": 0.3684091867026746,
        "PCK@32": 0.5276861854061519,
        "PCK@64": 0.6947588273491959,
        "PCK@8": 0.24169768827887841,
        "endpoint_L1": 131.39825097471476,
        "item_count": 128,
        "minADE": 69.53194930404425,
        "minADE_K": 51.83529445528984,
        "minFDE": 131.39825097471476,
        "minFDE_K": 87.8747850060463,
        "relative_deformation_layout_error": 68.28153379601281,
        "threshold_auc_endpoint_16_32_64_128": 0.337890625,
        "visibility_F1": 0.8477915095255162
      },
      "train_loss_decreased": true
    },
    "v32_rf_m512_h64_seed42_smoke": {
      "H": 64,
      "M": 512,
      "batch_size": 8,
      "completed": true,
      "cuda_visible_devices": "3",
      "device": "cuda",
      "duration_seconds": 371.99804735183716,
      "effective_batch_size": 8,
      "eval_item_count": 128,
      "global_motion_prior_branch": true,
      "gpu_peak_memory_mib": 8882.37646484375,
      "no_nan_proxy_metrics_finite": true,
      "output_contract_ok": true,
      "recurrent_loop_ran_expected_h_steps": true,
      "report_path": "reports/stwm_ostf_v32_recurrent_field_runs/v32_rf_m512_h64_seed42_smoke.json",
      "test_all": {
        "BestOfK_PCK@16": 0.3836384455038255,
        "BestOfK_PCK@32": 0.5287082142521367,
        "BestOfK_PCK@64": 0.6941162349344931,
        "BestOfK_PCK@8": 0.2731383847293686,
        "MissRate@128": 0.3203125,
        "MissRate@16": 0.9765625,
        "MissRate@32": 0.90625,
        "MissRate@64": 0.7265625,
        "PCK@16": 0.306599310441503,
        "PCK@32": 0.4693477081314945,
        "PCK@64": 0.6525427067801719,
        "PCK@8": 0.2006993378802453,
        "endpoint_L1": 112.33046504855156,
        "item_count": 128,
        "minADE": 68.18250285834074,
        "minADE_K": 63.89809326082468,
        "minFDE": 112.33046504855156,
        "minFDE_K": 104.63816991448402,
        "relative_deformation_layout_error": 59.311702314514534,
        "threshold_auc_endpoint_16_32_64_128": 0.283203125,
        "visibility_F1": 0.8153104736977692
      },
      "train_loss_decreased": true
    }
  },
  "smoke_passed": true
}
