{
  "audit_name": "stwm_traceanything_visibility_extraction_audit_v25",
  "cache_report_path": "reports/stwm_traceanything_hardbench_cache_v25_20260502.json",
  "comparison_target_box_vs_query_frame_only": {
    "mean_point_disagreement_px": 0.9155762988732953,
    "sample_count": 602
  },
  "estimated_visibility_coverage_by_combo": {
    "M128_H32": 0.5558641919332836,
    "M128_H64": 0.5466992110448284,
    "M512_H32": 0.5541821170867436,
    "M512_H64": 0.5418289619402601
  },
  "estimated_visibility_method": "traceanything_confidence_plus_trajectory_consistency_teacher_only",
  "extraction_quality_acceptable": true,
  "generated_at_utc": "2026-05-06T03:38:19.477739+00:00",
  "native_visibility_available": false,
  "overall_estimated_visibility_coverage": 0.5496436205012789,
  "overall_trajectory_variance": 14584.129471270913,
  "overall_valid_point_ratio": 0.5496436205012789,
  "query_frame_only_extraction_alternative_clip_count": 602,
  "query_frame_only_extraction_alternative_exact_blocker": null,
  "same_trajectory_fraction_by_combo": {
    "M128_H32": 0.07626373395090923,
    "M128_H64": 0.05325422913914448,
    "M512_H32": 0.1757245861335347,
    "M512_H64": 0.13744117788512977
  },
  "target_side_box_search_used_ratio": 1.0,
  "teacher_target_construction_acceptable_for_training": true,
  "trajectory_variance_by_combo": {
    "M128_H32": 12167.025935846965,
    "M128_H64": 16887.20056982208,
    "M512_H32": 12253.920277633668,
    "M512_H64": 17028.37110178094
  },
  "valid_point_ratio_by_combo": {
    "M128_H32": 0.5558641919332836,
    "M128_H64": 0.5466992110448284,
    "M512_H32": 0.5541821170867436,
    "M512_H64": 0.5418289619402601
  },
  "visibility_quality_acceptable": true
}
