{
  "audit_name": "stwm_ostf_v17_train_summary",
  "experiments": [
    {
      "checkpoint_path": null,
      "effective_M": 512,
      "experiment_name": "constant_velocity_copy_seed42_h8",
      "horizon": 8,
      "loss_curve": [],
      "model_kind": "constant_velocity_copy",
      "seed": 42,
      "split_object_counts": {
        "test": 496,
        "train": 2745,
        "val": 487
      }
    },
    {
      "checkpoint_path": "outputs/checkpoints/stwm_ostf_v17/m1_anchor_stwm_m128_seed42_h8.pt",
      "effective_M": 1,
      "experiment_name": "m1_anchor_stwm_m128_seed42_h8",
      "horizon": 8,
      "loss_curve": [
        0.5337070226669312,
        0.3565197288990021,
        0.3470737338066101,
        0.34278085827827454,
        0.34267768263816833,
        0.33909687399864197,
        0.34325602650642395,
        0.344285786151886,
        0.3500494062900543,
        0.3671453893184662,
        0.3892870247364044,
        0.33466795086860657,
        0.37165555357933044
      ],
      "model_kind": "m1_anchor_stwm_m128",
      "seed": 42,
      "split_object_counts": {
        "test": 455,
        "train": 2029,
        "val": 387
      }
    },
    {
      "checkpoint_path": "outputs/checkpoints/stwm_ostf_v17/m1_anchor_stwm_seed42_h8.pt",
      "effective_M": 1,
      "experiment_name": "m1_anchor_stwm_seed42_h8",
      "horizon": 8,
      "loss_curve": [
        0.5017699003219604,
        0.4774971008300781,
        0.5170570611953735,
        0.5101418495178223,
        0.4660145938396454,
        0.4824247360229492,
        0.4861007034778595,
        0.48981764912605286,
        0.4886167645454407,
        0.4869271516799927,
        0.4904271960258484,
        0.4855097532272339,
        0.47037965059280396
      ],
      "model_kind": "m1_anchor_stwm",
      "seed": 42,
      "split_object_counts": {
        "test": 496,
        "train": 2745,
        "val": 487
      }
    },
    {
      "checkpoint_path": "outputs/checkpoints/stwm_ostf_v17/ostf_m512_wo_dense_point_input_seed42_h8.pt",
      "effective_M": 512,
      "experiment_name": "ostf_m512_wo_dense_point_input_seed42_h8",
      "horizon": 8,
      "loss_curve": [
        0.5411694049835205,
        0.42927873134613037,
        0.4818188548088074,
        0.49057358503341675,
        0.4360221028327942,
        0.4447382688522339,
        0.42845720052719116,
        0.46252211928367615,
        0.43267565965652466,
        0.4465680420398712,
        0.44369596242904663,
        0.4455867409706116,
        0.4314526915550232
      ],
      "model_kind": "ostf_m512_wo_dense_point_input",
      "seed": 42,
      "split_object_counts": {
        "test": 496,
        "train": 2745,
        "val": 487
      }
    },
    {
      "checkpoint_path": "outputs/checkpoints/stwm_ostf_v17/ostf_m512_wo_point_residual_decoder_seed42_h8.pt",
      "effective_M": 512,
      "experiment_name": "ostf_m512_wo_point_residual_decoder_seed42_h8",
      "horizon": 8,
      "loss_curve": [
        0.5200012922286987,
        0.490098237991333,
        0.5184354186058044,
        0.5079901814460754,
        0.4721038341522217,
        0.4873536229133606,
        0.4981241822242737,
        0.4966563582420349,
        0.4956931471824646,
        0.49799856543540955,
        0.49163818359375,
        0.4886177182197571,
        0.47078239917755127
      ],
      "model_kind": "ostf_m512_wo_point_residual_decoder",
      "seed": 42,
      "split_object_counts": {
        "test": 496,
        "train": 2745,
        "val": 487
      }
    },
    {
      "checkpoint_path": "outputs/checkpoints/stwm_ostf_v17/ostf_m512_wo_semantic_memory_seed42_h8.pt",
      "effective_M": 512,
      "experiment_name": "ostf_m512_wo_semantic_memory_seed42_h8",
      "horizon": 8,
      "loss_curve": [
        0.5271263718605042,
        0.36671292781829834,
        0.4293060898780823,
        0.4211685061454773,
        0.4003952145576477,
        0.3799573481082916,
        0.38732749223709106,
        0.38433969020843506,
        0.3914516270160675,
        0.4137253761291504,
        0.4197311997413635,
        0.4306437373161316,
        0.35886216163635254
      ],
      "model_kind": "ostf_m512_wo_semantic_memory",
      "seed": 42,
      "split_object_counts": {
        "test": 496,
        "train": 2745,
        "val": 487
      }
    },
    {
      "checkpoint_path": "outputs/checkpoints/stwm_ostf_v17/ostf_multitrace_m128_seed42_h8.pt",
      "effective_M": 128,
      "experiment_name": "ostf_multitrace_m128_seed42_h8",
      "horizon": 8,
      "loss_curve": [
        0.5263841152191162,
        0.41247448325157166,
        0.41765251755714417,
        0.37181055545806885,
        0.4087669551372528,
        0.3747498691082001,
        0.3830225467681885,
        0.42105430364608765,
        0.3803873360157013,
        0.43024134635925293,
        0.4735181927680969,
        0.39854899048805237,
        0.3967113196849823
      ],
      "model_kind": "ostf_multitrace_m128",
      "seed": 42,
      "split_object_counts": {
        "test": 455,
        "train": 2029,
        "val": 387
      }
    },
    {
      "checkpoint_path": "outputs/checkpoints/stwm_ostf_v17/ostf_multitrace_m512_seed42_h8.pt",
      "effective_M": 512,
      "experiment_name": "ostf_multitrace_m512_seed42_h8",
      "horizon": 8,
      "loss_curve": [
        0.5339129567146301,
        0.3707839250564575,
        0.4295349419116974,
        0.4225703477859497,
        0.4006271958351135,
        0.3801421523094177,
        0.3868374228477478,
        0.384576678276062,
        0.39200955629348755,
        0.4181877374649048,
        0.4149773120880127,
        0.4358168840408325,
        0.35687482357025146
      ],
      "model_kind": "ostf_multitrace_m512",
      "seed": 42,
      "split_object_counts": {
        "test": 496,
        "train": 2745,
        "val": 487
      }
    },
    {
      "checkpoint_path": "outputs/checkpoints/stwm_ostf_v17/point_transformer_dense_seed42_h8.pt",
      "effective_M": 512,
      "experiment_name": "point_transformer_dense_seed42_h8",
      "horizon": 8,
      "loss_curve": [
        0.5075945258140564,
        0.36265987157821655,
        0.37693992257118225,
        0.394849568605423,
        0.3888586759567261,
        0.3241831362247467,
        0.34057605266571045,
        0.34095096588134766,
        0.3123396933078766,
        0.3255571722984314,
        0.34005090594291687,
        0.3544251620769501,
        0.21224340796470642
      ],
      "model_kind": "point_transformer_dense",
      "seed": 42,
      "split_object_counts": {
        "test": 496,
        "train": 2745,
        "val": 487
      }
    }
  ],
  "generated_at_utc": "2026-05-02T14:43:36.781775+00:00",
  "run_count": 9
}
