{
  "generated_at_utc": "2026-04-23T11:36:16.171697+00:00",
  "primary_heldout_split": "heldout_scene_category_video_context_preserving",
  "splits": {
    "densified_200_context_preserving": {
      "official_mean": {
        "overall_top1": 0.21,
        "hit_rate": 0.005,
        "localization_error": 0.22176795745794667,
        "mask_iou_at_top1": 0.2103212867826473,
        "hard_subset_top1": 0.21,
        "ambiguity_top1": 0.2054794520547945,
        "appearance_change_top1": 0.2116788321167883,
        "occlusion_reappearance_top1": 0.21705426356589147,
        "long_gap_persistence_top1": 0.2537313432835821,
        "small_object_top1": 0.1875
      },
      "calibration_mean": {
        "overall_top1": 0.165,
        "hit_rate": 0.02,
        "localization_error": 0.21565862294652827,
        "mask_iou_at_top1": 0.1654237238183978,
        "hard_subset_top1": 0.165,
        "ambiguity_top1": 0.1506849315068493,
        "appearance_change_top1": 0.1897810218978102,
        "occlusion_reappearance_top1": 0.15503875968992248,
        "long_gap_persistence_top1": 0.1791044776119403,
        "small_object_top1": 0.14772727272727273
      },
      "cropenc_mean": {
        "overall_top1": 0.165,
        "hit_rate": 0.02,
        "localization_error": 0.21564331411051282,
        "mask_iou_at_top1": 0.1654237238183978,
        "hard_subset_top1": 0.165,
        "ambiguity_top1": 0.1506849315068493,
        "appearance_change_top1": 0.1897810218978102,
        "occlusion_reappearance_top1": 0.15503875968992248,
        "long_gap_persistence_top1": 0.1791044776119403,
        "small_object_top1": 0.14772727272727273
      },
      "legacysem_mean": {
        "overall_top1": 0.175,
        "hit_rate": 0.02,
        "localization_error": 0.21602139378453292,
        "mask_iou_at_top1": 0.17540371354606776,
        "hard_subset_top1": 0.175,
        "ambiguity_top1": 0.1643835616438356,
        "appearance_change_top1": 0.19708029197080293,
        "occlusion_reappearance_top1": 0.16279069767441862,
        "long_gap_persistence_top1": 0.19402985074626866,
        "small_object_top1": 0.1590909090909091
      },
      "improved_vs_calibration": true,
      "improved_vs_cropenc": true,
      "improved_vs_legacysem": true,
      "hard_subsets_improved_vs_calibration": true,
      "hard_subsets_improved_vs_legacysem": true
    },
    "heldout_burst_heavy_context_preserving": {
      "official_mean": {
        "overall_top1": 0.2549019607843137,
        "hit_rate": 0.029411764705882353,
        "localization_error": 0.19424208065572704,
        "mask_iou_at_top1": 0.2587868736856688,
        "hard_subset_top1": 0.2549019607843137,
        "ambiguity_top1": 0.22772277227722773,
        "appearance_change_top1": 0.3148148148148148,
        "occlusion_reappearance_top1": 0.25757575757575757,
        "long_gap_persistence_top1": 0.2465753424657534,
        "small_object_top1": 0.23046875
      },
      "calibration_mean": {
        "overall_top1": 0.23202614379084968,
        "hit_rate": 0.0457516339869281,
        "localization_error": 0.18104381467024658,
        "mask_iou_at_top1": 0.23292340757923788,
        "hard_subset_top1": 0.23202614379084968,
        "ambiguity_top1": 0.20297029702970298,
        "appearance_change_top1": 0.2962962962962963,
        "occlusion_reappearance_top1": 0.20454545454545456,
        "long_gap_persistence_top1": 0.1780821917808219,
        "small_object_top1": 0.2109375
      },
      "cropenc_mean": {
        "overall_top1": 0.23202614379084968,
        "hit_rate": 0.0457516339869281,
        "localization_error": 0.1810462457289921,
        "mask_iou_at_top1": 0.23292340757923788,
        "hard_subset_top1": 0.23202614379084968,
        "ambiguity_top1": 0.20297029702970298,
        "appearance_change_top1": 0.2962962962962963,
        "occlusion_reappearance_top1": 0.20454545454545456,
        "long_gap_persistence_top1": 0.1780821917808219,
        "small_object_top1": 0.2109375
      },
      "legacysem_mean": {
        "overall_top1": 0.22875816993464052,
        "hit_rate": 0.042483660130718956,
        "localization_error": 0.18084608710563324,
        "mask_iou_at_top1": 0.2296045690414719,
        "hard_subset_top1": 0.22875816993464052,
        "ambiguity_top1": 0.19801980198019803,
        "appearance_change_top1": 0.30246913580246915,
        "occlusion_reappearance_top1": 0.21212121212121213,
        "long_gap_persistence_top1": 0.1917808219178082,
        "small_object_top1": 0.20703125
      },
      "improved_vs_calibration": true,
      "improved_vs_cropenc": true,
      "improved_vs_legacysem": true,
      "hard_subsets_improved_vs_calibration": true,
      "hard_subsets_improved_vs_legacysem": true
    },
    "heldout_scene_category_video_context_preserving": {
      "official_mean": {
        "overall_top1": 0.10891089108910891,
        "hit_rate": 0.006600660066006601,
        "localization_error": 0.22138788955197425,
        "mask_iou_at_top1": 0.11232934868331111,
        "hard_subset_top1": 0.10891089108910891,
        "ambiguity_top1": 0.0888030888030888,
        "appearance_change_top1": 0.17857142857142858,
        "occlusion_reappearance_top1": 0.15873015873015872,
        "long_gap_persistence_top1": 0.23809523809523808,
        "small_object_top1": 0.09965635738831616
      },
      "calibration_mean": {
        "overall_top1": 0.09570957095709572,
        "hit_rate": 0.013201320132013201,
        "localization_error": 0.21685572007998047,
        "mask_iou_at_top1": 0.09580510355188998,
        "hard_subset_top1": 0.09570957095709572,
        "ambiguity_top1": 0.07335907335907337,
        "appearance_change_top1": 0.19047619047619047,
        "occlusion_reappearance_top1": 0.12698412698412698,
        "long_gap_persistence_top1": 0.14285714285714285,
        "small_object_top1": 0.08934707903780069
      },
      "cropenc_mean": {
        "overall_top1": 0.09570957095709572,
        "hit_rate": 0.013201320132013201,
        "localization_error": 0.21683394351605487,
        "mask_iou_at_top1": 0.09580510355188998,
        "hard_subset_top1": 0.09570957095709572,
        "ambiguity_top1": 0.07335907335907337,
        "appearance_change_top1": 0.19047619047619047,
        "occlusion_reappearance_top1": 0.12698412698412698,
        "long_gap_persistence_top1": 0.14285714285714285,
        "small_object_top1": 0.08934707903780069
      },
      "legacysem_mean": {
        "overall_top1": 0.09570957095709572,
        "hit_rate": 0.013201320132013201,
        "localization_error": 0.21781222330718067,
        "mask_iou_at_top1": 0.09580004441438655,
        "hard_subset_top1": 0.09570957095709572,
        "ambiguity_top1": 0.0694980694980695,
        "appearance_change_top1": 0.21428571428571427,
        "occlusion_reappearance_top1": 0.14285714285714285,
        "long_gap_persistence_top1": 0.19047619047619047,
        "small_object_top1": 0.0859106529209622
      },
      "improved_vs_calibration": true,
      "improved_vs_cropenc": true,
      "improved_vs_legacysem": true,
      "hard_subsets_improved_vs_calibration": true,
      "hard_subsets_improved_vs_legacysem": true
    }
  }
}
