{
  "generated_at_utc": "2026-04-25T09:43:41.322492+00:00",
  "table_1_main_comparison": [
    {
      "label": "STWM belief official",
      "source": "reports/stwm_belief_final_eval_20260424.json",
      "panel": "densified_200_context_preserving",
      "method": "TUSB-v3.1::official(best_semantic_hard.pt+trace_belief_assoc)",
      "scoring_mode": "trace_belief_assoc",
      "overall_top1": 0.4630872483221476,
      "hard_subset_top1": 0.4630872483221476,
      "ambiguity_top1": 0.4220183486238533,
      "appearance_change_top1": 0.43,
      "occlusion_reappearance_top1": 0.5053191489361701,
      "long_gap_persistence_top1": 0.5144927536231884,
      "small_object_top1": 0.44783715012722647,
      "MRR": 0.6276732410913713,
      "top5_hit": 0.8489932885906041,
      "hit_rate": 0.006711409395973154,
      "localization_error": 0.22109845300039463,
      "mask_iou_at_top1": 0.46337297267682137
    },
    {
      "label": "calibration-only",
      "source": "reports/stwm_belief_final_eval_20260424.json",
      "panel": "densified_200_context_preserving",
      "method": "calibration-only::best.pt",
      "scoring_mode": "coord_only",
      "overall_top1": 0.1610738255033557,
      "hard_subset_top1": 0.1610738255033557,
      "ambiguity_top1": 0.14678899082568808,
      "appearance_change_top1": 0.17999999999999997,
      "occlusion_reappearance_top1": 0.17198581560283688,
      "long_gap_persistence_top1": 0.1956521739130435,
      "small_object_top1": 0.1450381679389313,
      "MRR": 0.394711026498255,
      "top5_hit": 0.7360178970917226,
      "hit_rate": 0.012304250559284115,
      "localization_error": 0.2135172144593076,
      "mask_iou_at_top1": 0.1614893619538501
    },
    {
      "label": "cropenc",
      "source": "reports/stwm_belief_final_eval_20260424.json",
      "panel": "densified_200_context_preserving",
      "method": "cropenc::best.pt",
      "scoring_mode": "coord_only",
      "overall_top1": 0.16219239373601788,
      "hard_subset_top1": 0.16219239373601788,
      "ambiguity_top1": 0.14525993883792052,
      "appearance_change_top1": 0.17500000000000002,
      "occlusion_reappearance_top1": 0.17375886524822692,
      "long_gap_persistence_top1": 0.2282608695652174,
      "small_object_top1": 0.14376590330788805,
      "MRR": 0.3947195286198854,
      "top5_hit": 0.7393736017897092,
      "hit_rate": 0.012304250559284115,
      "localization_error": 0.21948327669506842,
      "mask_iou_at_top1": 0.16267438521850883
    },
    {
      "label": "legacysem",
      "source": "reports/stwm_belief_final_eval_20260424.json",
      "panel": "densified_200_context_preserving",
      "method": "legacysem::best.pt",
      "scoring_mode": "coord_only",
      "overall_top1": 0.16666666666666666,
      "hard_subset_top1": 0.16666666666666666,
      "ambiguity_top1": 0.15902140672782875,
      "appearance_change_top1": 0.17666666666666667,
      "occlusion_reappearance_top1": 0.17730496453900713,
      "long_gap_persistence_top1": 0.2318840579710145,
      "small_object_top1": 0.1590330788804071,
      "MRR": 0.3997711276778473,
      "top5_hit": 0.7438478747203581,
      "hit_rate": 0.008948545861297539,
      "localization_error": 0.2241010540619334,
      "mask_iou_at_top1": 0.16719564593411526
    },
    {
      "label": "frozen_external_teacher_only",
      "source": "reports/stwm_trace_belief_eval_20260424.json",
      "panel": "densified_200_context_preserving",
      "method": "TUSB-v3.1::best_semantic_hard.pt",
      "scoring_mode": "frozen_external_teacher_only",
      "overall_top1": 0.4228187919463087,
      "hard_subset_top1": 0.4228187919463087,
      "ambiguity_top1": 0.34862385321100925,
      "appearance_change_top1": 0.39999999999999997,
      "occlusion_reappearance_top1": 0.48936170212765956,
      "long_gap_persistence_top1": 0.5652173913043478,
      "small_object_top1": null,
      "MRR": 0.592226373115583,
      "top5_hit": 0.8456375838926175,
      "hit_rate": 0.006711409395973154,
      "localization_error": 0.22109845300039463,
      "mask_iou_at_top1": 0.42314472655601615
    }
  ],
  "table_2_readout_ablation": [
    {
      "label": "coord_only",
      "source": "reports/stwm_lightreadout_attribution_eval_20260422.json",
      "panel": "densified_200_context_preserving",
      "method": "TUSB-v3.1::best_semantic_hard.pt",
      "scoring_mode": "coord_only",
      "overall_top1": 0.17333333333333334,
      "hard_subset_top1": 0.17333333333333334,
      "ambiguity_top1": 0.15639269406392695,
      "appearance_change_top1": 0.19099756690997569,
      "occlusion_reappearance_top1": 0.1757105943152455,
      "long_gap_persistence_top1": 0.20398009950248755,
      "small_object_top1": 0.15814393939393936,
      "MRR": 0.40152751940389814,
      "top5_hit": 0.7233333333333333,
      "hit_rate": 0.009166666666666667,
      "localization_error": 0.2204582344720197,
      "mask_iou_at_top1": 0.17373067277065288
    },
    {
      "label": "hybrid_light",
      "source": "reports/stwm_lightreadout_attribution_eval_20260422.json",
      "panel": "densified_200_context_preserving",
      "method": "TUSB-v3.1::best_semantic_hard.pt",
      "scoring_mode": "hybrid_light",
      "overall_top1": 0.20833333333333337,
      "hard_subset_top1": 0.20833333333333337,
      "ambiguity_top1": 0.20205479452054795,
      "appearance_change_top1": 0.20072992700729927,
      "occlusion_reappearance_top1": 0.21834625322997417,
      "long_gap_persistence_top1": 0.24378109452736316,
      "small_object_top1": 0.19981060606060608,
      "MRR": 0.43940741427502267,
      "top5_hit": 0.7741666666666666,
      "hit_rate": 0.009166666666666667,
      "localization_error": 0.2204582344720197,
      "mask_iou_at_top1": 0.20875056714491835
    },
    {
      "label": "tusb_semantic_target",
      "source": "reports/stwm_trace_belief_eval_20260424.json",
      "panel": "densified_200_context_preserving",
      "method": "TUSB-v3.1::best_semantic_hard.pt",
      "scoring_mode": "tusb_semantic_target",
      "overall_top1": 0.34116331096196867,
      "hard_subset_top1": 0.34116331096196867,
      "ambiguity_top1": 0.3103975535168196,
      "appearance_change_top1": 0.3016666666666667,
      "occlusion_reappearance_top1": 0.38829787234042556,
      "long_gap_persistence_top1": 0.4202898550724638,
      "small_object_top1": null,
      "MRR": 0.5332945976843394,
      "top5_hit": 0.8064876957494408,
      "hit_rate": 0.006711409395973154,
      "localization_error": 0.22109845300039463,
      "mask_iou_at_top1": 0.3415944358121097
    },
    {
      "label": "frozen_external_teacher_only",
      "source": "reports/stwm_trace_belief_eval_20260424.json",
      "panel": "densified_200_context_preserving",
      "method": "TUSB-v3.1::best_semantic_hard.pt",
      "scoring_mode": "frozen_external_teacher_only",
      "overall_top1": 0.4228187919463087,
      "hard_subset_top1": 0.4228187919463087,
      "ambiguity_top1": 0.34862385321100925,
      "appearance_change_top1": 0.39999999999999997,
      "occlusion_reappearance_top1": 0.48936170212765956,
      "long_gap_persistence_top1": 0.5652173913043478,
      "small_object_top1": null,
      "MRR": 0.592226373115583,
      "top5_hit": 0.8456375838926175,
      "hit_rate": 0.006711409395973154,
      "localization_error": 0.22109845300039463,
      "mask_iou_at_top1": 0.42314472655601615
    },
    {
      "label": "clean_residual_v2",
      "source": "reports/stwm_clean_residual_v2_eval_20260424.json",
      "panel": "densified_200_context_preserving",
      "method": "TUSB-v3.1::best_semantic_hard.pt",
      "scoring_mode": "clean_trace_residual_association_v2",
      "overall_top1": 0.42505592841163303,
      "hard_subset_top1": 0.42505592841163303,
      "ambiguity_top1": 0.35779816513761475,
      "appearance_change_top1": 0.38499999999999995,
      "occlusion_reappearance_top1": 0.4982269503546099,
      "long_gap_persistence_top1": 0.5471014492753624,
      "small_object_top1": null,