{
  "assignment_contrast_loss_active": true,
  "assignment_contrastive_loss_first": 0.5070382356643677,
  "assignment_contrastive_loss_last": 0.48332706093788147,
  "assignment_contrastive_loss_mean": 0.5099710740826346,
  "checkpoint_path": "outputs/checkpoints/stwm_ostf_v34_10_trace_contract_oracle_residual_probe_h32_m128/v34_10_trace_contract_oracle_residual_probe_m128_h32_seed42_best.pt",
  "duration_seconds": 3500.958912372589,
  "fresh_training_completed": true,
  "future_leakage_detected": false,
  "generated_at_utc": "2026-05-12T17:08:53.259253+00:00",
  "init_checkpoint": {
    "checkpoint_path": "outputs/checkpoints/stwm_ostf_v34_9_trace_fixed_oracle_residual_probe_h32_m128/v34_8_causal_assignment_oracle_residual_probe_m128_h32_seed42_best.pt",
    "init_source": "v34_9_trace_fixed",
    "missing_keys": [],
    "unexpected_keys": []
  },
  "loss_trace": [
    {
      "assignment_contrastive_loss": 0.5070382356643677,
      "causal_final_semantic_loss": 0.26421573758125305,
      "different_instance_unit_separation": 0.03612750396132469,
      "loss": 1.0504624843597412,
      "point_assignment_entropy": 0.05000589042901993,
      "same_instance_pair_attraction": 0.0575244314968586,
      "semantic_measurement_usage_loss": 0.5843991041183472,
      "stable_preservation_loss": -3.492618461109487e-08,
      "step": 1.0,
      "unit_anti_collapse": 0.27657443284988403,
      "unit_memory_target_loss": 0.21202929317951202,
      "unit_usage_entropy": 0.723425567150116
    },
    {
      "assignment_contrastive_loss": 0.650423526763916,
      "causal_final_semantic_loss": 0.2568550705909729,
      "different_instance_unit_separation": 0.033998481929302216,
      "loss": 1.1051145792007446,
      "point_assignment_entropy": 0.05912306532263756,
      "same_instance_pair_attraction": 0.06936676800251007,
      "semantic_measurement_usage_loss": 0.5967383980751038,
      "stable_preservation_loss": -3.446513829885589e-08,
      "step": 150.0,
      "unit_anti_collapse": 0.2894552946090698,
      "unit_memory_target_loss": 0.2145242691040039,
      "unit_usage_entropy": 0.7105447053909302
    },
    {
      "assignment_contrastive_loss": 0.5029486417770386,
      "causal_final_semantic_loss": 0.24758011102676392,
      "different_instance_unit_separation": 0.024275431409478188,
      "loss": 0.9900665283203125,
      "point_assignment_entropy": 0.05491424724459648,
      "same_instance_pair_attraction": 0.06665986031293869,
      "semantic_measurement_usage_loss": 0.541049063205719,
      "stable_preservation_loss": -3.5100352846484384e-08,
      "step": 300.0,
      "unit_anti_collapse": 0.2638654112815857,
      "unit_memory_target_loss": 0.19440387189388275,
      "unit_usage_entropy": 0.7361345887184143
    },
    {
      "assignment_contrastive_loss": 0.490273118019104,
      "causal_final_semantic_loss": 0.23352517187595367,
      "different_instance_unit_separation": 0.026234818622469902,
      "loss": 0.9797322154045105,
      "point_assignment_entropy": 0.049462608993053436,
      "same_instance_pair_attraction": 0.05497756227850914,
      "semantic_measurement_usage_loss": 0.5896757245063782,
      "stable_preservation_loss": -3.397045844621971e-08,
      "step": 450.0,
      "unit_anti_collapse": 0.2779313921928406,
      "unit_memory_target_loss": 0.1891886591911316,
      "unit_usage_entropy": 0.7220686078071594
    },
    {
      "assignment_contrastive_loss": 0.49499058723449707,
      "causal_final_semantic_loss": 0.23678112030029297,
      "different_instance_unit_separation": 0.028940699994564056,
      "loss": 0.9881645441055298,
      "point_assignment_entropy": 0.05377865210175514,
      "same_instance_pair_attraction": 0.0769139900803566,
      "semantic_measurement_usage_loss": 0.5773828625679016,
      "stable_preservation_loss": -3.569886430909719e-08,
      "step": 600.0,
      "unit_anti_collapse": 0.26014429330825806,
      "unit_memory_target_loss": 0.19247204065322876,
      "unit_usage_entropy": 0.7398557066917419
    },
    {
      "assignment_contrastive_loss": 0.5286194086074829,
      "causal_final_semantic_loss": 0.23045895993709564,
      "different_instance_unit_separation": 0.0310052502900362,
      "loss": 0.9933459758758545,
      "point_assignment_entropy": 0.05396023392677307,
      "same_instance_pair_attraction": 0.059899091720581055,
      "semantic_measurement_usage_loss": 0.5785416960716248,
      "stable_preservation_loss": -3.513506996455362e-08,
      "step": 750.0,
      "unit_anti_collapse": 0.2830687165260315,
      "unit_memory_target_loss": 0.19233602285385132,
      "unit_usage_entropy": 0.7169312834739685
    },
    {
      "assignment_contrastive_loss": 0.4881442189216614,
      "causal_final_semantic_loss": 0.22267751395702362,
      "different_instance_unit_separation": 0.03436516597867012,
      "loss": 0.9512273073196411,
      "point_assignment_entropy": 0.05031011626124382,
      "same_instance_pair_attraction": 0.06730978190898895,
      "semantic_measurement_usage_loss": 0.5611101388931274,
      "stable_preservation_loss": -3.4778217639086506e-08,
      "step": 900.0,
      "unit_anti_collapse": 0.26910650730133057,
      "unit_memory_target_loss": 0.18089286983013153,
      "unit_usage_entropy": 0.7308934926986694
    },
    {
      "assignment_contrastive_loss": 0.4895206689834595,
      "causal_final_semantic_loss": 0.23179733753204346,
      "different_instance_unit_separation": 0.026799224317073822,
      "loss": 0.9703913927078247,
      "point_assignment_entropy": 0.04269331693649292,
      "same_instance_pair_attraction": 0.04463661462068558,
      "semantic_measurement_usage_loss": 0.5833679437637329,
      "stable_preservation_loss": -3.401671833103137e-08,
      "step": 1050.0,
      "unit_anti_collapse": 0.2926289439201355,
      "unit_memory_target_loss": 0.18385010957717896,
      "unit_usage_entropy": 0.7073710560798645
    },
    {
      "assignment_contrastive_loss": 0.47889578342437744,
      "causal_final_semantic_loss": 0.23557110130786896,
      "different_instance_unit_separation": 0.025158492848277092,
      "loss": 0.9786283373832703,
      "point_assignment_entropy": 0.05194000527262688,
      "same_instance_pair_attraction": 0.05563080310821533,
      "semantic_measurement_usage_loss": 0.5808098316192627,
      "stable_preservation_loss": -3.561711281463431e-08,
      "step": 1200.0,
      "unit_anti_collapse": 0.28723472356796265,
      "unit_memory_target_loss": 0.18995104730129242,
      "unit_usage_entropy": 0.7127652764320374
    },
    {
      "assignment_contrastive_loss": 0.4955005645751953,
      "causal_final_semantic_loss": 0.23055696487426758,
      "different_instance_unit_separation": 0.022658059373497963,
      "loss": 0.9522985219955444,
      "point_assignment_entropy": 0.04774656891822815,
      "same_instance_pair_attraction": 0.05513627827167511,
      "semantic_measurement_usage_loss": 0.5551419258117676,
      "stable_preservation_loss": -3.552032623588275e-08,
      "step": 1350.0,
      "unit_anti_collapse": 0.2630954384803772,
      "unit_memory_target_loss": 0.18135502934455872,
      "unit_usage_entropy": 0.7369045615196228
    },
    {
      "assignment_contrastive_loss": 0.48332706093788147,
      "causal_final_semantic_loss": 0.23670019209384918,
      "different_instance_unit_separation": 0.025022432208061218,
      "loss": 0.961139976978302,
      "point_assignment_entropy": 0.04716459661722183,
      "same_instance_pair_attraction": 0.05078960955142975,
      "semantic_measurement_usage_loss": 0.5642380714416504,
      "stable_preservation_loss": -3.444165130872534e-08,
      "step": 1500.0,
      "unit_anti_collapse": 0.2882607579231262,
      "unit_memory_target_loss": 0.17675377428531647,
      "unit_usage_entropy": 0.7117392420768738
    }
  ],
  "oracle_residual_probe_ran": true,
  "pointwise_base_frozen": true,
  "semantic_measurement_usage_loss_first": 0.5843991041183472,