{
  "generated_at_utc": "2026-05-16T11:23:25.547853+00:00",
  "v36_3_full_325_causal_benchmark_rerun_done": true,
  "selected_clip_count": 325,
  "trace_source": "v36_2c_conservative_copy_default_selector",
  "future_trace_predicted_from_past_only": true,
  "trace_no_harm_copy_val": true,
  "trace_no_harm_copy_test": true,
  "trace_beats_strongest_prior_val": true,
  "trace_beats_strongest_prior_test": true,
  "trace_ADE": {
    "val": {
      "sample_count": 57,
      "v30_ADE_mean": 133.38185306895863,
      "v30_FDE_mean": 220.2739069673567,
      "last_observed_copy_ADE_mean": 131.53700372305784,
      "last_observed_copy_FDE_mean": 215.79582925834782,
      "last_visible_copy_ADE_mean": 131.69774689566006,
      "last_visible_copy_FDE_mean": 216.60352112166933,
      "constant_velocity_ADE_mean": 137.01265831427142,
      "constant_velocity_FDE_mean": 241.83237614044342,
      "damped_velocity_ADE_mean": 108.91285381967371,
      "damped_velocity_FDE_mean": 186.29569940894586,
      "global_median_velocity_ADE_mean": 150.30398040468043,
      "global_median_velocity_FDE_mean": 250.89911475722508,
      "copy_default_selector_ADE_mean": 108.86179919459603,
      "copy_default_selector_FDE_mean": 182.49536316638483,
      "strongest_prior": "damped_velocity",
      "strongest_prior_ADE_mean": 108.91285381967371,
      "copy_default_selector_minus_strongest_prior_ADE": -0.05105462507768266,
      "copy_default_selector_beats_strongest_prior": true,
      "copy_default_selector_minus_last_observed_copy_ADE": -22.675204528461805,
      "copy_default_selector_hurts_copy": false
    },
    "test": {
      "sample_count": 35,
      "v30_ADE_mean": 106.48932634081159,
      "v30_FDE_mean": 189.37841688274182,
      "last_observed_copy_ADE_mean": 81.51359980106353,
      "last_observed_copy_FDE_mean": 151.50922551287258,
      "last_visible_copy_ADE_mean": 81.67324809006283,
      "last_visible_copy_FDE_mean": 152.35573770285478,
      "constant_velocity_ADE_mean": 196.69999399866376,
      "constant_velocity_FDE_mean": 408.74056019481355,
      "damped_velocity_ADE_mean": 106.59672514029911,
      "damped_velocity_FDE_mean": 233.80527428441258,
      "global_median_velocity_ADE_mean": 181.70998180253164,
      "global_median_velocity_FDE_mean": 372.6269196875749,
      "copy_default_selector_ADE_mean": 72.47477831499917,
      "copy_default_selector_FDE_mean": 162.716143709551,
      "strongest_prior": "last_observed_copy",
      "strongest_prior_ADE_mean": 81.51359980106353,
      "copy_default_selector_minus_strongest_prior_ADE": -9.038821486064364,
      "copy_default_selector_beats_strongest_prior": true,
      "copy_default_selector_minus_last_observed_copy_ADE": -9.038821486064364,
      "copy_default_selector_hurts_copy": false
    },
    "all": {
      "sample_count": 325,
      "v30_ADE_mean": 126.70885446086619,
      "v30_FDE_mean": 206.29918207485863,
      "last_observed_copy_ADE_mean": 116.70810838118665,
      "last_observed_copy_FDE_mean": 187.45279502176888,
      "last_visible_copy_ADE_mean": 116.87877904009893,
      "last_visible_copy_FDE_mean": 187.43841443275926,
      "constant_velocity_ADE_mean": 173.789317599445,
      "constant_velocity_FDE_mean": 310.1053543329728,
      "damped_velocity_ADE_mean": 120.88209283126974,
      "damped_velocity_FDE_mean": 212.18290035927848,
      "global_median_velocity_ADE_mean": 175.29932650398908,
      "global_median_velocity_FDE_mean": 306.3476426027347,
      "copy_default_selector_ADE_mean": 103.0988803659595,
      "copy_default_selector_FDE_mean": 173.48601346917138,
      "strongest_prior": "last_observed_copy",
      "strongest_prior_ADE_mean": 116.70810838118665,
      "copy_default_selector_minus_strongest_prior_ADE": -13.609228015227146,
      "copy_default_selector_beats_strongest_prior": true,
      "copy_default_selector_minus_last_observed_copy_ADE": -13.609228015227146,
      "copy_default_selector_hurts_copy": false
    }
  },
  "semantic_three_seed_passed": true,
  "stable_preservation": true,
  "identity_real_instance_three_seed_passed": true,
  "identity_pseudo_targets_excluded_from_claim": true,
  "pseudo_identity_diagnostic_sample_count_val": 36,
  "pseudo_identity_diagnostic_sample_count_test": 20,
  "semantic_changed_balanced_accuracy_val_mean": 0.5878541656354189,
  "semantic_changed_balanced_accuracy_test_mean": 0.5927800158523552,
  "semantic_hard_balanced_accuracy_val_mean": 0.5954859163145706,
  "semantic_hard_balanced_accuracy_test_mean": 0.5890257773352886,
  "semantic_uncertainty_balanced_accuracy_val_mean": 0.6327205441201175,
  "semantic_uncertainty_balanced_accuracy_test_mean": 0.5997945470101568,
  "identity_test_means": {
    "identity_retrieval_exclude_same_point_top1": 0.9972222222222221,
    "identity_retrieval_same_frame_top1": 0.9972222222222221,
    "identity_retrieval_instance_pooled_top1": 0.94921875,
    "identity_confuser_avoidance_top1": 0.9970051340559042,
    "occlusion_reappear_retrieval_top1": 0.0,
    "trajectory_crossing_retrieval_top1": 0.9961002785515319
  },
  "semantic_gap_vs_v35_49_teacher_trace_upper_bound": {
    "semantic_changed_balanced_accuracy_val_mean_gap_vs_teacher_trace_upper_bound": -0.04099696628994509,
    "semantic_changed_balanced_accuracy_test_mean_gap_vs_teacher_trace_upper_bound": -0.04027066524620149,
    "semantic_hard_balanced_accuracy_val_mean_gap_vs_teacher_trace_upper_bound": -0.06348623230830186,
    "semantic_hard_balanced_accuracy_test_mean_gap_vs_teacher_trace_upper_bound": -0.04070665631791304,
    "semantic_uncertainty_balanced_accuracy_val_mean_gap_vs_teacher_trace_upper_bound": -0.04040068185853296,
    "semantic_uncertainty_balanced_accuracy_test_mean_gap_vs_teacher_trace_upper_bound": -0.05871949673754906
  },
  "semantic_gap_vs_original_v36_v30_trace": {
    "semantic_changed_balanced_accuracy_val_mean_gap_vs_original_v36": 0.0025387775572638382,
    "semantic_changed_balanced_accuracy_test_mean_gap_vs_original_v36": 0.02690136965344725,
    "semantic_hard_balanced_accuracy_val_mean_gap_vs_original_v36": 0.0070956427585887605,
    "semantic_hard_balanced_accuracy_test_mean_gap_vs_original_v36": 0.01923455340287339,
    "semantic_uncertainty_balanced_accuracy_val_mean_gap_vs_original_v36": 0.02006941992375122,
    "semantic_uncertainty_balanced_accuracy_test_mean_gap_vs_original_v36": 0.030253000628656213
  },
  "v30_backbone_frozen": true,
  "future_leakage_detected": false,
  "trajectory_degraded": false,
  "causal_benchmark_passed": true,
  "m128_h32_causal_video_world_model_benchmark_claim_allowed": true,
  "m128_h32_teacher_trace_upper_bound_claim_allowed": true,
  "full_cvpr_scale_claim_allowed": false,
  "claim_boundary": "允许 claim M128/H32 full 325 causal video world model benchmark；不允许外推到 H64/H96、M512/M1024、1B、任意 horizon 或完整 open-vocabulary semantic field。",
  "recommended_next_step": "write_v36_causal_claim_boundary_and_packaging_audit",
  "中文结论": "V36.3 full 325 causal benchmark rerun 通过：selector trace 由 past-only observed trace 决定，semantic 三 seed、stable preservation、real-instance identity 三 seed 均通过。"
}