{
  "assignment_aware_subset_gain": {
    "test": 0.0048899054527282715,
    "val": 0.016128763556480408
  },
  "assignment_intervention_delta": {
    "test": -0.00010579824447631836,
    "val": 0.00506514310836792
  },
  "assignment_load_bearing_on_residual": false,
  "assignment_oracle_residual_probe_passed": false,
  "assignment_oracle_residual_probe_ran": true,
  "changed_semantic_signal": {
    "test": false,
    "val": false
  },
  "drop_unit_memory_delta": {
    "test": 0.0048899054527282715,
    "val": 0.016128763556480408
  },
  "effective_units": {
    "test": 7.919694423675537,
    "val": 6.596898078918457
  },
  "future_leakage_detected": false,
  "generated_at_utc": "2026-05-12T10:05:33.904724+00:00",
  "learned_gate_training_allowed": false,
  "pointwise_baseline_dominates": false,
  "recommended_next_step": "fix_assignment_bound_residual_model",
  "semantic_hard_signal": {
    "test": false,
    "val": false
  },
  "semantic_measurements_load_bearing_on_residual": false,
  "shuffle_assignment_metric_delta": {
    "test": -0.00010579824447631836,
    "val": 0.00506514310836792
  },
  "stable_preservation": {
    "test": true,
    "val": true
  },
  "strict_residual_subset_gain": {
    "test": 0.0021851658821105957,
    "val": 0.008796833455562592
  },
  "trajectory_degraded": false,
  "unit_dominant_instance_purity": {
    "test": 0.6670434484493102,
    "val": 0.7011030394823666
  },
  "unit_memory_load_bearing_on_residual": true,
  "unit_semantic_purity": {
    "test": 0.6020551057933837,
    "val": 0.6323136850131327
  },
  "v30_backbone_frozen": true,
  "v34_6_strict_residual_subset_gain": {
    "test": 0.016661137342453003,
    "val": 0.027522452175617218
  }
}
