{
  "batch_size": 32,
  "checkpoint_path": "outputs/checkpoints/stwm_ostf_v34_4_oracle_residual_probe_h32_m128/v34_4_oracle_residual_probe_m128_h32_seed42_best.pt",
  "duration_seconds": 2411.687732934952,
  "fresh_training_completed": true,
  "future_leakage_detected": false,
  "generated_at_utc": "2026-05-11T14:59:04.276387+00:00",
  "loss_tail": [
    {
      "different_instance_unit_separation": 0.062386974692344666,
      "direct_residual_content_loss": 0.4720235764980316,
      "identity_contrastive": 5.012564659118652,
      "loss": 1.9462270736694336,
      "point_assignment_entropy": 0.21631166338920593,
      "residual_identity_utility_loss": 0.1786624938249588,
      "residual_semantic_utility_loss": 0.44747593998908997,
      "same_instance_pair_attraction": 0.2051260620355606,
      "stable_pointwise_preservation_loss": -3.33723164658295e-08,
      "step": 991.0,
      "unit_anti_collapse": 0.27046334743499756,
      "unit_usage_entropy": 0.7295366525650024
    },
    {
      "different_instance_unit_separation": 0.048327602446079254,
      "direct_residual_content_loss": 0.4717380702495575,
      "identity_contrastive": 5.022270679473877,
      "loss": 1.843864917755127,
      "point_assignment_entropy": 0.20372718572616577,
      "residual_identity_utility_loss": 0.08138463646173477,
      "residual_semantic_utility_loss": 0.44722309708595276,
      "same_instance_pair_attraction": 0.14114108681678772,
      "stable_pointwise_preservation_loss": -3.6388595248126876e-08,
      "step": 992.0,
      "unit_anti_collapse": 0.29014408588409424,
      "unit_usage_entropy": 0.7098559141159058
    },
    {
      "different_instance_unit_separation": 0.05747690424323082,
      "direct_residual_content_loss": 0.47262895107269287,
      "identity_contrastive": 5.007443428039551,
      "loss": 1.8955368995666504,
      "point_assignment_entropy": 0.20456862449645996,
      "residual_identity_utility_loss": 0.13200414180755615,
      "residual_semantic_utility_loss": 0.4458233416080475,
      "same_instance_pair_attraction": 0.1680964082479477,
      "stable_pointwise_preservation_loss": -3.424819183805994e-08,
      "step": 993.0,
      "unit_anti_collapse": 0.29244160652160645,
      "unit_usage_entropy": 0.7075583934783936
    },
    {
      "different_instance_unit_separation": 0.06907613575458527,
      "direct_residual_content_loss": 0.46846678853034973,
      "identity_contrastive": 4.9837646484375,
      "loss": 1.9063282012939453,
      "point_assignment_entropy": 0.21206049621105194,
      "residual_identity_utility_loss": 0.14927642047405243,
      "residual_semantic_utility_loss": 0.44128698110580444,
      "same_instance_pair_attraction": 0.1826149821281433,
      "stable_pointwise_preservation_loss": -3.6256082580621296e-08,
      "step": 994.0,
      "unit_anti_collapse": 0.2872258424758911,
      "unit_usage_entropy": 0.7127741575241089
    },
    {
      "different_instance_unit_separation": 0.05904318019747734,
      "direct_residual_content_loss": 0.48079124093055725,
      "identity_contrastive": 4.923537254333496,
      "loss": 1.8808417320251465,
      "point_assignment_entropy": 0.20443947613239288,
      "residual_identity_utility_loss": 0.11398071050643921,
      "residual_semantic_utility_loss": 0.45521849393844604,
      "same_instance_pair_attraction": 0.16736765205860138,
      "stable_pointwise_preservation_loss": -3.5268492126760975e-08,
      "step": 995.0,
      "unit_anti_collapse": 0.2745041847229004,
      "unit_usage_entropy": 0.7254958152770996
    },
    {
      "different_instance_unit_separation": 0.06275295466184616,
      "direct_residual_content_loss": 0.47675827145576477,
      "identity_contrastive": 5.0400285720825195,
      "loss": 1.933852195739746,
      "point_assignment_entropy": 0.19429713487625122,
      "residual_identity_utility_loss": 0.17034383118152618,
      "residual_semantic_utility_loss": 0.4511749744415283,
      "same_instance_pair_attraction": 0.14061978459358215,
      "stable_pointwise_preservation_loss": -3.501064682609467e-08,
      "step": 996.0,
      "unit_anti_collapse": 0.2994781732559204,
      "unit_usage_entropy": 0.7005218267440796
    },
    {
      "different_instance_unit_separation": 0.07547952979803085,
      "direct_residual_content_loss": 0.466219961643219,
      "identity_contrastive": 5.0213117599487305,
      "loss": 1.9339356422424316,
      "point_assignment_entropy": 0.20919854938983917,
      "residual_identity_utility_loss": 0.16353696584701538,
      "residual_semantic_utility_loss": 0.4438788890838623,
      "same_instance_pair_attraction": 0.20507511496543884,
      "stable_pointwise_preservation_loss": -3.521669711403774e-08,
      "step": 997.0,
      "unit_anti_collapse": 0.2741435170173645,
      "unit_usage_entropy": 0.7258564829826355
    },
    {
      "different_instance_unit_separation": 0.05684233456850052,
      "direct_residual_content_loss": 0.47052139043807983,
      "identity_contrastive": 4.99213171005249,
      "loss": 1.8785678148269653,
      "point_assignment_entropy": 0.1990813910961151,
      "residual_identity_utility_loss": 0.11128183454275131,
      "residual_semantic_utility_loss": 0.44933372735977173,
      "same_instance_pair_attraction": 0.15721571445465088,
      "stable_pointwise_preservation_loss": -3.565253692272563e-08,
      "step": 998.0,
      "unit_anti_collapse": 0.29967987537384033,
      "unit_usage_entropy": 0.7003201246261597
    },
    {
      "different_instance_unit_separation": 0.055416304618120193,
      "direct_residual_content_loss": 0.4686122238636017,
      "identity_contrastive": 4.993264198303223,
      "loss": 1.8900415897369385,
      "point_assignment_entropy": 0.21127307415008545,
      "residual_identity_utility_loss": 0.14047150313854218,
      "residual_semantic_utility_loss": 0.4450451135635376,
      "same_instance_pair_attraction": 0.16725698113441467,
      "stable_pointwise_preservation_loss": -3.625384081828997e-08,
      "step": 999.0,
      "unit_anti_collapse": 0.2714124321937561,
      "unit_usage_entropy": 0.7285875678062439
    },
    {
      "different_instance_unit_separation": 0.05339421331882477,
      "direct_residual_content_loss": 0.4823114275932312,
      "identity_contrastive": 5.029687404632568,
      "loss": 1.8930268287658691,
      "point_assignment_entropy": 0.19628016650676727,
      "residual_identity_utility_loss": 0.11124824732542038,
      "residual_semantic_utility_loss": 0.4574126899242401,
      "same_instance_pair_attraction": 0.14450617134571075,
      "stable_pointwise_preservation_loss": -3.388118940961249e-08,
      "step": 1000.0,
      "unit_anti_collapse": 0.2947571873664856,
      "unit_usage_entropy": 0.7052428126335144
    }
  ],
  "oracle_gate_training": true,
  "oracle_residual_probe_ran": true,
  "pointwise_base_frozen": true,
  "steps": 1000,
  "train_loss_decreased": true,
  "train_loss_first": {
    "different_instance_unit_separation": 0.07726556807756424,
    "direct_residual_content_loss": 1.008131980895996,
    "identity_contrastive": 4.980782508850098,
    "loss": 4.040050029754639,
    "point_assignment_entropy": 0.930634081363678,
    "residual_identity_utility_loss": 1.0744892358779907,
    "residual_semantic_utility_loss": 0.6511017084121704,
    "same_instance_pair_attraction": 2.492556095123291,
    "stable_pointwise_preservation_loss": -3.6729563390736075e-08,
    "step": 1.0,
    "unit_anti_collapse": 0.03849220275878906,
    "unit_usage_entropy": 0.9615077972412109
  },
  "train_loss_last": {
    "different_instance_unit_separation": 0.05339421331882477,
    "direct_residual_content_loss": 0.4823114275932312,
    "identity_contrastive": 5.029687404632568,
    "loss": 1.8930268287658691,
    "point_assignment_entropy": 0.19628016650676727,
    "residual_identity_utility_loss": 0.11124824732542038,
    "residual_semantic_utility_loss": 0.4574126899242401,
    "same_instance_pair_attraction": 0.14450617134571075,