{
  "assignment_contrast_loss_active": true,
  "assignment_contrast_loss_first": 0.6975177526473999,
  "assignment_contrast_loss_last": 0.4989449083805084,
  "assignment_contrast_loss_mean": 0.5915703692219474,
  "checkpoint_path": "outputs/checkpoints/stwm_ostf_v34_12_local_evidence_oracle_residual_probe_h32_m128/v34_12_local_evidence_oracle_residual_probe_m128_h32_seed42_best.pt",
  "duration_seconds": 984.3524897098541,
  "fresh_training_completed": true,
  "future_leakage_detected": false,
  "generated_at_utc": "2026-05-13T06:14:17.736712+00:00",
  "init_checkpoint": {
    "checkpoint_path": "outputs/checkpoints/stwm_ostf_v34_11_local_semantic_usage_oracle_probe_h32_m128/v34_11_local_semantic_usage_oracle_probe_m128_h32_seed42_best.pt",
    "init_source": "v34_11_local_usage",
    "loaded_key_count": 235,
    "missing_key_count": 42,
    "unexpected_key_count": 0
  },
  "loss_trace": [
    {
      "assignment_contrast_loss": 0.6975177526473999,
      "attention_entropy_loss": 0.9067572951316833,
      "different_instance_unit_separation": 0.02239180915057659,
      "final_semantic_target_loss": 0.7036989331245422,
      "local_semantic_evidence_target_loss": 1.0053223371505737,
      "loss": 3.4283087253570557,
      "point_assignment_entropy": 0.04676157608628273,
      "same_instance_pair_attraction": 0.03962734714150429,
      "semantic_hard_local_residual_loss": 0.6239016652107239,
      "semantic_measurement_causal_contrast_loss": 0.7000967860221863,
      "stable_preservation_loss": -3.544266036215049e-08,
      "step": 1.0,
      "unit_anti_collapse": 0.3171241879463196,
      "unit_memory_target_loss": 0.9934435486793518,
      "unit_usage_entropy": 0.6828758120536804
    },
    {
      "assignment_contrast_loss": 0.6544060111045837,
      "attention_entropy_loss": 0.052742525935173035,
      "different_instance_unit_separation": 0.022655950859189034,
      "final_semantic_target_loss": 0.5928370356559753,
      "local_semantic_evidence_target_loss": 0.7043653726577759,
      "loss": 2.653782844543457,
      "point_assignment_entropy": 0.04943181201815605,
      "same_instance_pair_attraction": 0.07244596630334854,
      "semantic_hard_local_residual_loss": 0.6116784811019897,
      "semantic_measurement_causal_contrast_loss": 0.6626354455947876,
      "stable_preservation_loss": -3.667978276666872e-08,
      "step": 150.0,
      "unit_anti_collapse": 0.274718701839447,
      "unit_memory_target_loss": 0.5855817198753357,
      "unit_usage_entropy": 0.725281298160553
    },
    {
      "assignment_contrast_loss": 0.6465402245521545,
      "attention_entropy_loss": 0.0049986992962658405,
      "different_instance_unit_separation": 0.01934429444372654,
      "final_semantic_target_loss": 0.5062592029571533,
      "local_semantic_evidence_target_loss": 0.6651546955108643,
      "loss": 2.3760106563568115,
      "point_assignment_entropy": 0.04533844068646431,
      "same_instance_pair_attraction": 0.04860769584774971,
      "semantic_hard_local_residual_loss": 0.6010649800300598,
      "semantic_measurement_causal_contrast_loss": 0.6495200395584106,
      "stable_preservation_loss": -3.333230580437885e-08,
      "step": 300.0,
      "unit_anti_collapse": 0.2512843608856201,
      "unit_memory_target_loss": 0.4613189399242401,
      "unit_usage_entropy": 0.7487156391143799
    },
    {
      "assignment_contrast_loss": 0.627815842628479,
      "attention_entropy_loss": 0.0018791970796883106,
      "different_instance_unit_separation": 0.018271086737513542,
      "final_semantic_target_loss": 0.45553722977638245,
      "local_semantic_evidence_target_loss": 0.6167179942131042,
      "loss": 2.2763211727142334,
      "point_assignment_entropy": 0.053570788353681564,
      "same_instance_pair_attraction": 0.04201396182179451,
      "semantic_hard_local_residual_loss": 0.6221678853034973,
      "semantic_measurement_causal_contrast_loss": 0.638742208480835,
      "stable_preservation_loss": -3.3209246907972556e-08,
      "step": 450.0,
      "unit_anti_collapse": 0.3174697160720825,
      "unit_memory_target_loss": 0.4388118386268616,
      "unit_usage_entropy": 0.6825302839279175
    },
    {
      "assignment_contrast_loss": 0.5688581466674805,
      "attention_entropy_loss": 0.0009527212241664529,
      "different_instance_unit_separation": 0.02247731387615204,
      "final_semantic_target_loss": 0.4115080237388611,
      "local_semantic_evidence_target_loss": 0.5820980668067932,
      "loss": 2.0682454109191895,
      "point_assignment_entropy": 0.051996733993291855,
      "same_instance_pair_attraction": 0.060485247522592545,
      "semantic_hard_local_residual_loss": 0.5482006669044495,
      "semantic_measurement_causal_contrast_loss": 0.6095778346061707,
      "stable_preservation_loss": -3.207813747962973e-08,
      "step": 600.0,
      "unit_anti_collapse": 0.24775153398513794,
      "unit_memory_target_loss": 0.38348275423049927,
      "unit_usage_entropy": 0.7522484660148621
    },
    {
      "assignment_contrast_loss": 0.5886510610580444,
      "attention_entropy_loss": 0.000600102765019983,
      "different_instance_unit_separation": 0.02809489518404007,
      "final_semantic_target_loss": 0.38526391983032227,
      "local_semantic_evidence_target_loss": 0.43660593032836914,
      "loss": 1.9993823766708374,
      "point_assignment_entropy": 0.06004822626709938,
      "same_instance_pair_attraction": 0.0680626705288887,
      "semantic_hard_local_residual_loss": 0.5898715257644653,
      "semantic_measurement_causal_contrast_loss": 0.6311482787132263,
      "stable_preservation_loss": -3.6051780227808194e-08,
      "step": 750.0,
      "unit_anti_collapse": 0.3297621011734009,
      "unit_memory_target_loss": 0.35753682255744934,
      "unit_usage_entropy": 0.6702378988265991
    },
    {
      "assignment_contrast_loss": 0.5806024074554443,
      "attention_entropy_loss": 0.0005249236710369587,
      "different_instance_unit_separation": 0.026078959926962852,
      "final_semantic_target_loss": 0.34254026412963867,
      "local_semantic_evidence_target_loss": 0.42905041575431824,
      "loss": 1.8794400691986084,
      "point_assignment_entropy": 0.05384371429681778,
      "same_instance_pair_attraction": 0.0489148385822773,
      "semantic_hard_local_residual_loss": 0.5788748860359192,
      "semantic_measurement_causal_contrast_loss": 0.6268790364265442,
      "stable_preservation_loss": -3.691526373472698e-08,
      "step": 900.0,
      "unit_anti_collapse": 0.28365951776504517,
      "unit_memory_target_loss": 0.3201269805431366,
      "unit_usage_entropy": 0.7163404822349548
    },
    {
      "assignment_contrast_loss": 0.5525816679000854,
      "attention_entropy_loss": 5.42904126632493e-05,
      "different_instance_unit_separation": 0.026200557127594948,
      "final_semantic_target_loss": 0.3239454925060272,
      "local_semantic_evidence_target_loss": 0.35518184304237366,
      "loss": 1.8086154460906982,
      "point_assignment_entropy": 0.05910994112491608,
      "same_instance_pair_attraction": 0.06173165142536163,
      "semantic_hard_local_residual_loss": 0.590591311454773,
      "semantic_measurement_causal_contrast_loss": 0.6222817301750183,
      "stable_preservation_loss": -3.635934930912299e-08,
      "step": 1050.0,
      "unit_anti_collapse": 0.2923690676689148,
      "unit_memory_target_loss": 0.3142659366130829,
      "unit_usage_entropy": 0.7076309323310852
    },
    {
      "assignment_contrast_loss": 0.5278164744377136,
      "attention_entropy_loss": 0.00015070897643454373,
      "different_instance_unit_separation": 0.01817837730050087,
      "final_semantic_target_loss": 0.3105158805847168,
      "local_semantic_evidence_target_loss": 0.37473949790000916,
      "loss": 1.785071849822998,
      "point_assignment_entropy": 0.040592651814222336,
      "same_instance_pair_attraction": 0.035700567066669464,
      "semantic_hard_local_residual_loss": 0.5508328080177307,