{
  "baseline_selected_on_val": true,
  "case_mined_visualizations_ready": true,
  "changed_top5_beats_strongest_baseline": false,
  "changed_update_gate_recall": {
    "test": {
      "mean": 0.5191397577605891,
      "std": 0.0,
      "worst": 0.5191397577605891
    },
    "val": {
      "mean": 0.49576093183120107,
      "std": 0.0,
      "worst": 0.49576093183120107
    }
  },
  "complete_train_sample_count": 128,
  "fresh_training_completed": true,
  "gate_collapse_detected": false,
  "generated_at_utc": "2026-05-10T12:29:41.795320+00:00",
  "hard_identity_ROC_AUC_test": {
    "mean": 0.5911789769824708,
    "std": 0.0010343258734479904,
    "worst": 0.5897285138888524
  },
  "hard_identity_ROC_AUC_val": {
    "mean": 0.6300356978843699,
    "std": 0.0007511250855438749,
    "worst": 0.6289765276866192
  },
  "identity_path_frozen_or_distilled": true,
  "identity_preserving_model_built": true,
  "identity_regressed_vs_v33_9": false,
  "integrated_identity_field_claim_allowed": false,
  "integrated_semantic_field_claim_allowed": false,
  "nontrivial_baseline_mismatch_fixed": true,
  "oracle_gate_upper_bound_done": true,
  "recommended_next_step": "fix_semantic_copy_residual_loss",
  "semantic_change_AUROC": {
    "test": {
      "mean": 0.6145668613308223,
      "std": 0.0,
      "worst": 0.6145668613308223
    },
    "val": {
      "mean": 0.5255276248198221,
      "std": 0.0,
      "worst": 0.5255276248198221
    }
  },
  "semantic_hard_seed_locked_fixed": true,
  "semantic_hard_top5_beats_strongest_baseline": false,
  "stable_preservation_not_degraded_top5": false,
  "stable_wrong_update_rate": {
    "test": {
      "mean": 0.3684449898748136,
      "std": 5.551115123125783e-17,
      "worst": 0.36844498987481356
    },
    "val": {
      "mean": 0.4526354154383783,
      "std": 0.0,
      "worst": 0.4526354154383783
    }
  },
  "trajectory_degraded": false,
  "v33_10_forensics_done": true,
  "val_calibrated_balanced_accuracy_test": {
    "mean": 0.5609158475525864,
    "std": 0.007429661446763602,
    "worst": 0.5505404025360623
  },
  "val_calibrated_balanced_accuracy_val": {
    "mean": 0.5848452388922363,
    "std": 0.0013284083073194478,
    "worst": 0.5830153310571065
  }
}
