{
  "batch_size": 32,
  "checkpoint_path": "outputs/checkpoints/stwm_ostf_v33_10_copy_residual_semantic_h32_m128/v33_10_copy_residual_semantic_m128_h32_seed42_best.pt",
  "complete_train_sample_count": 128,
  "completed": true,
  "copy_prior_active": true,
  "copy_residual_target_root": "outputs/cache/stwm_ostf_v33_10_copy_residual_semantic_targets/pointodyssey/clip_vit_b32_local/K32",
  "duration_seconds": 173.92525672912598,
  "experiment_name": "v33_10_copy_residual_semantic_m128_h32_seed42",
  "fresh_training_completed": true,
  "future_teacher_leakage_detected": false,
  "generated_at_utc": "2026-05-10T10:57:33.943191+00:00",
  "global_identity_labels_used": true,
  "hard_mask_manifest": "manifests/ostf_v33_8_split_matched_hard_identity_semantic/H32_M128_seed42.json",
  "integrated_v30_backbone_used": true,
  "loss_tail": [
    {
      "identity_bce": 0.03653736039996147,
      "identity_exclude_same_point": 1.2049318552017212,
      "identity_global_contrastive": 1.042927861213684,
      "identity_same_frame": 0.16034774482250214,
      "loss": 1.2489434480667114,
      "semantic_change_gate_bce": 0.19562312960624695,
      "semantic_changed_ce": 0.21901243925094604,
      "semantic_full_ce": 0.10348018258810043,
      "semantic_hard_ce": 0.21901243925094604,
      "semantic_stable_ce": 0.08338186144828796,
      "stable_gate_mean": 0.07383221387863159,
      "step": 1491.0,
      "visibility_bce": 0.48233893513679504
    },
    {
      "identity_bce": 0.05360844358801842,
      "identity_exclude_same_point": 0.9563965797424316,
      "identity_global_contrastive": 1.0376023054122925,
      "identity_same_frame": 0.017949029803276062,
      "loss": 1.2746827602386475,
      "semantic_change_gate_bce": 0.2312508374452591,
      "semantic_changed_ce": 0.20311030745506287,
      "semantic_full_ce": 0.13347849249839783,
      "semantic_hard_ce": 0.20311030745506287,
      "semantic_stable_ce": 0.1171279326081276,
      "stable_gate_mean": 0.10932312905788422,
      "step": 1492.0,
      "visibility_bce": 0.5381168723106384
    },
    {
      "identity_bce": 0.04369167238473892,
      "identity_exclude_same_point": 1.1065328121185303,
      "identity_global_contrastive": 1.0008450746536255,
      "identity_same_frame": 2.6224513931083493e-05,
      "loss": 1.2481675148010254,
      "semantic_change_gate_bce": 0.22058723866939545,
      "semantic_changed_ce": 0.2278001457452774,
      "semantic_full_ce": 0.10515154898166656,
      "semantic_hard_ce": 0.2278001457452774,
      "semantic_stable_ce": 0.08490073680877686,
      "stable_gate_mean": 0.07900359481573105,
      "step": 1493.0,
      "visibility_bce": 0.5006206035614014
    },
    {
      "identity_bce": 0.044473256915807724,
      "identity_exclude_same_point": 1.1361843347549438,
      "identity_global_contrastive": 1.2167302370071411,
      "identity_same_frame": 0.1109161376953125,
      "loss": 1.324873924255371,
      "semantic_change_gate_bce": 0.21409930288791656,
      "semantic_changed_ce": 0.2587871849536896,
      "semantic_full_ce": 0.09906744956970215,
      "semantic_hard_ce": 0.2587871849536896,
      "semantic_stable_ce": 0.07116302102804184,
      "stable_gate_mean": 0.0667499229311943,
      "step": 1494.0,
      "visibility_bce": 0.5268607139587402
    },
    {
      "identity_bce": 0.03902573511004448,
      "identity_exclude_same_point": 1.3356302976608276,
      "identity_global_contrastive": 1.1431751251220703,
      "identity_same_frame": 0.0,
      "loss": 1.3636332750320435,
      "semantic_change_gate_bce": 0.22472243010997772,
      "semantic_changed_ce": 0.26941367983818054,
      "semantic_full_ce": 0.10000252723693848,
      "semantic_hard_ce": 0.26941367983818054,
      "semantic_stable_ce": 0.07181758433580399,
      "stable_gate_mean": 0.06008323282003403,
      "step": 1495.0,
      "visibility_bce": 0.4676881730556488
    },
    {
      "identity_bce": 0.042895346879959106,
      "identity_exclude_same_point": 1.0744901895523071,
      "identity_global_contrastive": 1.104436993598938,
      "identity_same_frame": 0.0,
      "loss": 1.2769232988357544,
      "semantic_change_gate_bce": 0.1971704512834549,
      "semantic_changed_ce": 0.2486415058374405,
      "semantic_full_ce": 0.10963170230388641,
      "semantic_hard_ce": 0.2486415058374405,
      "semantic_stable_ce": 0.07983928918838501,
      "stable_gate_mean": 0.07768002897500992,
      "step": 1496.0,
      "visibility_bce": 0.5074620246887207
    },
    {
      "identity_bce": 0.041956815868616104,
      "identity_exclude_same_point": 1.1653984785079956,
      "identity_global_contrastive": 1.2844130992889404,
      "identity_same_frame": 0.20987944304943085,
      "loss": 1.4083847999572754,
      "semantic_change_gate_bce": 0.2350708693265915,
      "semantic_changed_ce": 0.2649165093898773,
      "semantic_full_ce": 0.10725179314613342,
      "semantic_hard_ce": 0.2649165093898773,
      "semantic_stable_ce": 0.08461315929889679,
      "stable_gate_mean": 0.07782968133687973,
      "step": 1497.0,
      "visibility_bce": 0.5026705265045166
    },
    {
      "identity_bce": 0.04445114731788635,
      "identity_exclude_same_point": 1.1591485738754272,
      "identity_global_contrastive": 1.320204496383667,
      "identity_same_frame": 0.0,
      "loss": 1.306327223777771,
      "semantic_change_gate_bce": 0.2193114012479782,
      "semantic_changed_ce": 0.20497539639472961,
      "semantic_full_ce": 0.11822742223739624,
      "semantic_hard_ce": 0.20497539639472961,
      "semantic_stable_ce": 0.10111966729164124,
      "stable_gate_mean": 0.09461775422096252,
      "step": 1498.0,
      "visibility_bce": 0.48928648233413696
    },
    {
      "identity_bce": 0.040121618658304214,
      "identity_exclude_same_point": 1.1359602212905884,
      "identity_global_contrastive": 1.2161933183670044,
      "identity_same_frame": 0.0,
      "loss": 1.2795231342315674,
      "semantic_change_gate_bce": 0.2057858407497406,
      "semantic_changed_ce": 0.2390756607055664,
      "semantic_full_ce": 0.10039827227592468,
      "semantic_hard_ce": 0.2390756607055664,
      "semantic_stable_ce": 0.0763702318072319,
      "stable_gate_mean": 0.07059086114168167,
      "step": 1499.0,
      "visibility_bce": 0.5142214298248291
    },
    {
      "identity_bce": 0.04302211105823517,
      "identity_exclude_same_point": 1.0157902240753174,
      "identity_global_contrastive": 1.2258225679397583,
      "identity_same_frame": 0.11853969842195511,
      "loss": 1.266948938369751,
      "semantic_change_gate_bce": 0.20105527341365814,
      "semantic_changed_ce": 0.23612509667873383,
      "semantic_full_ce": 0.10531026870012283,
      "semantic_hard_ce": 0.23612509667873383,
      "semantic_stable_ce": 0.07838334143161774,
      "stable_gate_mean": 0.07306931167840958,
      "step": 1500.0,
      "visibility_bce": 0.4952300488948822
    }
  ],
  "observed_instance_context_used": false,
  "observed_visual_teacher_context_used": true,
  "sample_local_collision_prevented": true,
  "semantic_change_gate_active": true,
  "steps": 1500,
  "target_root": "outputs/cache/stwm_ostf_v33_8_complete_h32_m128",
  "train_loss_decreased": true,
  "train_loss_first": {
    "identity_bce": 0.07689275592565536,
    "identity_exclude_same_point": 4.95693302154541,
    "identity_global_contrastive": 4.70025110244751,
    "identity_same_frame": 0.36738523840904236,
    "loss": 12.867659568786621,
    "semantic_change_gate_bce": 1.1937018632888794,
    "semantic_changed_ce": 4.081871032714844,
    "semantic_full_ce": 1.23008394241333,
    "semantic_hard_ce": 4.081871032714844,
    "semantic_stable_ce": 0.7529582977294922,
    "stable_gate_mean": 0.5455688834190369,
    "step": 1.0,
    "visibility_bce": 0.518911600112915
  },
  "train_loss_last": {
    "identity_bce": 0.04302211105823517,
    "identity_exclude_same_point": 1.0157902240753174,
    "identity_global_contrastive": 1.2258225679397583,