{
  "candidate_AP": 0.11158831249483481,
  "candidate_AUROC": 0.6299818853905234,
  "candidate_MRR": 0.4478000735542371,
  "candidate_feature_used_for_rollout": false,
  "candidate_feature_used_for_scoring": true,
  "candidate_positive_rate": 0.06808961016052213,
  "candidate_record_count": 5669,
  "candidate_score_mode": "posterior_v6_no_distance",
  "candidate_top1": 0.23316062176165803,
  "dev": {
    "candidate_AP": 0.12108349217153888,
    "candidate_AUROC": 0.6627962656745211,
    "candidate_MRR": 0.4761750988231233,
    "candidate_positive_rate": 0.0675008231807705,
    "candidate_record_count": 3037,
    "candidate_top1": 0.2682926829268293,
    "metric_items": 205
  },
  "full_free_rollout_executed": true,
  "full_model_forward_executed": true,
  "future_candidate_used_as_input": false,
  "generated_at_utc": "2026-04-28T16:00:45.985872+00:00",
  "heldout": {
    "candidate_AP": 0.10308408276364911,
    "candidate_AUROC": 0.5915930131122487,
    "candidate_MRR": 0.4156626139955552,
    "candidate_positive_rate": 0.06876899696048633,
    "candidate_record_count": 2632,
    "candidate_top1": 0.19337016574585636,
    "metric_items": 181
  },
  "metric_items": 386,
  "mode": "posterior_v6_no_distance",
  "old_association_report_used": false,
  "per_subset_breakdown": {
    "OOD_hard": {
      "candidate_AP": null,
      "candidate_AUROC": null,
      "candidate_MRR": null,
      "candidate_positive_rate": null,
      "candidate_record_count": 0,
      "candidate_top1": null,
      "metric_items": 0
    },
    "appearance_change": {
      "candidate_AP": 0.1538917356025668,
      "candidate_AUROC": 0.5255550400954337,
      "candidate_MRR": 0.4933572532078608,
      "candidate_positive_rate": 0.14195867026055706,
      "candidate_record_count": 1113,
      "candidate_top1": 0.2721518987341772,
      "metric_items": 158
    },
    "crossing_ambiguity": {
      "candidate_AP": 0.09700544849357201,
      "candidate_AUROC": 0.6444456938916756,
      "candidate_MRR": 0.41356707603762993,
      "candidate_positive_rate": 0.05753476852733854,
      "candidate_record_count": 5249,
      "candidate_top1": 0.20860927152317882,
      "metric_items": 302
    },
    "long_gap_persistence": {
      "candidate_AP": 0.31018220518237566,
      "candidate_AUROC": 0.5783783783783784,
      "candidate_MRR": 0.55885989010989,
      "candidate_positive_rate": 0.21940928270042195,
      "candidate_record_count": 237,
      "candidate_top1": 0.3076923076923077,
      "metric_items": 52
    },
    "occlusion_reappearance": {
      "candidate_AP": 0.17685450583699083,
      "candidate_AUROC": 0.5600957775014965,
      "candidate_MRR": 0.5366417739449238,
      "candidate_positive_rate": 0.12932790224032586,
      "candidate_record_count": 982,
      "candidate_top1": 0.31496062992125984,
      "metric_items": 127
    }
  },
  "stage2_val_fallback_used": false
}
