{
  "candidate": "v33_13_gate_repaired_copy_semantic_m128_h32_seed42",
  "changed_top5_beats_strongest_baseline": false,
  "double_sigmoid_bug_fixed": true,
  "effective_gate_mean_by_subset": {
    "changed": {
      "test": {
        "mean": 0.44753509759902954,
        "std": 0.0,
        "worst": 0.44753509759902954
      },
      "val": {
        "mean": 0.4208942949771881,
        "std": 0.0,
        "worst": 0.4208942949771881
      }
    },
    "stable": {
      "test": {
        "mean": 0.3528091609477997,
        "std": 0.0,
        "worst": 0.3528091609477997
      },
      "val": {
        "mean": 0.37251314520835876,
        "std": 0.0,
        "worst": 0.37251314520835876
      }
    }
  },
  "future_teacher_leakage_detected": false,
  "gate_collapse_detected": false,
  "gate_positive_ratio": {
    "test": {
      "mean": 0.42024980353180474,
      "std": 0.0,
      "worst": 0.42024980353180474
    },
    "val": {
      "mean": 0.4044270833333334,
      "std": 5.551115123125783e-17,
      "worst": 0.4044270833333333
    }
  },
  "gate_protocol_repaired": true,
  "generated_at_utc": "2026-05-10T14:39:30.562639+00:00",
  "hard_identity_ROC_AUC_test": {
    "mean": 0.5911789769824708,
    "std": 0.0010343258734479904,
    "worst": 0.5897285138888524
  },
  "hard_identity_ROC_AUC_val": {
    "mean": 0.6300356978843699,
    "std": 0.0007511250855438749,
    "worst": 0.6289765276866192
  },
  "identity_regressed_vs_v33_9": false,
  "pass_gate": false,
  "semantic_change_AUROC": {
    "test": {
      "mean": 0.5691369169430244,
      "std": 0.0,
      "worst": 0.5691369169430244
    },
    "val": {
      "mean": 0.5611082091126416,
      "std": 0.0,
      "worst": 0.5611082091126416
    }
  },
  "semantic_change_balanced_accuracy": {
    "test": {
      "mean": 0.5527539107036659,
      "std": 0.0,
      "worst": 0.5527539107036659
    },
    "val": {
      "mean": 0.5217505805124001,
      "std": 0.0,
      "worst": 0.5217505805124001
    }
  },
  "semantic_hard_top5_beats_strongest_baseline": false,
  "stable_preservation_not_degraded_top5": false,
  "stable_wrong_update_rate": {
    "test": {
      "mean": 0.35446763901262707,
      "std": 0.0,
      "worst": 0.35446763901262707
    },
    "val": {
      "mean": 0.3813906843518817,
      "std": 0.0,
      "worst": 0.3813906843518817
    }
  },
  "train_eval_gate_consistent": true,
  "trajectory_degraded": false,
  "val_calibrated_balanced_accuracy_test": {
    "mean": 0.5609158475525864,
    "std": 0.007429661446763602,
    "worst": 0.5505404025360623
  },
  "val_calibrated_balanced_accuracy_val": {
    "mean": 0.5848452388922363,
    "std": 0.0013284083073194478,
    "worst": 0.5830153310571065
  },
  "visibility_AUROC": {
    "test": {
      "mean": 0.5956900291725351,
      "std": 0.0,
      "worst": 0.5956900291725351
    },
    "val": {
      "mean": 0.59692317777081,
      "std": 0.0,
      "worst": 0.59692317777081
    }
  },
  "visibility_F1": {
    "test": {
      "mean": 0.7703611510149799,
      "std": 0.0,
      "worst": 0.7703611510149799
    },
    "val": {
      "mean": 0.7953675696452147,
      "std": 0.0,
      "worst": 0.7953675696452147
    }
  }
}
