{
  "any_variant_train_top5_gt_0p8": false,
  "any_variant_val_top5_beats_frequency": false,
  "audit_name": "stwm_semantic_field_tiny_recipe_ablation_v1",
  "best_variant": "semantic_fusion_gate_norm_c32",
  "best_variant_train_top5": 0.6883645141580611,
  "best_variant_val_top5": 0.34438775494998813,
  "item_count": 32,
  "recipe_ablation_finds_success": false,
  "steps_per_variant": 300,
  "trace_regression_detected": false,
  "train_item_count": 24,
  "val_item_count": 8,
  "variants": [
    {
      "loss_finite_ratio": 1.0,
      "lr": 1e-05,
      "name": "ce_only_c32_lr1e-5",
      "prototype_count": 32,
      "steps": 300,
      "trace_regression_detected": false,
      "train_metrics_end": {
        "frequency_ce": 2.5969772338867188,
        "frequency_top1": 0.20585842430591583,
        "frequency_top5": 0.6224572658538818,
        "proto_accuracy": 0.20585841900669796,
        "proto_ce": 2.656986341910987,
        "proto_top5": 0.6248982839947119,
        "valid_count": 1229
      },
      "train_metrics_start": {
        "frequency_ce": 2.5969772338867188,
        "frequency_top1": 0.20585842430591583,
        "frequency_top5": 0.6224572658538818,
        "proto_accuracy": 0.0,
        "proto_ce": 3.744084234835172,
        "proto_top5": 0.03173311651010669,
        "valid_count": 1229
      },
      "train_top5_gt_0p8": false,
      "trainable_param_count": 1538855,
      "val_metrics_end": {
        "frequency_ce": 2.473191738128662,
        "frequency_top1": 0.2015306055545807,
        "frequency_top5": 0.6352040767669678,
        "proto_accuracy": 0.12244897837541541,
        "proto_ce": 3.579365244933537,
        "proto_top5": 0.3137755129600362,
        "valid_count": 392
      },
      "val_metrics_start": {
        "frequency_ce": 2.473191738128662,
        "frequency_top1": 0.2015306055545807,
        "frequency_top5": 0.6352040767669678,
        "proto_accuracy": 0.20153061756674123,
        "proto_ce": 3.382551187155198,
        "proto_top5": 0.34183673028435024,
        "valid_count": 392
      },
      "val_top5_beats_frequency": false
    },
    {
      "loss_finite_ratio": 1.0,
      "lr": 3e-05,
      "name": "ce_only_c32_lr3e-5",
      "prototype_count": 32,
      "steps": 300,
      "trace_regression_detected": false,
      "train_metrics_end": {
        "frequency_ce": 2.5969772338867188,
        "frequency_top1": 0.20585842430591583,
        "frequency_top5": 0.6224572658538818,
        "proto_accuracy": 0.20585841900669796,
        "proto_ce": 2.5449836692546226,
        "proto_top5": 0.6631407591751477,
        "valid_count": 1229
      },
      "train_metrics_start": {
        "frequency_ce": 2.5969772338867188,
        "frequency_top1": 0.20585842430591583,
        "frequency_top5": 0.6224572658538818,
        "proto_accuracy": 0.06183889191718946,
        "proto_ce": 3.7316677077598355,
        "proto_top5": 0.10414971420321648,
        "valid_count": 1229
      },
      "train_top5_gt_0p8": false,
      "trainable_param_count": 1538855,
      "val_metrics_end": {
        "frequency_ce": 2.473191738128662,
        "frequency_top1": 0.2015306055545807,
        "frequency_top5": 0.6352040767669678,
        "proto_accuracy": 0.12244897837541541,
        "proto_ce": 4.310346793155281,
        "proto_top5": 0.3137755129600362,
        "valid_count": 392
      },
      "val_metrics_start": {
        "frequency_ce": 2.473191738128662,
        "frequency_top1": 0.2015306055545807,
        "frequency_top5": 0.6352040767669678,
        "proto_accuracy": 0.0051020405834958866,
        "proto_ce": 3.7368025645917777,
        "proto_top5": 0.045918366339589865,
        "valid_count": 392
      },
      "val_top5_beats_frequency": false
    },
    {
      "loss_finite_ratio": 1.0,
      "lr": 0.0001,
      "name": "ce_only_c32_lr1e-4",
      "prototype_count": 32,
      "steps": 300,
      "trace_regression_detected": false,
      "train_metrics_end": {
        "frequency_ce": 2.5969772338867188,
        "frequency_top1": 0.20585842430591583,
        "frequency_top5": 0.6224572658538818,
        "proto_accuracy": 0.30187143650939546,
        "proto_ce": 2.259148409349148,
        "proto_top5": 0.7388120376064682,
        "valid_count": 1229
      },
      "train_metrics_start": {
        "frequency_ce": 2.5969772338867188,
        "frequency_top1": 0.20585842430591583,
        "frequency_top5": 0.6224572658538818,
        "proto_accuracy": 0.01220504443659057,
        "proto_ce": 3.722881910566201,
        "proto_top5": 0.16110658560757524,
        "valid_count": 1229
      },
      "train_top5_gt_0p8": false,
      "trainable_param_count": 1538855,
      "val_metrics_end": {
        "frequency_ce": 2.473191738128662,
        "frequency_top1": 0.2015306055545807,
        "frequency_top5": 0.6352040767669678,
        "proto_accuracy": 0.13520407737517842,
        "proto_ce": 5.149514330893147,
        "proto_top5": 0.30612243472465445,
        "valid_count": 392
      },
      "val_metrics_start": {
        "frequency_ce": 2.473191738128662,
        "frequency_top1": 0.2015306055545807,
        "frequency_top5": 0.6352040767669678,
        "proto_accuracy": 0.015306122427597185,
        "proto_ce": 3.7571266281361484,
        "proto_top5": 0.13520407399200662,
        "valid_count": 392
      },
      "val_top5_beats_frequency": false
    },
    {
      "loss_finite_ratio": 1.0,
      "lr": 3e-05,
      "name": "ce_soft_kl_c32",
      "prototype_count": 32,
      "soft_kl_weight": 0.1,
      "steps": 300,
      "trace_regression_detected": false,
      "train_metrics_end": {
        "frequency_ce": 2.5969772338867188,
        "frequency_top1": 0.20585842430591583,
        "frequency_top5": 0.6224572658538818,
        "proto_accuracy": 0.20911309566724653,
        "proto_ce": 2.5515262271642105,
        "proto_top5": 0.6615134214268553,
        "valid_count": 1229
      },
      "train_metrics_start": {
        "frequency_ce": 2.5969772338867188,
        "frequency_top1": 0.20585842430591583,
        "frequency_top5": 0.6224572658538818,
        "proto_accuracy": 0.06590724116580772,
        "proto_ce": 3.6040238272959475,
        "proto_top5": 0.13913750818849482,
        "valid_count": 1229
      },
      "train_top5_gt_0p8": false,
      "trainable_param_count": 1538855,
      "val_metrics_end": {
        "frequency_ce": 2.473191738128662,
        "frequency_top1": 0.2015306055545807,
        "frequency_top5": 0.6352040767669678,
        "proto_accuracy": 0.12244897837541541,
        "proto_ce": 4.1194726058415005,
        "proto_top5": 0.3137755129600362,
        "valid_count": 392
      },
      "val_metrics_start": {
        "frequency_ce": 2.473191738128662,
        "frequency_top1": 0.2015306055545807,
        "frequency_top5": 0.6352040767669678,
        "proto_accuracy": 0.015306122296926926,
        "proto_ce": 3.666610980520443,
        "proto_top5": 0.033163264878474326,
        "valid_count": 392
      },
      "val_top5_beats_frequency": false
    },
    {
      "class_balanced": true,
      "loss_finite_ratio": 1.0,
      "lr": 3e-05,
      "name": "ce_class_balanced_c32",
      "prototype_count": 32,
      "steps": 300,
      "trace_regression_detected": false,
      "train_metrics_end": {
        "frequency_ce": 2.5969772338867188,
        "frequency_top1": 0.20585842430591583,
        "frequency_top5": 0.6224572658538818,
        "proto_accuracy": 0.1635476003474487,
        "proto_ce": 2.840346096976197,
        "proto_top5": 0.5150528898124679,
        "valid_count": 1229
      },
      "train_metrics_start": {
        "frequency_ce": 2.5969772338867188,
        "frequency_top1": 0.20585842430591583,
        "frequency_top5": 0.6224572658538818,
        "proto_accuracy": 0.008136696453858698,
        "proto_ce": 3.8603333057282514,
        "proto_top5": 0.16598860804897872,
        "valid_count": 1229
      },
      "train_top5_gt_0p8": false,
      "trainable_param_count": 1538855,