{
  "best_checkpoint_path": "outputs/checkpoints/stwm_semantic_memory_world_model_v2_20260428/c64_seed123_final.pt",
  "best_metrics": {
    "change_detection": {
      "ap": 0.8580015815740512,
      "auroc": 0.7786753517635192,
      "eligible": true
    },
    "changed_subset_count": 873,
    "changed_subset_top5": 0.5360824790402376,
    "proto_ce": 2.878683782370009,
    "proto_top1": 0.378539502620697,
    "proto_top5": 0.6870342982508209,
    "stable_subset_count": 469,
    "stable_subset_top5": 0.9680170546462541,
    "valid_count": 1342
  },
  "best_seed": 123,
  "copy_baseline": {
    "change_detection": {
      "ap": 0.7073241523341128,
      "auroc": 0.5,
      "eligible": true
    },
    "changed_subset_count": 873,
    "changed_subset_top5": 0.4249713619208691,
    "proto_ce": 3.060481503006243,
    "proto_top1": 0.34947839785705914,
    "proto_top5": 0.6259314639024692,
    "stable_subset_count": 469,
    "stable_subset_top5": 0.9999999930101163,
    "valid_count": 1342
  },
  "output_degenerate": false,
  "prototype_count": 64,
  "residual_beats_copy_changed_subset": true,
  "residual_beats_copy_overall": true,
  "seed_mean_std": {
    "changed_subset_gain_over_copy": {
      "mean": 0.1034746132606129,
      "std": 0.009227225005363476
    },
    "heldout_top5": {
      "mean": 0.6810730422573544,
      "std": 0.0045934586844857605
    }
  },
  "seed_results": [
    {
      "checkpoint_path": "outputs/checkpoints/stwm_semantic_memory_world_model_v2_20260428/c64_seed42_final.pt",
      "copy_baseline_test": {
        "change_detection": {
          "ap": 0.7073241523341128,
          "auroc": 0.5,
          "eligible": true
        },
        "changed_subset_count": 873,
        "changed_subset_top5": 0.4249713619208691,
        "proto_ce": 3.060481503006243,
        "proto_top1": 0.34947839785705914,
        "proto_top5": 0.6259314639024692,
        "stable_subset_count": 469,
        "stable_subset_top5": 0.9999999930101163,
        "valid_count": 1342
      },
      "loss_finite_ratio": 1.0,
      "lr": 3e-05,
      "prototype_count": 64,
      "residual_beats_copy_changed_subset": true,
      "residual_beats_copy_overall": true,
      "residual_scale": 0.25,
      "seed": 42,
      "stable_preservation_drop": 0.02558635902811479,
      "trace_regression_detected": false,
      "train_metrics": {
        "change_detection": {
          "ap": 0.8890534679789193,
          "auroc": 0.8615030121646337,
          "eligible": true
        },
        "changed_subset_count": 4134,
        "changed_subset_top5": 0.6777939034304182,
        "proto_ce": 2.482567707709391,
        "proto_top1": 0.49374254831558045,
        "proto_top5": 0.793504176428264,
        "stable_subset_count": 2578,
        "stable_subset_top5": 0.9790535143773809,
        "valid_count": 6712
      },
      "val_metrics": {
        "change_detection": {
          "ap": 0.8472996704882055,
          "auroc": 0.7682036552632029,
          "eligible": true
        },
        "changed_subset_count": 873,
        "changed_subset_top5": 0.5154639151702631,
        "proto_ce": 2.8883373955855958,
        "proto_top1": 0.3740685641232617,
        "proto_top5": 0.675856935729213,
        "stable_subset_count": 469,
        "stable_subset_top5": 0.9744136339820015,
        "valid_count": 1342
      }
    },
    {
      "checkpoint_path": "outputs/checkpoints/stwm_semantic_memory_world_model_v2_20260428/c64_seed123_final.pt",
      "copy_baseline_test": {
        "change_detection": {
          "ap": 0.7073241523341128,
          "auroc": 0.5,
          "eligible": true
        },
        "changed_subset_count": 873,
        "changed_subset_top5": 0.4249713619208691,
        "proto_ce": 3.060481503006243,
        "proto_top1": 0.34947839785705914,
        "proto_top5": 0.6259314639024692,
        "stable_subset_count": 469,
        "stable_subset_top5": 0.9999999930101163,
        "valid_count": 1342
      },
      "loss_finite_ratio": 1.0,
      "lr": 3e-05,
      "prototype_count": 64,
      "residual_beats_copy_changed_subset": true,
      "residual_beats_copy_overall": true,
      "residual_scale": 0.25,
      "seed": 123,
      "stable_preservation_drop": 0.031982938363862234,
      "trace_regression_detected": false,
      "train_metrics": {
        "change_detection": {
          "ap": 0.8856436320976958,
          "auroc": 0.8570739047194396,
          "eligible": true
        },
        "changed_subset_count": 4134,
        "changed_subset_top5": 0.6615868406230606,
        "proto_ce": 2.509961306089724,
        "proto_top1": 0.48703813987103634,
        "proto_top5": 0.783373059680479,
        "stable_subset_count": 2578,
        "stable_subset_top5": 0.9786656283657157,
        "valid_count": 6712
      },
      "val_metrics": {
        "change_detection": {
          "ap": 0.8580015815740512,
          "auroc": 0.7786753517635192,
          "eligible": true
        },
        "changed_subset_count": 873,
        "changed_subset_top5": 0.5360824790402376,
        "proto_ce": 2.878683782370009,
        "proto_top1": 0.378539502620697,
        "proto_top5": 0.6870342982508209,
        "stable_subset_count": 469,
        "stable_subset_top5": 0.9680170546462541,
        "valid_count": 1342
      }
    },
    {
      "checkpoint_path": "outputs/checkpoints/stwm_semantic_memory_world_model_v2_20260428/c64_seed456_final.pt",
      "copy_baseline_test": {
        "change_detection": {
          "ap": 0.7073241523341128,
          "auroc": 0.5,
          "eligible": true
        },
        "changed_subset_count": 873,
        "changed_subset_top5": 0.4249713619208691,
        "proto_ce": 3.060481503006243,
        "proto_top1": 0.34947839785705914,
        "proto_top5": 0.6259314639024692,
        "stable_subset_count": 469,
        "stable_subset_top5": 0.9999999930101163,
        "valid_count": 1342
      },
      "loss_finite_ratio": 1.0,
      "lr": 3e-05,
      "prototype_count": 64,
      "residual_beats_copy_changed_subset": true,
      "residual_beats_copy_overall": true,
      "residual_scale": 0.25,
      "seed": 456,
      "stable_preservation_drop": 0.046908308066793136,
      "trace_regression_detected": false,
      "train_metrics": {
        "change_detection": {
          "ap": 0.8886361204996286,
          "auroc": 0.860312014541562,
          "eligible": true
        },
        "changed_subset_count": 4134,
        "changed_subset_top5": 0.6586840851227904,
        "proto_ce": 2.5132842786761094,
        "proto_top1": 0.49418950638999104,
        "proto_top5": 0.7808402742617747,
        "stable_subset_count": 2578,
        "stable_subset_top5": 0.9767261393963597,
        "valid_count": 6712
      },
      "val_metrics": {
        "change_detection": {
          "ap": 0.8543855529342521,
          "auroc": 0.7662204441708981,
          "eligible": true
        },
        "changed_subset_count": 873,
        "changed_subset_top5": 0.5337915313339452,
        "proto_ce": 2.8947293820573035,
        "proto_top1": 0.3845007549721509,
        "proto_top5": 0.6803278927920294,
        "stable_subset_count": 469,
        "stable_subset_top5": 0.9530916849433232,
        "valid_count": 1342
      }
    }
  ],
  "stable_copy_preserved": true,
  "trace_regression_detected": false
}
