{
  "bootstrap_name": "stwm_ostf_v30_external_gt_h96_multiseed_bootstrap",
  "generated_at_utc": "2026-05-08T07:53:02.030158+00:00",
  "per_seed_item_bootstrap": {
    "v30_extgt_m128_h96_seed123_vs_last_observed_copy_minFDE_K": {
      "ci95": [
        15.313027561897838,
        23.102353280137628
      ],
      "item_count": 231,
      "mean_delta": 19.05323571869821,
      "zero_excluded": true
    },
    "v30_extgt_m128_h96_seed123_vs_last_observed_copy_motion_minFDE_K": {
      "ci95": [
        20.533403880020668,
        30.047144977525733
      ],
      "item_count": 174,
      "mean_delta": 25.081405595801343,
      "zero_excluded": true
    },
    "v30_extgt_m128_h96_seed123_vs_last_observed_copy_threshold_auc": {
      "ci95": [
        0.017316017316017316,
        0.03896103896103896
      ],
      "item_count": 231,
      "mean_delta": 0.02813852813852814,
      "zero_excluded": true
    },
    "v30_extgt_m128_h96_seed2026_vs_last_observed_copy_minFDE_K": {
      "ci95": [
        22.63494174800394,
        34.54220525692036
      ],
      "item_count": 231,
      "mean_delta": 28.342566073198856,
      "zero_excluded": true
    },
    "v30_extgt_m128_h96_seed2026_vs_last_observed_copy_motion_minFDE_K": {
      "ci95": [
        30.151732631661424,
        45.20331667702773
      ],
      "item_count": 174,
      "mean_delta": 37.358354831564014,
      "zero_excluded": true
    },
    "v30_extgt_m128_h96_seed2026_vs_last_observed_copy_threshold_auc": {
      "ci95": [
        0.01948051948051948,
        0.04115259740259738
      ],
      "item_count": 231,
      "mean_delta": 0.030303030303030304,
      "zero_excluded": true
    },
    "v30_extgt_m128_h96_seed42_vs_last_observed_copy_minFDE_K": {
      "ci95": [
        15.174909835873228,
        22.462072855053524
      ],
      "item_count": 231,
      "mean_delta": 18.640309106735955,
      "zero_excluded": true
    },
    "v30_extgt_m128_h96_seed42_vs_last_observed_copy_motion_minFDE_K": {
      "ci95": [
        20.319379351604944,
        29.072163621310526
      ],
      "item_count": 174,
      "mean_delta": 24.316301674678407,
      "zero_excluded": true
    },
    "v30_extgt_m128_h96_seed42_vs_last_observed_copy_threshold_auc": {
      "ci95": [
        0.020562770562770564,
        0.04329004329004329
      ],
      "item_count": 231,
      "mean_delta": 0.031385281385281384,
      "zero_excluded": true
    },
    "v30_extgt_m128_h96_seed456_vs_last_observed_copy_minFDE_K": {
      "ci95": [
        15.35376054136268,
        23.206774308671164
      ],
      "item_count": 231,
      "mean_delta": 19.187079590636415,
      "zero_excluded": true
    },
    "v30_extgt_m128_h96_seed456_vs_last_observed_copy_motion_minFDE_K": {
      "ci95": [
        20.83016832231105,
        30.363503043953028
      ],
      "item_count": 174,
      "mean_delta": 25.24136499426831,
      "zero_excluded": true
    },
    "v30_extgt_m128_h96_seed456_vs_last_observed_copy_threshold_auc": {
      "ci95": [
        0.01948051948051948,
        0.04115259740259738
      ],
      "item_count": 231,
      "mean_delta": 0.030303030303030304,
      "zero_excluded": true
    },
    "v30_extgt_m128_h96_seed789_vs_last_observed_copy_minFDE_K": {
      "ci95": [
        23.67348963605377,
        37.575219397317795
      ],
      "item_count": 231,
      "mean_delta": 30.13816243126279,
      "zero_excluded": true
    },
    "v30_extgt_m128_h96_seed789_vs_last_observed_copy_motion_minFDE_K": {
      "ci95": [
        31.316376213643743,
        48.559051441324165
      ],
      "item_count": 174,
      "mean_delta": 39.51368309985632,
      "zero_excluded": true
    },
    "v30_extgt_m128_h96_seed789_vs_last_observed_copy_threshold_auc": {
      "ci95": [
        0.024891774891774892,
        0.046536796536796536
      ],
      "item_count": 231,
      "mean_delta": 0.03571428571428571,
      "zero_excluded": true
    }
  },
  "pooled_seed_item_bootstrap": {
    "h96_pooled_seed_item_minFDE_K": {
      "ci95": [
        20.916400287141016,
        25.376403426711178
      ],
      "item_count": 1155,
      "mean_delta": 23.072270584106445,
      "zero_excluded": true
    },
    "h96_pooled_seed_item_motion_minFDE_K": {
      "ci95": [
        27.716736464336,
        33.25567723931937
      ],
      "item_count": 870,
      "mean_delta": 30.30222203923368,
      "zero_excluded": true
    },
    "h96_pooled_seed_item_threshold_auc": {
      "ci95": [
        0.026623376623376622,
        0.03636363636363636
      ],
      "item_count": 1155,
      "mean_delta": 0.03116883116883117,
      "zero_excluded": true
    }
  }
}
