{
  "audit_name": "stwm_semantic_memory_persistence_v1_tiny_overfit",
  "available_observed_covered_item_count": 64,
  "available_observed_covered_item_count_by_prototype_count": {
    "32": 64,
    "64": 64
  },
  "changed_subset_gain": -0.013574654565137956,
  "copy_baseline_top5": 0.6989795568646217,
  "direct_logits_top5": 0.3265306119597992,
  "memory_residual_top5": 0.6377550874437604,
  "runs": [
    {
      "mode": "copy_only",
      "name": "copy_only_c32",
      "prototype_count": 32,
      "trace_regression_detected": false,
      "train_metrics_end": {
        "changed_subset_top5": 0.4354243566629192,
        "changed_subset_valid_count": 813,
        "proto_accuracy": 0.3384865755662383,
        "proto_ce": 2.712458656899225,
        "proto_top5": 0.6265256243376736,
        "valid_count": 1229
      },
      "training_started": false,
      "val_metrics_end": {
        "changed_subset_top5": 0.4660633376281186,
        "changed_subset_valid_count": 221,
        "proto_accuracy": 0.43622448112891643,
        "proto_ce": 2.4006851412812056,
        "proto_top5": 0.6989795568646217,
        "valid_count": 392
      }
    },
    {
      "loss_finite_ratio": 1.0,
      "lr": 3e-05,
      "mode": "direct_logits",
      "name": "direct_logits_c32",
      "prototype_count": 32,
      "trace_regression_detected": false,
      "train_metrics_end": {
        "changed_subset_top5": 0.6580565719880155,
        "changed_subset_valid_count": 813,
        "proto_accuracy": 0.2628152918364577,
        "proto_ce": 2.454171353379724,
        "proto_top5": 0.6639544200227938,
        "valid_count": 1229
      },
      "training_started": true,
      "val_metrics_end": {
        "changed_subset_top5": 0.30769230043557705,
        "changed_subset_valid_count": 221,
        "proto_accuracy": 0.10459183278132458,
        "proto_ce": 4.51256032257664,
        "proto_top5": 0.3265306119597992,
        "valid_count": 392
      }
    },
    {
      "injection": "future_head_condition",
      "loss_finite_ratio": 1.0,
      "lr": 3e-05,
      "mode": "memory_residual_logits",
      "name": "memory_residual_future_head_condition_c32",
      "prototype_count": 32,
      "residual_scale": 0.1,
      "trace_regression_detected": false,
      "train_metrics_end": {
        "changed_subset_top5": 0.7220172082952614,
        "changed_subset_valid_count": 813,
        "proto_accuracy": 0.4434499523084856,
        "proto_ce": 2.009782605582471,
        "proto_top5": 0.8039056044268937,
        "valid_count": 1229
      },
      "training_started": true,
      "val_metrics_end": {
        "changed_subset_top5": 0.4524886830629806,
        "changed_subset_valid_count": 221,
        "proto_accuracy": 0.3571428528853825,
        "proto_ce": 2.4446556762773164,
        "proto_top5": 0.6377550874437604,
        "valid_count": 392
      }
    },
    {
      "injection": "all",
      "loss_finite_ratio": 1.0,
      "lr": 3e-05,
      "mode": "memory_residual_logits",
      "name": "memory_residual_all_c32",
      "prototype_count": 32,
      "residual_scale": 0.1,
      "trace_regression_detected": false,
      "train_metrics_end": {
        "changed_subset_top5": 0.7207871942355917,
        "changed_subset_valid_count": 813,
        "proto_accuracy": 0.44751831314445417,
        "proto_ce": 2.001815071039999,
        "proto_top5": 0.8030919298299257,
        "valid_count": 1229
      },
      "training_started": true,
      "val_metrics_end": {
        "changed_subset_top5": 0.4524886830629806,
        "changed_subset_valid_count": 221,
        "proto_accuracy": 0.3367346894680237,
        "proto_ce": 2.4624393801299895,
        "proto_top5": 0.6377550874437604,
        "valid_count": 392
      }
    },
    {
      "injection": "z_sem_init",
      "mode": "memory_residual_logits",
      "name": "memory_residual_z_sem_init_c32",
      "prototype_count": 32,
      "skipped_reason": "z_sem_init requires trace-unit state injection; not enabled in safe V1 tiny script"
    },
    {
      "mode": "copy_only",
      "name": "copy_only_c64",
      "prototype_count": 64,
      "trace_regression_detected": false,
      "train_metrics_end": {
        "changed_subset_top5": 0.34520885048100053,
        "changed_subset_valid_count": 814,
        "proto_accuracy": 0.3376728990899537,
        "proto_ce": 3.10630984127861,
        "proto_top5": 0.5663140769941812,
        "valid_count": 1229
      },
      "training_started": false,
      "val_metrics_end": {
        "changed_subset_top5": 0.3211009313753985,
        "changed_subset_valid_count": 218,
        "proto_accuracy": 0.44387755102040816,
        "proto_ce": 2.883079613958086,
        "proto_top5": 0.6224489695563609,
        "valid_count": 392
      }
    },
    {
      "loss_finite_ratio": 1.0,
      "lr": 3e-05,
      "mode": "direct_logits",
      "name": "direct_logits_c64",
      "prototype_count": 64,
      "trace_regression_detected": false,
      "train_metrics_end": {
        "changed_subset_top5": 0.6203931372347277,
        "changed_subset_valid_count": 814,
        "proto_accuracy": 0.23189584442859165,
        "proto_ce": 2.8096638230214377,
        "proto_top5": 0.6135069131123719,
        "valid_count": 1229
      },
      "training_started": true,
      "val_metrics_end": {
        "changed_subset_top5": 0.1972477102498396,
        "changed_subset_valid_count": 218,
        "proto_accuracy": 0.030612244593853852,
        "proto_ce": 5.810671339229661,
        "proto_top5": 0.2295918344539039,
        "valid_count": 392
      }
    },
    {
      "injection": "future_head_condition",
      "loss_finite_ratio": 1.0,
      "lr": 3e-05,
      "mode": "memory_residual_logits",
      "name": "memory_residual_future_head_condition_c64",
      "prototype_count": 64,
      "residual_scale": 0.1,
      "trace_regression_detected": false,
      "train_metrics_end": {
        "changed_subset_top5": 0.6818181984401159,
        "changed_subset_valid_count": 814,
        "proto_accuracy": 0.4149715287157731,
        "proto_ce": 2.235629005486447,
        "proto_top5": 0.7778681682027191,
        "valid_count": 1229
      },
      "training_started": true,
      "val_metrics_end": {
        "changed_subset_top5": 0.3211009167134762,
        "changed_subset_valid_count": 218,
        "proto_accuracy": 0.23469387116480847,
        "proto_ce": 3.0595569391639863,
        "proto_top5": 0.5076530294454827,
        "valid_count": 392
      }
    },
    {
      "injection": "all",
      "loss_finite_ratio": 1.0,
      "lr": 3e-05,
      "mode": "memory_residual_logits",
      "name": "memory_residual_all_c64",
      "prototype_count": 64,
      "residual_scale": 0.1,
      "trace_regression_detected": false,
      "train_metrics_end": {
        "changed_subset_top5": 0.6818181984401159,
        "changed_subset_valid_count": 814,
        "proto_accuracy": 0.43124491677136806,
        "proto_ce": 2.2331839321685867,
        "proto_top5": 0.7778681682027191,
        "valid_count": 1229
      },
      "training_started": true,
      "val_metrics_end": {
        "changed_subset_top5": 0.3211009167134762,
        "changed_subset_valid_count": 218,
        "proto_accuracy": 0.2499999967308677,
        "proto_ce": 3.040454683255176,
        "proto_top5": 0.5076530294454827,
        "valid_count": 392
      }
    },
    {
      "injection": "z_sem_init",
      "mode": "memory_residual_logits",
      "name": "memory_residual_z_sem_init_c64",
      "prototype_count": 64,
      "skipped_reason": "z_sem_init requires trace-unit state injection; not enabled in safe V1 tiny script"
    }
  ],
  "semantic_field_signal_positive": false,
  "semantic_memory_injection_successful": true,
  "steps": 500,
  "trace_regression_detected": false
}
