{
  "batch_size": 64,
  "checkpoint_path": "outputs/checkpoints/stwm_ostf_v33_9_fresh_expanded_h32_m128/v33_9_v33_6_global_contrastive_fresh_seed42_best.pt",
  "completed": true,
  "control_old_local_instance_labels": false,
  "cuda_visible_devices": "1",
  "duration_seconds": 3052.500375032425,
  "experiment_name": "v33_9_v33_6_global_contrastive_fresh_seed42",
  "future_global_labels_supervision_only": true,
  "future_teacher_leakage_detected": false,
  "generated_at_utc": "2026-05-10T09:10:39.924810+00:00",
  "global_identity_labels_used_in_training": true,
  "hard_subset_manifest": "manifests/ostf_v33_8_split_matched_hard_identity_semantic/H32_M128_seed42.json",
  "integrated_v30_backbone_used": true,
  "loss_tail": [
    {
      "identity_consistency": 0.17787985503673553,
      "identity_exclude_same_point": 2.007781744003296,
      "identity_global_contrastive": 2.1017465591430664,
      "identity_same_frame": 0.14953386783599854,
      "identity_semantic_confuser": 1.7556334733963013,
      "loss": 1.1532363891601562,
      "same_instance_bce": 0.03469694405794144,
      "semantic_proto_ce": 0.0807124450802803,
      "step": 1791.0,
      "visibility_bce": 0.39726924896240234
    },
    {
      "identity_consistency": 0.19574186205863953,
      "identity_exclude_same_point": 2.0030272006988525,
      "identity_global_contrastive": 1.954876184463501,
      "identity_same_frame": 0.2382437139749527,
      "identity_semantic_confuser": 1.9235364198684692,
      "loss": 1.1399697065353394,
      "same_instance_bce": 0.029656998813152313,
      "semantic_proto_ce": 0.07695674151182175,
      "step": 1792.0,
      "visibility_bce": 0.3971531391143799
    },
    {
      "identity_consistency": 0.18257878720760345,
      "identity_exclude_same_point": 2.088618040084839,
      "identity_global_contrastive": 1.9561225175857544,
      "identity_same_frame": 0.1558569073677063,
      "identity_semantic_confuser": 1.820565938949585,
      "loss": 1.1501967906951904,
      "same_instance_bce": 0.03424787148833275,
      "semantic_proto_ce": 0.08379679918289185,
      "step": 1793.0,
      "visibility_bce": 0.40584611892700195
    },
    {
      "identity_consistency": 0.1489475518465042,
      "identity_exclude_same_point": 2.004838228225708,
      "identity_global_contrastive": 1.9500523805618286,
      "identity_same_frame": 0.18291814625263214,
      "identity_semantic_confuser": 1.920721173286438,
      "loss": 1.128400206565857,
      "same_instance_bce": 0.034332044422626495,
      "semantic_proto_ce": 0.0737776905298233,
      "step": 1794.0,
      "visibility_bce": 0.3879748284816742
    },
    {
      "identity_consistency": 0.19722992181777954,
      "identity_exclude_same_point": 1.9596940279006958,
      "identity_global_contrastive": 1.92208993434906,
      "identity_same_frame": 0.15859511494636536,
      "identity_semantic_confuser": 1.8064631223678589,
      "loss": 1.1117353439331055,
      "same_instance_bce": 0.031450193375349045,
      "semantic_proto_ce": 0.07931037992238998,
      "step": 1795.0,
      "visibility_bce": 0.41334378719329834
    },
    {
      "identity_consistency": 0.19416338205337524,
      "identity_exclude_same_point": 2.035240888595581,
      "identity_global_contrastive": 1.991455078125,
      "identity_same_frame": 0.23072412610054016,
      "identity_semantic_confuser": 1.8861640691757202,
      "loss": 1.1499993801116943,
      "same_instance_bce": 0.030609721317887306,
      "semantic_proto_ce": 0.07807128131389618,
      "step": 1796.0,
      "visibility_bce": 0.37969833612442017
    },
    {
      "identity_consistency": 0.15746183693408966,
      "identity_exclude_same_point": 2.1049017906188965,
      "identity_global_contrastive": 1.9154077768325806,
      "identity_same_frame": 0.21510031819343567,
      "identity_semantic_confuser": 1.78936767578125,
      "loss": 1.1423455476760864,
      "same_instance_bce": 0.0349201075732708,
      "semantic_proto_ce": 0.07859905064105988,
      "step": 1797.0,
      "visibility_bce": 0.4004204273223877
    },
    {
      "identity_consistency": 0.1689261645078659,
      "identity_exclude_same_point": 2.030714750289917,
      "identity_global_contrastive": 2.0131783485412598,
      "identity_same_frame": 0.17442797124385834,
      "identity_semantic_confuser": 1.8726743459701538,
      "loss": 1.1485644578933716,
      "same_instance_bce": 0.033641133457422256,
      "semantic_proto_ce": 0.07901061326265335,
      "step": 1798.0,
      "visibility_bce": 0.3948393762111664
    },
    {
      "identity_consistency": 0.21243998408317566,
      "identity_exclude_same_point": 1.946626901626587,
      "identity_global_contrastive": 1.9352010488510132,
      "identity_same_frame": 0.17630936205387115,
      "identity_semantic_confuser": 1.868301272392273,
      "loss": 1.1207094192504883,
      "same_instance_bce": 0.031195396557450294,
      "semantic_proto_ce": 0.08195068687200546,
      "step": 1799.0,
      "visibility_bce": 0.39317837357521057
    },
    {
      "identity_consistency": 0.15920116007328033,
      "identity_exclude_same_point": 2.0550789833068848,
      "identity_global_contrastive": 1.9945361614227295,
      "identity_same_frame": 0.20745965838432312,
      "identity_semantic_confuser": 1.9120956659317017,
      "loss": 1.1526168584823608,
      "same_instance_bce": 0.033244360238313675,
      "semantic_proto_ce": 0.07536377012729645,
      "step": 1800.0,
      "visibility_bce": 0.4029077887535095
    }
  ],
  "observed_instance_context_used": false,
  "observed_visual_teacher_context_used": true,
  "sample_local_collision_prevented": true,
  "steps": 1800,
  "train_loss_decreased": true,
  "train_loss_first": {
    "identity_consistency": 0.6795632839202881,
    "identity_exclude_same_point": 6.845662593841553,
    "identity_global_contrastive": 6.7585039138793945,
    "identity_same_frame": 0.41983523964881897,
    "identity_semantic_confuser": 3.8797755241394043,
    "loss": 6.734403610229492,
    "same_instance_bce": 0.0689559355378151,
    "semantic_proto_ce": 3.4615061283111572,
    "step": 1.0,
    "visibility_bce": 0.5438950061798096
  },
  "train_loss_last": {
    "identity_consistency": 0.15920116007328033,
    "identity_exclude_same_point": 2.0550789833068848,
    "identity_global_contrastive": 1.9945361614227295,
    "identity_same_frame": 0.20745965838432312,
    "identity_semantic_confuser": 1.9120956659317017,
    "loss": 1.1526168584823608,
    "same_instance_bce": 0.033244360238313675,
    "semantic_proto_ce": 0.07536377012729645,
    "step": 1800.0,
    "visibility_bce": 0.4029077887535095
  },
  "train_sample_count": 128,
  "v30_backbone_frozen": true,
  "v30_checkpoint_loaded": true,
  "val_sample_count": 75
}
