{
  "generated_at_utc": "2026-05-16T05:46:31.809835+00:00",
  "larger_raw_video_closure_eval_done": true,
  "slice_root": "outputs/cache/stwm_ostf_v35_48_100plus_rerun_unified_slice/M128_H32",
  "semantic_seed_rows": [
    {
      "seed": 42,
      "thresholds": {
        "changed": 0.28177472278475746,
        "hard": 0.5559042632579803,
        "uncertainty": 0.5420480668544772
      },
      "val": {
        "semantic_changed": {
          "roc_auc": 0.6571287451621948,
          "balanced_accuracy": 0.6124152427707752,
          "f1": 0.28052453107585784,
          "positive_ratio": 0.12785
        },
        "semantic_hard": {
          "roc_auc": 0.6944557005169746,
          "balanced_accuracy": 0.6541002126108846,
          "f1": 0.43150731082811133,
          "positive_ratio": 0.1947
        },
        "semantic_uncertainty": {
          "roc_auc": 0.7092449478493562,
          "balanced_accuracy": 0.6717166738284825,
          "f1": 0.5325087565674256,
          "positive_ratio": 0.2840666666666667
        },
        "cluster": {
          "cluster_top1": 0.5161166666666667,
          "cluster_top5": 0.8986333333333333,
          "copy_top1": 0.86395,
          "stable_top5": 1.0,
          "stable_copy_top1": 1.0,
          "stable_token_ratio": 0.86395
        }
      },
      "test": {
        "semantic_changed": {
          "roc_auc": 0.6804896664939917,
          "balanced_accuracy": 0.6228712213995025,
          "f1": 0.27926182707993474,
          "positive_ratio": 0.12215
        },
        "semantic_hard": {
          "roc_auc": 0.6965335499775885,
          "balanced_accuracy": 0.6274531600179292,
          "f1": 0.3953606748109366,
          "positive_ratio": 0.19166666666666668
        },
        "semantic_uncertainty": {
          "roc_auc": 0.7258786457243074,
          "balanced_accuracy": 0.6564217566526657,
          "f1": 0.5092960710944808,
          "positive_ratio": 0.28628333333333333
        },
        "cluster": {
          "cluster_top1": 0.6235166666666667,
          "cluster_top5": 0.9479833333333333,
          "copy_top1": 0.9293833333333333,
          "stable_top5": 1.0,
          "stable_copy_top1": 1.0,
          "stable_token_ratio": 0.9293833333333333
        }
      },
      "stable_preservation": true,
      "semantic_smoke_passed": true
    },
    {
      "seed": 123,
      "thresholds": {
        "changed": 0.500067949295044,
        "hard": 0.5128746226429939,
        "uncertainty": 0.47539638727903366
      },
      "val": {
        "semantic_changed": {
          "roc_auc": 0.6661064442470975,
          "balanced_accuracy": 0.6224159600365686,
          "f1": 0.2984076935204162,
          "positive_ratio": 0.12858333333333333
        },
        "semantic_hard": {
          "roc_auc": 0.7001198570161619,
          "balanced_accuracy": 0.6582617090197695,
          "f1": 0.437186731794528,
          "positive_ratio": 0.19703333333333334
        },
        "semantic_uncertainty": {
          "roc_auc": 0.7156019601723946,
          "balanced_accuracy": 0.6617114337552963,
          "f1": 0.5246686488938165,
          "positive_ratio": 0.2864333333333333
        },
        "cluster": {
          "cluster_top1": 0.64055,
          "cluster_top5": 0.9132333333333333,
          "copy_top1": 0.8632,
          "stable_top5": 1.0,
          "stable_copy_top1": 1.0,
          "stable_token_ratio": 0.8632
        }
      },
      "test": {
        "semantic_changed": {
          "roc_auc": 0.6850124041556596,
          "balanced_accuracy": 0.631323664055875,
          "f1": 0.30483638296256926,
          "positive_ratio": 0.12226666666666666
        },
        "semantic_hard": {
          "roc_auc": 0.6940963674471609,
          "balanced_accuracy": 0.6367690911699537,
          "f1": 0.406351153361273,
          "positive_ratio": 0.19161666666666666
        },
        "semantic_uncertainty": {
          "roc_auc": 0.7281595301090062,
          "balanced_accuracy": 0.6591773493696209,
          "f1": 0.5167772613706579,
          "positive_ratio": 0.2841666666666667
        },
        "cluster": {
          "cluster_top1": 0.75195,
          "cluster_top5": 0.9524,
          "copy_top1": 0.9279333333333334,
          "stable_top5": 1.0,
          "stable_copy_top1": 1.0,
          "stable_token_ratio": 0.9279333333333334
        }
      },
      "stable_preservation": true,
      "semantic_smoke_passed": true
    },
    {
      "seed": 456,
      "thresholds": {
        "changed": 0.5695662707090379,
        "hard": 0.6529942005872726,
        "uncertainty": 0.5693529427051546
      },
      "val": {
        "semantic_changed": {
          "roc_auc": 0.6876891047929018,
          "balanced_accuracy": 0.6504486927926684,
          "f1": 0.33188608433291633,
          "positive_ratio": 0.12796666666666667
        },
        "semantic_hard": {
          "roc_auc": 0.7146040993604766,
          "balanced_accuracy": 0.6663794499376885,
          "f1": 0.4524346257889991,
          "positive_ratio": 0.1936
        },
        "semantic_uncertainty": {
          "roc_auc": 0.7285315745822183,
          "balanced_accuracy": 0.6715631100775021,
          "f1": 0.5317697344987259,
          "positive_ratio": 0.28328333333333333
        },
        "cluster": {
          "cluster_top1": 0.68515,
          "cluster_top5": 0.9107833333333333,
          "copy_top1": 0.8598166666666667,
          "stable_top5": 1.0,
          "stable_copy_top1": 1.0,
          "stable_token_ratio": 0.8598166666666667
        }
      },
      "test": {
        "semantic_changed": {
          "roc_auc": 0.6816923311960242,
          "balanced_accuracy": 0.6309038762662577,
          "f1": 0.30425885169311556,
          "positive_ratio": 0.1216
        },
        "semantic_hard": {
          "roc_auc": 0.7053790790707662,
          "balanced_accuracy": 0.6223742290926896,
          "f1": 0.38724632965960387,
          "positive_ratio": 0.18955
        },
        "semantic_uncertainty": {
          "roc_auc": 0.7294186940401828,
          "balanced_accuracy": 0.6546434205550055,
          "f1": 0.5054989935529041,
          "positive_ratio": 0.28335
        },
        "cluster": {
          "cluster_top1": 0.7535166666666666,
          "cluster_top5": 0.9501,
          "copy_top1": 0.92835,
          "stable_top5": 1.0,
          "stable_copy_top1": 1.0,
          "stable_token_ratio": 0.92835
        }
      },
      "stable_preservation": true,
      "semantic_smoke_passed": true
    }
  ],
  "real_instance_identity_seed_rows": [
    {
      "seed": 42,
      "val": {
        "identity_retrieval_exclude_same_point_top1": 0.9947150735294118,
        "identity_retrieval_same_frame_top1": 0.9947150735294118,
        "identity_retrieval_instance_pooled_top1": 0.9435891544117647,
        "identity_confuser_separation": 0.4553727550344595,
        "identity_confuser_avoidance_top1": 0.9940389455557027,
        "occlusion_reappear_retrieval_top1": 0.9965635738831615,
        "trajectory_crossing_retrieval_top1": 0.992704280155642,
        "same_pair_similarity_mean": 0.9661643181536251,
        "confuser_pair_similarity_mean": 0.5107915631191656,
        "confuser_pair_count": 3118612.0,
        "occlusion_reappear_total": 2037.0,
        "trajectory_crossing_total": 6168.0
      },
      "test": {
        "identity_retrieval_exclude_same_point_top1": 0.996875,
        "identity_retrieval_same_frame_top1": 0.996875,
        "identity_retrieval_instance_pooled_top1": 0.959765625,
        "identity_confuser_separation": 0.41829294574727627,
        "identity_confuser_avoidance_top1": 0.9965462656497338,
        "occlusion_reappear_retrieval_top1": 0.9967759269210102,
        "trajectory_crossing_retrieval_top1": 0.9956655228463067,
        "same_pair_similarity_mean": 0.9792254350316806,
        "confuser_pair_similarity_mean": 0.5609324892844043,
        "confuser_pair_count": 3434378.0,
        "occlusion_reappear_total": 1861.0,