{
  "generated_at_utc": "2026-04-25T02:43:06.852816+00:00",
  "panels": {
    "densified_200_context_preserving": {
      "trace_belief_assoc_vs_frozen_external_teacher_only": {
        "overall_top1": {
          "count": 894,
          "mean_delta": 0.040268456375838924,
          "ci95_low": 0.0044742729306487695,
          "ci95_high": 0.0738255033557047,
          "zero_excluded": true,
          "bootstrap_win_rate": 0.15883668903803133
        },
        "hard_subset_top1": {
          "count": 894,
          "mean_delta": 0.040268456375838924,
          "ci95_low": 0.0044742729306487695,
          "ci95_high": 0.07494407158836688,
          "zero_excluded": true,
          "bootstrap_win_rate": 0.15883668903803133
        },
        "ambiguity_top1": {
          "count": 654,
          "mean_delta": 0.07339449541284404,
          "ci95_low": 0.03211009174311927,
          "ci95_high": 0.11314984709480122,
          "zero_excluded": true,
          "bootstrap_win_rate": 0.17584097859327216
        },
        "occlusion_reappearance_top1": {
          "count": 564,
          "mean_delta": 0.015957446808510637,
          "ci95_low": -0.026595744680851064,
          "ci95_high": 0.05851063829787234,
          "zero_excluded": false,
          "bootstrap_win_rate": 0.1453900709219858
        },
        "long_gap_persistence_top1": {
          "count": 276,
          "mean_delta": -0.050724637681159424,
          "ci95_low": -0.10507246376811594,
          "ci95_high": 0.0036231884057971015,
          "zero_excluded": false,
          "bootstrap_win_rate": 0.08695652173913043
        }
      },
      "trace_belief_assoc_vs_tusb_semantic_target": {
        "overall_top1": {
          "count": 894,
          "mean_delta": 0.12192393736017897,
          "ci95_low": 0.087248322147651,
          "ci95_high": 0.15548098434004473,
          "zero_excluded": true,
          "bootstrap_win_rate": 0.20246085011185683
        },
        "hard_subset_top1": {
          "count": 894,
          "mean_delta": 0.12192393736017897,
          "ci95_low": 0.087248322147651,
          "ci95_high": 0.15548098434004473,
          "zero_excluded": true,
          "bootstrap_win_rate": 0.20246085011185683
        },
        "ambiguity_top1": {
          "count": 654,
          "mean_delta": 0.11162079510703364,
          "ci95_low": 0.07186544342507645,
          "ci95_high": 0.15137614678899083,
          "zero_excluded": true,
          "bootstrap_win_rate": 0.18654434250764526
        },
        "occlusion_reappearance_top1": {
          "count": 564,
          "mean_delta": 0.11702127659574468,
          "ci95_low": 0.07446808510638298,
          "ci95_high": 0.1595744680851064,
          "zero_excluded": true,
          "bootstrap_win_rate": 0.20035460992907803
        },
        "long_gap_persistence_top1": {
          "count": 276,
          "mean_delta": 0.09420289855072464,
          "ci95_low": 0.028985507246376812,
          "ci95_high": 0.15942028985507245,
          "zero_excluded": true,
          "bootstrap_win_rate": 0.19927536231884058
        }
      },
      "trace_belief_assoc_vs_legacysem": {
        "overall_top1": {
          "count": 894,
          "mean_delta": 0.29642058165548096,
          "ci95_low": 0.25727069351230425,
          "ci95_high": 0.3344519015659955,
          "zero_excluded": true,
          "bootstrap_win_rate": 0.36017897091722595
        },
        "hard_subset_top1": {
          "count": 894,
          "mean_delta": 0.29642058165548096,
          "ci95_low": 0.25838926174496646,
          "ci95_high": 0.33336129753914995,
          "zero_excluded": true,
          "bootstrap_win_rate": 0.36017897091722595
        },
        "ambiguity_top1": {
          "count": 654,
          "mean_delta": 0.26299694189602446,
          "ci95_low": 0.22018348623853212,
          "ci95_high": 0.3058103975535168,
          "zero_excluded": true,
          "bootstrap_win_rate": 0.3241590214067278
        },
        "occlusion_reappearance_top1": {
          "count": 564,
          "mean_delta": 0.3280141843971631,
          "ci95_low": 0.2783687943262411,
          "ci95_high": 0.3776595744680851,
          "zero_excluded": true,
          "bootstrap_win_rate": 0.3971631205673759
        },
        "long_gap_persistence_top1": {
          "count": 276,
          "mean_delta": 0.2826086956521739,
          "ci95_low": 0.21014492753623187,
          "ci95_high": 0.35507246376811596,
          "zero_excluded": true,
          "bootstrap_win_rate": 0.3695652173913043
        }
      }
    },
    "true_ood_combined": {
      "trace_belief_assoc_vs_frozen_external_teacher_only": {
        "overall_top1": {
          "count": 2586,
          "mean_delta": 0.007733952049497293,
          "ci95_low": -0.013147718484145398,
          "ci95_high": 0.02822892498066512,
          "zero_excluded": false,
          "bootstrap_win_rate": 0.14733178654292342
        },
        "hard_subset_top1": {
          "count": 2586,
          "mean_delta": 0.007733952049497293,
          "ci95_low": -0.01237432327919567,
          "ci95_high": 0.028615622583139984,
          "zero_excluded": false,
          "bootstrap_win_rate": 0.14733178654292342
        },
        "ambiguity_top1": {
          "count": 1908,
          "mean_delta": 0.0319706498951782,
          "ci95_low": 0.007861635220125786,
          "ci95_high": 0.05607966457023061,
          "zero_excluded": true,
          "bootstrap_win_rate": 0.1629979035639413
        },
        "occlusion_reappearance_top1": {
          "count": 876,
          "mean_delta": -0.0136986301369863,
          "ci95_low": -0.0502283105022831,
          "ci95_high": 0.021689497716894976,
          "zero_excluded": false,
          "bootstrap_win_rate": 0.13470319634703196
        },
        "long_gap_persistence_top1": {
          "count": 402,
          "mean_delta": -0.06218905472636816,
          "ci95_low": -0.11194029850746269,
          "ci95_high": -0.012437810945273632,
          "zero_excluded": true,
          "bootstrap_win_rate": 0.0945273631840796
        }
      },
      "trace_belief_assoc_vs_legacysem": {
        "overall_top1": {
          "count": 2586,
          "mean_delta": 0.35266821345707655,
          "ci95_low": 0.33023975251353443,
          "ci95_high": 0.37470997679814383,
          "zero_excluded": true,
          "bootstrap_win_rate": 0.4048723897911833
        },
        "hard_subset_top1": {
          "count": 2586,
          "mean_delta": 0.35266821345707655,
          "ci95_low": 0.3298433874709977,
          "ci95_high": 0.3750966744006187,
          "zero_excluded": true,
          "bootstrap_win_rate": 0.4048723897911833
        },
        "ambiguity_top1": {
          "count": 1908,
          "mean_delta": 0.33542976939203356,
          "ci95_low": 0.30922431865828093,
          "ci95_high": 0.3611111111111111,
          "zero_excluded": true,
          "bootstrap_win_rate": 0.38469601677148846
        },
        "occlusion_reappearance_top1": {
          "count": 876,
          "mean_delta": 0.3424657534246575,
          "ci95_low": 0.3025114155251142,
          "ci95_high": 0.3812785388127854,
          "zero_excluded": true,
          "bootstrap_win_rate": 0.410958904109589
        },
        "long_gap_persistence_top1": {
          "count": 402,
          "mean_delta": 0.30597014925373134,
          "ci95_low": 0.2462686567164179,
          "ci95_high": 0.36318407960199006,
          "zero_excluded": true,
          "bootstrap_win_rate": 0.38308457711442784
        }
      }
    }
  },
  "trace_belief_zero_excluded_on_id": true,
  "trace_belief_zero_excluded_on_ood": false,
  "claim_level": "moderate_claim"
}
