{
  "candidate_AP": 0.1026040886584414,
  "candidate_AUROC": 0.633136985481832,
  "candidate_MRR": 0.40938403700642334,
  "candidate_feature_used_for_rollout": false,
  "candidate_feature_used_for_scoring": true,
  "candidate_positive_rate": 0.06808961016052213,
  "candidate_record_count": 5669,
  "candidate_score_mode": "posterior_v6_no_appearance",
  "candidate_top1": 0.19170984455958548,
  "dev": {
    "candidate_AP": 0.10073209911607715,
    "candidate_AUROC": 0.6361082403196914,
    "candidate_MRR": 0.39551140321524525,
    "candidate_positive_rate": 0.0675008231807705,
    "candidate_record_count": 3037,
    "candidate_top1": 0.16585365853658537,
    "metric_items": 205
  },
  "full_free_rollout_executed": true,
  "full_model_forward_executed": true,
  "future_candidate_used_as_input": false,
  "generated_at_utc": "2026-04-28T16:00:45.604343+00:00",
  "heldout": {
    "candidate_AP": 0.10776637388763202,
    "candidate_AUROC": 0.6305330330838016,
    "candidate_MRR": 0.4250961360516819,
    "candidate_positive_rate": 0.06876899696048633,
    "candidate_record_count": 2632,
    "candidate_top1": 0.22099447513812154,
    "metric_items": 181
  },
  "metric_items": 386,
  "mode": "posterior_v6_no_appearance",
  "old_association_report_used": false,
  "per_subset_breakdown": {
    "OOD_hard": {
      "candidate_AP": null,
      "candidate_AUROC": null,
      "candidate_MRR": null,
      "candidate_positive_rate": null,
      "candidate_record_count": 0,
      "candidate_top1": null,
      "metric_items": 0
    },
    "appearance_change": {
      "candidate_AP": 0.145540086636673,
      "candidate_AUROC": 0.5234873086354298,
      "candidate_MRR": 0.4729501111772715,
      "candidate_positive_rate": 0.14195867026055706,
      "candidate_record_count": 1113,
      "candidate_top1": 0.24050632911392406,
      "metric_items": 158
    },
    "crossing_ambiguity": {
      "candidate_AP": 0.09495899759776076,
      "candidate_AUROC": 0.6606003772438176,
      "candidate_MRR": 0.3763210923384478,
      "candidate_positive_rate": 0.05753476852733854,
      "candidate_record_count": 5249,
      "candidate_top1": 0.16225165562913907,
      "metric_items": 302
    },
    "long_gap_persistence": {
      "candidate_AP": 0.2916412613097248,
      "candidate_AUROC": 0.582016632016632,
      "candidate_MRR": 0.5479624542124542,
      "candidate_positive_rate": 0.21940928270042195,
      "candidate_record_count": 237,
      "candidate_top1": 0.28846153846153844,
      "metric_items": 52
    },
    "occlusion_reappearance": {
      "candidate_AP": 0.14120621811028128,
      "candidate_AUROC": 0.5178431643412994,
      "candidate_MRR": 0.48037714434419826,
      "candidate_positive_rate": 0.12932790224032586,
      "candidate_record_count": 982,
      "candidate_top1": 0.2440944881889764,
      "metric_items": 127
    }
  },
  "stage2_val_fallback_used": false
}
