{
  "candidate_AP": 0.16133466480714087,
  "candidate_AUROC": 0.6736776187968251,
  "candidate_MRR": 0.5043968164738053,
  "candidate_feature_used_for_rollout": false,
  "candidate_feature_used_for_scoring": true,
  "candidate_positive_rate": 0.06808961016052213,
  "candidate_record_count": 5669,
  "candidate_score_mode": "posterior_v7_no_distance",
  "candidate_top1": 0.32124352331606215,
  "dev": {
    "candidate_AP": 0.20999809235346445,
    "candidate_AUROC": 0.7350420283863855,
    "candidate_MRR": 0.5843574365510482,
    "candidate_positive_rate": 0.0675008231807705,
    "candidate_record_count": 3037,
    "candidate_top1": 0.4195121951219512,
    "metric_items": 205
  },
  "full_free_rollout_executed": true,
  "full_model_forward_executed": true,
  "future_candidate_used_as_input": false,
  "generated_at_utc": "2026-04-28T16:54:51.715826+00:00",
  "heldout": {
    "candidate_AP": 0.1124264204593628,
    "candidate_AUROC": 0.6017771526336076,
    "candidate_MRR": 0.4138336832371495,
    "candidate_positive_rate": 0.06876899696048633,
    "candidate_record_count": 2632,
    "candidate_top1": 0.20994475138121546,
    "metric_items": 181
  },
  "metric_items": 386,
  "mode": "posterior_v7_no_distance",
  "old_association_report_used": false,
  "per_subset_breakdown": {
    "OOD_hard": {
      "candidate_AP": null,
      "candidate_AUROC": null,
      "candidate_MRR": null,
      "candidate_positive_rate": null,
      "candidate_record_count": 0,
      "candidate_top1": null,
      "metric_items": 0
    },
    "appearance_change": {
      "candidate_AP": 0.2167299540970161,
      "candidate_AUROC": 0.6330638213267944,
      "candidate_MRR": 0.6056910213555784,
      "candidate_positive_rate": 0.14195867026055706,
      "candidate_record_count": 1113,
      "candidate_top1": 0.3987341772151899,
      "metric_items": 158
    },
    "crossing_ambiguity": {
      "candidate_AP": 0.1571297816952883,
      "candidate_AUROC": 0.6924130886737162,
      "candidate_MRR": 0.45537142767844,
      "candidate_positive_rate": 0.05753476852733854,
      "candidate_record_count": 5249,
      "candidate_top1": 0.2781456953642384,
      "metric_items": 302
    },
    "long_gap_persistence": {
      "candidate_AP": 0.3042221160237083,
      "candidate_AUROC": 0.6234927234927234,
      "candidate_MRR": 0.6227564102564103,
      "candidate_positive_rate": 0.21940928270042195,
      "candidate_record_count": 237,
      "candidate_top1": 0.4230769230769231,
      "metric_items": 52
    },
    "occlusion_reappearance": {
      "candidate_AP": 0.21231460337232919,
      "candidate_AUROC": 0.6231063222360362,
      "candidate_MRR": 0.6018750497096952,
      "candidate_positive_rate": 0.12932790224032586,
      "candidate_record_count": 982,
      "candidate_top1": 0.3858267716535433,
      "metric_items": 127
    }
  },
  "predicted_candidate_index_0_ratio": 0.09326424870466321,
  "score_tie_rate": 0.0,
  "stage2_val_fallback_used": false
}
