{
  "assignment_aware_subset_gain": {
    "test": 0.00384720336898126,
    "val": 0.043090869534747264
  },
  "assignment_load_bearing_on_residual": true,
  "causal_assignment_subset_gain": {
    "test": 0.00384720336898126,
    "val": 0.043090869534747264
  },
  "changed_semantic_signal": {
    "test": false,
    "val": false
  },
  "effective_units": {
    "test": 12.49112426035503,
    "val": 11.226666666666667
  },
  "future_leakage_detected": false,
  "gain_beats_v34_7": false,
  "generated_at_utc": "2026-05-12T13:32:24.018784+00:00",
  "learned_gate_training_allowed": false,
  "oracle_residual_probe_passed": false,
  "oracle_residual_probe_ran": true,
  "pointwise_baseline_dominates": false,
  "recommended_next_step": "fix_assignment_bound_residual_model",
  "semantic_hard_signal": {
    "test": false,
    "val": false
  },
  "semantic_measurements_load_bearing_on_residual": false,
  "shuffle_assignment_metric_delta": {
    "test": 0.01564109174693585,
    "val": 0.020397592591464734
  },
  "shuffle_semantic_measurements_metric_delta": {
    "test": -0.0030325962297729787,
    "val": 0.008989410333685062
  },
  "stable_preservation": {
    "test": true,
    "val": true
  },
  "strict_residual_subset_gain": {
    "test": 6.0504733777434026e-05,
    "val": 0.000901182881838063
  },
  "trajectory_degraded": false,
  "unit_dominant_instance_purity": {
    "test": 0.6534637459031047,
    "val": 0.6776405521928814
  },
  "unit_memory_load_bearing_on_residual": true,
  "unit_semantic_purity": {
    "test": 0.8428012268673659,
    "val": 0.8587648262337755
  },
  "v30_backbone_frozen": true,
  "v34_7_assignment_aware_subset_gain": {
    "test": 0.0048899054527282715,
    "val": 0.016128763556480408
  },
  "zero_semantic_measurements_metric_delta": {
    "test": 0.0008283984849824125,
    "val": 0.014374850976822177
  },
  "zero_unit_memory_metric_delta": {
    "test": 0.0038472035573754483,
    "val": 0.04309086954987705
  },
  "\u4e2d\u6587\u7ed3\u8bba": "V34.8 oracle residual probe \u5df2\u8bc4\u4f30\uff1b\u4ec5\u5f53 assignment \u4e0e semantic measurement \u90fd causally load-bearing \u4e14 val/test \u589e\u76ca\u8d85\u8fc7 V34.7 \u624d\u5141\u8bb8 learned gate\u3002"
}
