{
  "comparisons": {
    "full_trace_belief_vs_no_trace_prior": {
      "MRR": {
        "bootstrap_win_rate": 0.0603448275862069,
        "ci95_high": -0.02018316949354132,
        "ci95_low": -0.029979822837956836,
        "count": 3480,
        "mean_delta": -0.02506341779776333,
        "zero_excluded": true
      },
      "false_confuser_rate": {
        "bootstrap_win_rate": 0.015517241379310345,
        "ci95_high": -0.02959770114942529,
        "ci95_low": -0.047126436781609195,
        "count": 3480,
        "mean_delta": -0.0382183908045977,
        "zero_excluded": true
      },
      "false_reacquisition_rate": {
        "bootstrap_win_rate": 0.015517241379310345,
        "ci95_high": -0.02959770114942529,
        "ci95_low": -0.047126436781609195,
        "count": 3480,
        "mean_delta": -0.0382183908045977,
        "zero_excluded": true
      },
      "top1": {
        "bootstrap_win_rate": 0.015517241379310345,
        "ci95_high": -0.02959770114942529,
        "ci95_low": -0.047126436781609195,
        "count": 3480,
        "mean_delta": -0.0382183908045977,
        "zero_excluded": true
      }
    },
    "full_trace_belief_vs_shuffled_trace": {
      "MRR": {
        "bootstrap_win_rate": 0.9244252873563218,
        "ci95_high": 0.5951367146969849,
        "ci95_low": 0.5678641433484909,
        "count": 3480,
        "mean_delta": 0.5817468488586331,
        "zero_excluded": true
      },
      "false_confuser_rate": {
        "bootstrap_win_rate": 0.45632183908045976,
        "ci95_high": 0.44310344827586207,
        "ci95_low": 0.40632183908045977,
        "count": 3480,
        "mean_delta": 0.425,
        "zero_excluded": true
      },
      "false_reacquisition_rate": {
        "bootstrap_win_rate": 0.45632183908045976,
        "ci95_high": 0.44310344827586207,
        "ci95_low": 0.40632183908045977,
        "count": 3480,
        "mean_delta": 0.425,
        "zero_excluded": true
      },
      "top1": {
        "bootstrap_win_rate": 0.45632183908045976,
        "ci95_high": 0.44310344827586207,
        "ci95_low": 0.40632183908045977,
        "count": 3480,
        "mean_delta": 0.425,
        "zero_excluded": true
      }
    },
    "original_risk_vs_object_removed": {
      "false_safe_rate": {
        "bootstrap_win_rate": 0.6788065843621399,
        "ci95_high": 0.6915637860082304,
        "ci95_low": 0.6656378600823045,
        "count": 4860,
        "mean_delta": 0.6788065843621399,
        "zero_excluded": true
      }
    },
    "reacquisition_full_vs_no_trace_prior": {
      "MRR": {
        "bootstrap_win_rate": 0.041666666666666664,
        "ci95_high": -0.0295244596357972,
        "ci95_low": -0.04418712686602179,
        "count": 1440,
        "mean_delta": -0.03682407872700747,
        "zero_excluded": true
      },
      "false_confuser_rate": {
        "bootstrap_win_rate": 0.009027777777777777,
        "ci95_high": -0.04513888888888889,
        "ci95_low": -0.07222222222222222,
        "count": 1440,
        "mean_delta": -0.058333333333333334,
        "zero_excluded": true
      },
      "false_reacquisition_rate": {
        "bootstrap_win_rate": 0.009027777777777777,
        "ci95_high": -0.04513888888888889,
        "ci95_low": -0.07222222222222222,
        "count": 1440,
        "mean_delta": -0.058333333333333334,
        "zero_excluded": true
      },
      "top1": {
        "bootstrap_win_rate": 0.009027777777777777,
        "ci95_high": -0.04513888888888889,
        "ci95_low": -0.07222222222222222,
        "count": 1440,
        "mean_delta": -0.058333333333333334,
        "zero_excluded": true
      }
    },
    "reacquisition_full_vs_shuffled_trace": {
      "MRR": {
        "bootstrap_win_rate": 0.9118055555555555,
        "ci95_high": 0.6190357197318248,
        "ci95_low": 0.5736122853847039,
        "count": 1440,
        "mean_delta": 0.5966574252371354,
        "zero_excluded": true
      },
      "false_confuser_rate": {
        "bootstrap_win_rate": 0.4652777777777778,
        "ci95_high": 0.46041666666666664,
        "ci95_low": 0.4013888888888889,
        "count": 1440,
        "mean_delta": 0.4305555555555556,
        "zero_excluded": true
      },
      "false_reacquisition_rate": {
        "bootstrap_win_rate": 0.4652777777777778,
        "ci95_high": 0.46041666666666664,
        "ci95_low": 0.4013888888888889,
        "count": 1440,
        "mean_delta": 0.4305555555555556,
        "zero_excluded": true
      },
      "top1": {
        "bootstrap_win_rate": 0.4652777777777778,
        "ci95_high": 0.46041666666666664,
        "ci95_low": 0.4013888888888889,
        "count": 1440,
        "mean_delta": 0.4305555555555556,
        "zero_excluded": true
      }
    }
  },
  "created_at": "2026-04-25T12:28:06.688584+00:00",
  "key_metrics": {
    "MRR": {
      "bootstrap_win_rate": 0.0603448275862069,
      "ci95_high": -0.02018316949354132,
      "ci95_low": -0.029979822837956836,
      "count": 3480,
      "mean_delta": -0.02506341779776333,
      "zero_excluded": true
    },
    "false_confuser_rate": {
      "bootstrap_win_rate": 0.015517241379310345,
      "ci95_high": -0.02959770114942529,
      "ci95_low": -0.047126436781609195,
      "count": 3480,
      "mean_delta": -0.0382183908045977,
      "zero_excluded": true
    },
    "false_safe_rate": {
      "bootstrap_win_rate": 0.6788065843621399,
      "ci95_high": 0.6915637860082304,
      "ci95_low": 0.6656378600823045,
      "count": 4860,
      "mean_delta": 0.6788065843621399,
      "zero_excluded": true
    },
    "reacquisition_top1": {
      "bootstrap_win_rate": 0.4652777777777778,
      "ci95_high": 0.46041666666666664,
      "ci95_low": 0.4013888888888889,
      "count": 1440,
      "mean_delta": 0.4305555555555556,
      "zero_excluded": true
    },
    "top1": {
      "bootstrap_win_rate": 0.015517241379310345,
      "ci95_high": -0.02959770114942529,
      "ci95_low": -0.047126436781609195,
      "count": 3480,
      "mean_delta": -0.0382183908045977,
      "zero_excluded": true
    }
  }
}