{
  "generated_at_utc": "2026-05-16T13:10:58.684490+00:00",
  "v36_6_occlusion_reappear_identity_field_repair_eval_done": true,
  "source_slice_root": "outputs/cache/stwm_ostf_v36_2c_conservative_selector_downstream_slice/M128_H32",
  "override_root": "outputs/cache/stwm_ostf_v36_6_occlusion_reappear_identity_target_overrides/M128_H32",
  "seed_rows": [
    {
      "seed": 42,
      "val": {
        "identity_retrieval_exclude_same_point_top1": 0.9956341911764706,
        "identity_retrieval_same_frame_top1": 0.9956341911764706,
        "identity_retrieval_instance_pooled_top1": 0.9541590073529411,
        "identity_confuser_separation": 0.4855721331849102,
        "identity_confuser_avoidance_top1": 0.995099986756721,
        "occlusion_reappear_retrieval_top1": 0.9980363279332352,
        "trajectory_crossing_retrieval_top1": 0.9939556749496307,
        "same_pair_similarity_mean": 0.969341407058525,
        "confuser_pair_similarity_mean": 0.4837692738736148,
        "confuser_pair_count": 3150054.0,
        "occlusion_reappear_total": 2037.0,
        "trajectory_crossing_total": 5956.0
      },
      "test": {
        "identity_retrieval_exclude_same_point_top1": 0.9977864583333333,
        "identity_retrieval_same_frame_top1": 0.9977864583333333,
        "identity_retrieval_instance_pooled_top1": 0.9490885416666667,
        "identity_confuser_separation": 0.45297289249756456,
        "identity_confuser_avoidance_top1": 0.9975755847119224,
        "occlusion_reappear_retrieval_top1": 0.9978506179473401,
        "trajectory_crossing_retrieval_top1": 0.9968430826369545,
        "same_pair_similarity_mean": 0.9767208820252906,
        "confuser_pair_similarity_mean": 0.523747989527726,
        "confuser_pair_count": 3449788.0,
        "occlusion_reappear_total": 1861.0,
        "trajectory_crossing_total": 5385.0
      },
      "identity_with_occlusion_passed": true
    },
    {
      "seed": 123,
      "val": {
        "identity_retrieval_exclude_same_point_top1": 0.9957490808823529,
        "identity_retrieval_same_frame_top1": 0.9957490808823529,
        "identity_retrieval_instance_pooled_top1": 0.9356617647058824,
        "identity_confuser_separation": 0.5722494900568553,
        "identity_confuser_avoidance_top1": 0.995099986756721,
        "occlusion_reappear_retrieval_top1": 0.997545409916544,
        "trajectory_crossing_retrieval_top1": 0.9937877770315648,
        "same_pair_similarity_mean": 0.975628981384871,
        "confuser_pair_similarity_mean": 0.4033794913280157,
        "confuser_pair_count": 3150054.0,
        "occlusion_reappear_total": 2037.0,
        "trajectory_crossing_total": 5956.0
      },
      "test": {
        "identity_retrieval_exclude_same_point_top1": 0.9970052083333333,
        "identity_retrieval_same_frame_top1": 0.9970052083333333,
        "identity_retrieval_instance_pooled_top1": 0.94765625,
        "identity_confuser_separation": 0.4954921872339572,
        "identity_confuser_avoidance_top1": 0.9967199087278951,
        "occlusion_reappear_retrieval_top1": 0.9962385814078453,
        "trajectory_crossing_retrieval_top1": 0.9959145775301764,
        "same_pair_similarity_mean": 0.9796095760475619,
        "confuser_pair_similarity_mean": 0.4841173888136047,
        "confuser_pair_count": 3449788.0,
        "occlusion_reappear_total": 1861.0,
        "trajectory_crossing_total": 5385.0
      },
      "identity_with_occlusion_passed": true
    },
    {
      "seed": 456,
      "val": {
        "identity_retrieval_exclude_same_point_top1": 0.9959788602941176,
        "identity_retrieval_same_frame_top1": 0.9959788602941176,
        "identity_retrieval_instance_pooled_top1": 0.9672564338235294,
        "identity_confuser_separation": 0.4872947394851106,
        "identity_confuser_avoidance_top1": 0.9953648523374388,
        "occlusion_reappear_retrieval_top1": 0.9990181639666176,
        "trajectory_crossing_retrieval_top1": 0.9944593687038281,
        "same_pair_similarity_mean": 0.9728382617690707,
        "confuser_pair_similarity_mean": 0.48554352228396014,
        "confuser_pair_count": 3150054.0,
        "occlusion_reappear_total": 2037.0,
        "trajectory_crossing_total": 5956.0
      },
      "test": {
        "identity_retrieval_exclude_same_point_top1": 0.996875,
        "identity_retrieval_same_frame_top1": 0.996875,
        "identity_retrieval_instance_pooled_top1": 0.9509114583333333,
        "identity_confuser_separation": 0.45832439549462745,
        "identity_confuser_avoidance_top1": 0.9967199087278951,
        "occlusion_reappear_retrieval_top1": 0.9962385814078453,
        "trajectory_crossing_retrieval_top1": 0.9955431754874652,
        "same_pair_similarity_mean": 0.9787213142775488,
        "confuser_pair_similarity_mean": 0.5203969187829214,
        "confuser_pair_count": 3449788.0,
        "occlusion_reappear_total": 1861.0,
        "trajectory_crossing_total": 5385.0
      },
      "identity_with_occlusion_passed": true
    }
  ],
  "mean_metrics": {
    "val_occlusion_reappear_retrieval_top1": 0.9981999672721322,
    "test_occlusion_reappear_retrieval_top1": 0.9967759269210102,
    "val_occlusion_reappear_total": 2037.0,
    "test_occlusion_reappear_total": 1861.0,
    "test_identity_retrieval_exclude_same_point_top1": 0.9972222222222221,
    "test_identity_retrieval_instance_pooled_top1": 0.94921875,
    "test_identity_confuser_avoidance_top1": 0.9970051340559042,
    "test_trajectory_crossing_retrieval_top1": 0.9961002785515319
  },
  "target_source": "future_trace_teacher_vis_supervision_only",
  "future_teacher_trace_input_allowed": false,
  "future_trace_predicted_from_past_only": true,
  "future_leakage_detected": false,
  "v30_backbone_frozen": true
}