{
  "generated_at_utc": "2026-04-23T11:36:16.605625+00:00",
  "primary_heldout_split": "heldout_scene_category_video_context_preserving",
  "comparisons": {
    "official_vs_calibration": {
      "overall_top1": {
        "count": 303,
        "mean_delta": 0.013201320132013201,
        "ci95_low": -0.019801980198019802,
        "ci95_high": 0.0462046204620462,
        "zero_excluded": false,
        "bootstrap_win_rate": 0.04950495049504951
      },
      "hard_subset_top1": {
        "count": 303,
        "mean_delta": 0.013201320132013201,
        "ci95_low": -0.019801980198019802,
        "ci95_high": 0.0462046204620462,
        "zero_excluded": false,
        "bootstrap_win_rate": 0.04950495049504951
      },
      "ambiguity_top1": {
        "count": 259,
        "mean_delta": 0.015444015444015444,
        "ci95_low": -0.019305019305019305,
        "ci95_high": 0.05019305019305019,
        "zero_excluded": false,
        "bootstrap_win_rate": 0.05019305019305019
      },
      "occlusion_reappearance_top1": {
        "count": 63,
        "mean_delta": 0.031746031746031744,
        "ci95_low": -0.06349206349206349,
        "ci95_high": 0.12698412698412698,
        "zero_excluded": false,
        "bootstrap_win_rate": 0.09523809523809523
      },
      "long_gap_persistence_top1": {
        "count": 21,
        "mean_delta": 0.09523809523809523,
        "ci95_low": -0.09523809523809523,
        "ci95_high": 0.2857142857142857,
        "zero_excluded": false,
        "bootstrap_win_rate": 0.14285714285714285
      }
    },
    "official_vs_legacysem": {
      "overall_top1": {
        "count": 303,
        "mean_delta": 0.013201320132013201,
        "ci95_low": -0.019801980198019802,
        "ci95_high": 0.0462046204620462,
        "zero_excluded": false,
        "bootstrap_win_rate": 0.04950495049504951
      },
      "hard_subset_top1": {
        "count": 303,
        "mean_delta": 0.013201320132013201,
        "ci95_low": -0.019801980198019802,
        "ci95_high": 0.0462046204620462,
        "zero_excluded": false,
        "bootstrap_win_rate": 0.04950495049504951
      },
      "ambiguity_top1": {
        "count": 259,
        "mean_delta": 0.019305019305019305,
        "ci95_low": -0.015444015444015444,
        "ci95_high": 0.05405405405405406,
        "zero_excluded": false,
        "bootstrap_win_rate": 0.05405405405405406
      },
      "occlusion_reappearance_top1": {
        "count": 63,
        "mean_delta": 0.015873015873015872,
        "ci95_low": -0.07936507936507936,
        "ci95_high": 0.1111111111111111,
        "zero_excluded": false,
        "bootstrap_win_rate": 0.07936507936507936
      },
      "long_gap_persistence_top1": {
        "count": 21,
        "mean_delta": 0.047619047619047616,
        "ci95_low": -0.09523809523809523,
        "ci95_high": 0.19047619047619047,
        "zero_excluded": false,
        "bootstrap_win_rate": 0.09523809523809523
      }
    }
  },
  "ood_zero_excluded_vs_calibration": false,
  "ood_zero_excluded_vs_legacysem": false,
  "ood_claim_level": "moderate_claim"
}
