{
  "candidate_AP": 0.08032519870192689,
  "candidate_AUROC": 0.5337086696109037,
  "candidate_MRR": 0.3651036922702645,
  "candidate_feature_used_for_rollout": false,
  "candidate_feature_used_for_scoring": true,
  "candidate_positive_rate": 0.06808961016052213,
  "candidate_record_count": 5669,
  "candidate_score_mode": "distance_only",
  "candidate_top1": 0.16839378238341968,
  "dev": {
    "candidate_AP": 0.07136195907505935,
    "candidate_AUROC": 0.5066280832299849,
    "candidate_MRR": 0.34248479629553025,
    "candidate_positive_rate": 0.0675008231807705,
    "candidate_record_count": 3037,
    "candidate_top1": 0.14146341463414633,
    "metric_items": 205
  },
  "full_free_rollout_executed": true,
  "full_model_forward_executed": true,
  "future_candidate_used_as_input": false,
  "generated_at_utc": "2026-04-28T16:54:49.411085+00:00",
  "heldout": {
    "candidate_AP": 0.09443771675701508,
    "candidate_AUROC": 0.5652760965757578,
    "candidate_MRR": 0.39072177887148335,
    "candidate_positive_rate": 0.06876899696048633,
    "candidate_record_count": 2632,
    "candidate_top1": 0.19889502762430938,
    "metric_items": 181
  },
  "metric_items": 386,
  "mode": "distance_only",
  "old_association_report_used": false,
  "per_subset_breakdown": {
    "OOD_hard": {
      "candidate_AP": null,
      "candidate_AUROC": null,
      "candidate_MRR": null,
      "candidate_positive_rate": null,
      "candidate_record_count": 0,
      "candidate_top1": null,
      "metric_items": 0
    },
    "appearance_change": {
      "candidate_AP": 0.13770055115860425,
      "candidate_AUROC": 0.4767844124859169,
      "candidate_MRR": 0.455091458943154,
      "candidate_positive_rate": 0.14195867026055706,
      "candidate_record_count": 1113,
      "candidate_top1": 0.22784810126582278,
      "metric_items": 158
    },
    "crossing_ambiguity": {
      "candidate_AP": 0.07557882939227949,
      "candidate_AUROC": 0.5592070650886148,
      "candidate_MRR": 0.32815677712087976,
      "candidate_positive_rate": 0.05753476852733854,
      "candidate_record_count": 5249,
      "candidate_top1": 0.1456953642384106,
      "metric_items": 302
    },
    "long_gap_persistence": {
      "candidate_AP": 0.2431381486880047,
      "candidate_AUROC": 0.4954261954261954,
      "candidate_MRR": 0.5088369963369963,
      "candidate_positive_rate": 0.21940928270042195,
      "candidate_record_count": 237,
      "candidate_top1": 0.25,
      "metric_items": 52
    },
    "occlusion_reappearance": {
      "candidate_AP": 0.12098333513348294,
      "candidate_AUROC": 0.44607450384491415,
      "candidate_MRR": 0.4352104457895166,
      "candidate_positive_rate": 0.12932790224032586,
      "candidate_record_count": 982,
      "candidate_top1": 0.1968503937007874,
      "metric_items": 127
    }
  },
  "predicted_candidate_index_0_ratio": 0.21243523316062177,
  "score_tie_rate": 0.0,
  "stage2_val_fallback_used": false
}
