{
  "bootstrap_name": "stwm_ostf_v30_density_m512_pilot_bootstrap",
  "generated_at_utc": "2026-05-08T08:41:10.698067+00:00",
  "per_seed_bootstrap": {
    "v30_extgt_m512_h32_seed123_vs_last_observed_copy_minFDE_K": {
      "ci95": [
        14.355740230629243,
        23.49775819893343
      ],
      "item_count": 166,
      "mean_delta": 18.519338366496992,
      "zero_excluded": true
    },
    "v30_extgt_m512_h32_seed123_vs_last_observed_copy_motion_minFDE_K": {
      "ci95": [
        19.87807511960046,
        32.1371430203066
      ],
      "item_count": 118,
      "mean_delta": 25.597185280363437,
      "zero_excluded": true
    },
    "v30_extgt_m512_h32_seed123_vs_last_observed_copy_threshold_auc": {
      "ci95": [
        0.04819277108433735,
        0.0858433734939759
      ],
      "item_count": 166,
      "mean_delta": 0.06626506024096386,
      "zero_excluded": true
    },
    "v30_extgt_m512_h32_seed42_vs_last_observed_copy_minFDE_K": {
      "ci95": [
        16.612018299677285,
        27.79903053404337
      ],
      "item_count": 166,
      "mean_delta": 21.724192527403314,
      "zero_excluded": true
    },
    "v30_extgt_m512_h32_seed42_vs_last_observed_copy_motion_minFDE_K": {
      "ci95": [
        22.464432257716936,
        37.59393662638583
      ],
      "item_count": 118,
      "mean_delta": 29.77840903653937,
      "zero_excluded": true
    },
    "v30_extgt_m512_h32_seed42_vs_last_observed_copy_threshold_auc": {
      "ci95": [
        0.04969879518072289,
        0.08885542168674698
      ],
      "item_count": 166,
      "mean_delta": 0.0677710843373494,
      "zero_excluded": true
    },
    "v30_extgt_m512_h32_seed456_vs_last_observed_copy_minFDE_K": {
      "ci95": [
        14.556742272894066,
        23.76782117234655
      ],
      "item_count": 166,
      "mean_delta": 18.869228454957526,
      "zero_excluded": true
    },
    "v30_extgt_m512_h32_seed456_vs_last_observed_copy_motion_minFDE_K": {
      "ci95": [
        19.976039876372127,
        32.78201835317127
      ],
      "item_count": 118,
      "mean_delta": 25.965325355529785,
      "zero_excluded": true
    },
    "v30_extgt_m512_h32_seed456_vs_last_observed_copy_threshold_auc": {
      "ci95": [
        0.04819277108433735,
        0.0858433734939759
      ],
      "item_count": 166,
      "mean_delta": 0.06626506024096386,
      "zero_excluded": true
    },
    "v30_extgt_m512_h64_seed123_vs_last_observed_copy_minFDE_K": {
      "ci95": [
        18.882916038327103,
        29.970486643954022
      ],
      "item_count": 205,
      "mean_delta": 24.176740841749236,
      "zero_excluded": true
    },
    "v30_extgt_m512_h64_seed123_vs_last_observed_copy_motion_minFDE_K": {
      "ci95": [
        25.423556037325607,
        39.17801305557552
      ],
      "item_count": 152,
      "mean_delta": 31.797288944846706,
      "zero_excluded": true
    },
    "v30_extgt_m512_h64_seed123_vs_last_observed_copy_threshold_auc": {
      "ci95": [
        0.03536585365853658,
        0.06463414634146342
      ],
      "item_count": 205,
      "mean_delta": 0.05,
      "zero_excluded": true
    },
    "v30_extgt_m512_h64_seed42_vs_last_observed_copy_minFDE_K": {
      "ci95": [
        19.0919658949317,
        29.182739649749383
      ],
      "item_count": 205,
      "mean_delta": 23.95215643906012,
      "zero_excluded": true
    },
    "v30_extgt_m512_h64_seed42_vs_last_observed_copy_motion_minFDE_K": {
      "ci95": [
        25.628867289894508,
        38.37635517057619
      ],
      "item_count": 152,
      "mean_delta": 31.49947936911332,
      "zero_excluded": true
    },
    "v30_extgt_m512_h64_seed42_vs_last_observed_copy_threshold_auc": {
      "ci95": [
        0.036585365853658534,
        0.06707317073170732
      ],
      "item_count": 205,
      "mean_delta": 0.05121951219512195,
      "zero_excluded": true
    },
    "v30_extgt_m512_h64_seed456_vs_last_observed_copy_minFDE_K": {
      "ci95": [
        19.524150205007416,
        29.601407795882807
      ],
      "item_count": 205,
      "mean_delta": 24.313822425284037,
      "zero_excluded": true
    },
    "v30_extgt_m512_h64_seed456_vs_last_observed_copy_motion_minFDE_K": {
      "ci95": [
        25.92880043857976,
        38.984902622825224
      ],
      "item_count": 152,
      "mean_delta": 32.057937822843854,
      "zero_excluded": true
    },
    "v30_extgt_m512_h64_seed456_vs_last_observed_copy_threshold_auc": {
      "ci95": [
        0.03780487804878049,
        0.06707317073170732
      ],
      "item_count": 205,
      "mean_delta": 0.0524390243902439,
      "zero_excluded": true
    },
    "v30_extgt_m512_h96_seed123_vs_last_observed_copy_minFDE_K": {
      "ci95": [
        21.25812459851539,
        31.946993243745464
      ],
      "item_count": 233,
      "mean_delta": 26.449122899591668,
      "zero_excluded": true
    },
    "v30_extgt_m512_h96_seed123_vs_last_observed_copy_motion_minFDE_K": {
      "ci95": [
        27.943359122842047,
        41.75342367732592
      ],
      "item_count": 177,
      "mean_delta": 34.38547061122743,
      "zero_excluded": true
    },
    "v30_extgt_m512_h96_seed123_vs_last_observed_copy_threshold_auc": {
      "ci95": [
        0.02682403433476395,
        0.05042918454935622
      ],
      "item_count": 233,
      "mean_delta": 0.03862660944206009,
      "zero_excluded": true
    },
    "v30_extgt_m512_h96_seed42_vs_last_observed_copy_minFDE_K": {
      "ci95": [
        26.311895516808963,
        41.30992083549499
      ],
      "item_count": 233,
      "mean_delta": 33.34896854678961,
      "zero_excluded": true
    },
    "v30_extgt_m512_h96_seed42_vs_last_observed_copy_motion_minFDE_K": {
      "ci95": [
        33.6164448247791,
        52.937640675043646
      ],
      "item_count": 177,
      "mean_delta": 43.39922647422316,
      "zero_excluded": true
    },
    "v30_extgt_m512_h96_seed42_vs_last_observed_copy_threshold_auc": {
      "ci95": [
        0.030042918454935622,
        0.0536480686695279
      ],
      "item_count": 233,
      "mean_delta": 0.04184549356223176,
      "zero_excluded": true
    },
    "v30_extgt_m512_h96_seed456_vs_last_observed_copy_minFDE_K": {
      "ci95": [
        15.734016484764,
        24.02891077197161
      ],
      "item_count": 233,
      "mean_delta": 19.65094175870838,
      "zero_excluded": true
    },
    "v30_extgt_m512_h96_seed456_vs_last_observed_copy_motion_minFDE_K": {
      "ci95": [
        20.909918501148116,
        30.837288675469864
      ],
      "item_count": 177,
      "mean_delta": 25.65994663561805,
      "zero_excluded": true
    },
    "v30_extgt_m512_h96_seed456_vs_last_observed_copy_threshold_auc": {
      "ci95": [
        0.027896995708154508,
        0.05150214592274678
      ],
      "item_count": 233,
      "mean_delta": 0.03969957081545064,
      "zero_excluded": true
    }
  }
}
