{
  "baselines": {
    "headonly_v2": {
      "eval_path": "reports/stwm_reappearance_headonly_v2_eval_20260427.json",
      "event_AP": 0.7981041933338294,
      "event_AUROC": 0.7061111111111111,
      "per_horizon_AP": 0.1529472430291964,
      "per_horizon_AUROC": 0.24275545483599176
    },
    "joint_v1_no_feedback": {
      "eval_path": "reports/stwm_reappearance_visibility_joint_v1_free_rollout_eval_20260427.json",
      "event_AP": 0.8035736167497645,
      "event_AUROC": 0.7130555555555556,
      "future_trace_coord_error": 0.20921914785867557,
      "output_degenerate": false,
      "per_horizon_AP": 0.16071598083031027,
      "per_horizon_AUROC": 0.2840988988639995
    },
    "random_head_distribution": {
      "eval_path": "reports/stwm_reappearance_random_head_baseline_v1_20260427.json",
      "event_AP_max": 0.8488019905107611,
      "event_AP_mean": 0.6192627921940244,
      "event_AP_std": 0.14281798445995952,
      "event_AUROC_max": 0.7861111111111111,
      "event_AUROC_mean": 0.4943888888888889,
      "event_AUROC_std": 0.19730842404096907
    }
  },
  "comparison_scope": "Stage2 validation split full-model semantic-state export/eval, max-items=256",
  "deltas_vs_joint_v1": {
    "event_AP_gain_vs_joint_v1": 0.005858958350734356,
    "event_AUROC_gain_vs_joint_v1": 0.005833333333333357,
    "future_trace_coord_error_delta_vs_joint_v1": -6.529694655910134e-05,
    "per_horizon_AP_gain_vs_joint_v1": 0.003992560314792004,
    "per_horizon_AUROC_gain_vs_joint_v1": 0.0199715273540777
  },
  "feedback_checkpoint": {
    "event_AP_feedback": 0.8094325751004988,
    "event_AUROC_feedback": 0.7188888888888889,
    "feedback_delta_norm": 0.005309318647050532,
    "feedback_gate_mean": 0.01798769757442642,
    "feedback_gate_saturation_ratio": 0.0,
    "free_rollout_eval_path": "reports/stwm_semantic_state_feedback_v1_free_rollout_eval_20260427.json",
    "future_trace_coord_error_feedback": 0.20915385091211647,
    "output_degenerate": false,
    "per_horizon_AP_feedback": 0.16470854114510228,
    "per_horizon_AUROC_feedback": 0.3040704262180772,
    "teacher_forced_eval_path": "reports/stwm_semantic_state_feedback_v1_teacher_forced_eval_20260427.json"
  },
  "feedback_signal_positive": true,
  "generated_at_utc": "2026-04-28T09:20:00.624313+00:00",
  "output_degenerate": false,
  "report_name": "stwm_semantic_state_feedback_v1_baseline_comparison",
  "trace_rollout_regression_detected": false
}
