{
  "generated_at_utc": "2026-04-23T14:25:47.450980+00:00",
  "panel_name": "densified_200_context_preserving",
  "comparisons": {
    "hybrid_light_vs_legacysem": {
      "overall_top1": {
        "count": 1200,
        "mean_delta": 0.0325,
        "ci95_low": 0.006666666666666667,
        "ci95_high": 0.058333333333333334,
        "zero_excluded": true,
        "bootstrap_win_rate": 0.12333333333333334
      },
      "hard_subset_top1": {
        "count": 1200,
        "mean_delta": 0.0325,
        "ci95_low": 0.005833333333333334,
        "ci95_high": 0.0575,
        "zero_excluded": true,
        "bootstrap_win_rate": 0.12333333333333334
      },
      "ambiguity_top1": {
        "count": 876,
        "mean_delta": 0.0410958904109589,
        "ci95_low": 0.011386986301369872,
        "ci95_high": 0.07191780821917808,
        "zero_excluded": true,
        "bootstrap_win_rate": 0.1278538812785388
      },
      "appearance_change_top1": {
        "count": 822,
        "mean_delta": 0.00851581508515815,
        "ci95_low": -0.023114355231143552,
        "ci95_high": 0.040145985401459854,
        "zero_excluded": false,
        "bootstrap_win_rate": 0.11070559610705596
      },
      "occlusion_reappearance_top1": {
        "count": 774,
        "mean_delta": 0.04392764857881137,
        "ci95_low": 0.011627906976744186,
        "ci95_high": 0.07622739018087855,
        "zero_excluded": true,
        "bootstrap_win_rate": 0.12661498708010335
      },
      "long_gap_persistence_top1": {
        "count": 402,
        "mean_delta": 0.01990049751243781,
        "ci95_low": -0.029850746268656716,
        "ci95_high": 0.06965174129353234,
        "zero_excluded": false,
        "bootstrap_win_rate": 0.13432835820895522
      }
    },
    "hybrid_light_vs_semantic_teacher_only": {
      "overall_top1": {
        "count": 1200,
        "mean_delta": -0.12416666666666666,
        "ci95_low": -0.15083333333333335,
        "ci95_high": -0.0975,
        "zero_excluded": true,
        "bootstrap_win_rate": 0.051666666666666666
      },
      "hard_subset_top1": {
        "count": 1200,
        "mean_delta": -0.12416666666666666,
        "ci95_low": -0.15083333333333335,
        "ci95_high": -0.09833333333333333,
        "zero_excluded": true,
        "bootstrap_win_rate": 0.051666666666666666
      },
      "ambiguity_top1": {
        "count": 876,
        "mean_delta": -0.08789954337899543,
        "ci95_low": -0.11643835616438356,
        "ci95_high": -0.05821917808219178,
        "zero_excluded": true,
        "bootstrap_win_rate": 0.05593607305936073
      },
      "appearance_change_top1": {
        "count": 822,
        "mean_delta": -0.09002433090024331,
        "ci95_low": -0.11803527980535278,
        "ci95_high": -0.06082725060827251,
        "zero_excluded": true,
        "bootstrap_win_rate": 0.049878345498783457
      },
      "occlusion_reappearance_top1": {
        "count": 774,
        "mean_delta": -0.16020671834625322,
        "ci95_low": -0.19638242894056848,
        "ci95_high": -0.12403100775193798,
        "zero_excluded": true,
        "bootstrap_win_rate": 0.06589147286821706
      },
      "long_gap_persistence_top1": {
        "count": 402,
        "mean_delta": -0.18407960199004975,
        "ci95_low": -0.23383084577114427,
        "ci95_high": -0.13432835820895522,
        "zero_excluded": true,
        "bootstrap_win_rate": 0.06965174129353234
      }
    },
    "hybrid_light_vs_coord_only": {
      "overall_top1": {
        "count": 1200,
        "mean_delta": 0.035,
        "ci95_low": 0.013333333333333334,
        "ci95_high": 0.056666666666666664,
        "zero_excluded": true,
        "bootstrap_win_rate": 0.09083333333333334
      },
      "hard_subset_top1": {
        "count": 1200,
        "mean_delta": 0.035,
        "ci95_low": 0.013333333333333334,
        "ci95_high": 0.0575,
        "zero_excluded": true,
        "bootstrap_win_rate": 0.09083333333333334
      },
      "ambiguity_top1": {
        "count": 876,
        "mean_delta": 0.045662100456621,
        "ci95_low": 0.0182648401826484,
        "ci95_high": 0.07191780821917808,
        "zero_excluded": true,
        "bootstrap_win_rate": 0.10273972602739725
      },
      "appearance_change_top1": {
        "count": 822,
        "mean_delta": 0.009732360097323601,
        "ci95_low": -0.0170316301703163,
        "ci95_high": 0.0364963503649635,
        "zero_excluded": false,
        "bootstrap_win_rate": 0.07664233576642336
      },
      "occlusion_reappearance_top1": {
        "count": 774,
        "mean_delta": 0.04263565891472868,
        "ci95_low": 0.016795865633074936,
        "ci95_high": 0.06718346253229975,
        "zero_excluded": true,
        "bootstrap_win_rate": 0.08656330749354005
      },
      "long_gap_persistence_top1": {
        "count": 402,
        "mean_delta": 0.03980099502487562,
        "ci95_low": 0.0024875621890547263,
        "ci95_high": 0.07711442786069651,
        "zero_excluded": true,
        "bootstrap_win_rate": 0.09203980099502487
      }
    },
    "hybrid_light_vs_coord_plus_teacher": {
      "overall_top1": {
        "count": 1200,
        "mean_delta": 0.006666666666666667,
        "ci95_low": -0.005833333333333334,
        "ci95_high": 0.019166666666666665,
        "zero_excluded": false,
        "bootstrap_win_rate": 0.025833333333333333
      },
      "hard_subset_top1": {
        "count": 1200,
        "mean_delta": 0.006666666666666667,
        "ci95_low": -0.005,
        "ci95_high": 0.018333333333333333,
        "zero_excluded": false,
        "bootstrap_win_rate": 0.025833333333333333
      },
      "ambiguity_top1": {
        "count": 876,
        "mean_delta": 0.007990867579908675,
        "ci95_low": -0.00684931506849315,
        "ci95_high": 0.021689497716894976,
        "zero_excluded": false,
        "bootstrap_win_rate": 0.0273972602739726
      },
      "appearance_change_top1": {
        "count": 822,
        "mean_delta": -0.0036496350364963502,
        "ci95_low": -0.0170316301703163,
        "ci95_high": 0.009732360097323601,
        "zero_excluded": false,
        "bootstrap_win_rate": 0.0170316301703163
      },
      "occlusion_reappearance_top1": {
        "count": 774,
        "mean_delta": 0.011627906976744186,
        "ci95_low": -0.003875968992248062,
        "ci95_high": 0.028423772609819122,
        "zero_excluded": false,
        "bootstrap_win_rate": 0.031007751937984496
      },
      "long_gap_persistence_top1": {
        "count": 402,
        "mean_delta": 0.004975124378109453,
        "ci95_low": -0.017412935323383085,
        "ci95_high": 0.024875621890547265,
        "zero_excluded": false,
        "bootstrap_win_rate": 0.02736318407960199
      }
    }
  },
  "zero_excluded_vs_legacysem": true,
  "zero_excluded_vs_teacher_only": true,
  "zero_excluded_vs_coord_only": true,
  "zero_excluded_vs_coord_plus_teacher": false
}
