{
  "runs_root": "outputs/training/stwm_v4_2_minival_seed42",
  "runs": [
    "full_v4_2",
    "wo_semantics_v4_2",
    "wo_identity_v4_2"
  ],
  "close_threshold": 0.002,
  "per_run": {
    "full_v4_2": {
      "num_rows": 120,
      "pearson_corr": 0.9553994633200459,
      "close_ratio": 0.06666666666666667,
      "mean_abs_gap": 0.011271178489550948,
      "mean_signed_gap": -0.0013604626214752595,
      "decoupling_score": 0.48896693500664373,
      "proxy_like": false
    },
    "wo_semantics_v4_2": {
      "num_rows": 120,
      "pearson_corr": 0.9948876496054331,
      "close_ratio": 0.15833333333333333,
      "mean_abs_gap": 0.00996717942568163,
      "mean_signed_gap": -0.000637494446709752,
      "decoupling_score": 0.4233895085306168,
      "proxy_like": false
    },
    "wo_identity_v4_2": {
      "num_rows": 120,
      "pearson_corr": 0.980136763806034,
      "close_ratio": 0.09166666666666666,
      "mean_abs_gap": 0.011707445001229643,
      "mean_signed_gap": 0.00012082791266342005,
      "decoupling_score": 0.46409828476364967,
      "proxy_like": false
    }
  },
  "comparison_vs_full": {
    "wo_semantics_v4_2": {
      "delta_corr_abs": 0.039488186285387195,
      "delta_close_ratio": 0.09166666666666666,
      "delta_decoupling_score": -0.06557742647602693,
      "full_less_proxy_like": false
    },
    "wo_identity_v4_2": {
      "delta_corr_abs": 0.0247373004859881,
      "delta_close_ratio": 0.024999999999999994,
      "delta_decoupling_score": -0.02486865024299406,
      "full_less_proxy_like": false
    }
  }
}