{
  "complete_train_sample_count": 0,
  "future_teacher_leakage_detected": false,
  "generated_at_utc": "2026-05-10T04:53:24.307798+00:00",
  "global_identity_labels_used": true,
  "hard_identity_ROC_AUC_fused_test": {
    "mean": 0.7095621234423187,
    "std": 0.002409217699913923,
    "worst": 0.7062267927053585
  },
  "hard_identity_ROC_AUC_fused_val": {
    "mean": 0.5476478968035783,
    "std": 0.0015887486258011453,
    "worst": 0.5457518691728149
  },
  "identity_retrieval_exclude_same_point_top1_test": {
    "mean": 0.5887858072916666,
    "std": 0.003179040524841245,
    "worst": 0.58447265625
  },
  "identity_retrieval_exclude_same_point_top1_val": {
    "mean": 0.575927734375,
    "std": 0.005872922705946847,
    "worst": 0.568115234375
  },
  "identity_retrieval_instance_pooled_top1_test": {
    "mean": 0.8646647135416666,
    "std": 0.0015483640617220417,
    "worst": 0.862548828125
  },
  "identity_retrieval_instance_pooled_top1_val": {
    "mean": 0.87158203125,
    "std": 0.005889813516511142,
    "worst": 0.86572265625
  },
  "identity_retrieval_same_frame_top1_test": {
    "mean": 0.34961574967760356,
    "std": 0.00506043682823932,
    "worst": 0.3425414364640884
  },
  "identity_retrieval_same_frame_top1_val": {
    "mean": 0.426855984618898,
    "std": 0.004563718738350889,
    "worst": 0.4209568382735309
  },
  "identity_signal_stable": false,
  "pass_gate": false,
  "recommended_next_step": "fix_identity_belief_calibration",
  "sample_local_collision_prevented": true,
  "semantic_proto_top1_test": {
    "mean": 0.25451329245680093,
    "std": 0.0,
    "worst": 0.25451329245680093
  },
  "semantic_proto_top1_val": {
    "mean": 0.1923831678148579,
    "std": 0.0,
    "worst": 0.1923831678148579
  },
  "semantic_proto_top5_test": {
    "mean": 0.6177608154071917,
    "std": 0.0,
    "worst": 0.6177608154071917
  },
  "semantic_proto_top5_val": {
    "mean": 0.5254838805881125,
    "std": 0.0,
    "worst": 0.5254838805881125
  },
  "semantic_ranking_signal_stable": true,
  "semantic_top1_copy_beaten": false,
  "semantic_top5_copy_beaten": true,
  "training_scale_still_smoke": true,
  "trajectory_degraded": false,
  "val_calibrated_balanced_accuracy_test": {
    "mean": 0.6409960645949248,
    "std": 0.0033004170191383345,
    "worst": 0.6364499932148189
  },
  "val_calibrated_balanced_accuracy_val": {
    "mean": 0.5557402370638997,
    "std": 0.0010734607543833948,
    "worst": 0.5546993049259594
  }
}
