{
  "generated_at_utc": "2026-04-23T07:05:34.451964+00:00",
  "panel_name": "densified_200_context_preserving",
  "selected_hybrid_weights": {
    "TUSB-v3.1::best.pt": {
      "alpha": 0.5,
      "beta": 0.1,
      "gamma": 0.2
    },
    "TUSB-v3.1::best_semantic_hard.pt": {
      "alpha": 0.5,
      "beta": 0.4,
      "gamma": 0.2
    }
  },
  "best_checkpoint_under_hybrid": "best_semantic_hard.pt",
  "comparisons": {
    "official_hybrid_vs_bestpt_coordonly": {
      "left_method": "TUSB-v3.1::best_semantic_hard.pt",
      "left_scoring_mode": "hybrid_light",
      "right_method": "TUSB-v3.1::best.pt",
      "right_scoring_mode": "coord_only",
      "left_mean": {
        "overall_top1": 0.2046979865771812,
        "hit_rate": 0.006711409395973154,
        "localization_error": 0.22109845300039466,
        "mask_iou_at_top1": 0.20516015210300073,
        "hard_subset_top1": 0.2046979865771812,
        "ambiguity_top1": 0.20336391437308868,
        "appearance_change_top1": 0.20166666666666666,
        "occlusion_reappearance_top1": 0.2145390070921986,
        "long_gap_persistence_top1": 0.24999999999999997,
        "small_object_top1": 0.19720101781170485,
        "MRR": 0.4357040549908244,
        "top5_hit": 0.7695749440715883
      },
      "right_mean": {
        "overall_top1": 0.1733780760626398,
        "hit_rate": 0.010067114093959731,
        "localization_error": 0.21955725109678034,
        "mask_iou_at_top1": 0.17372465791727718,
        "hard_subset_top1": 0.1733780760626398,
        "ambiguity_top1": 0.15902140672782875,
        "appearance_change_top1": 0.18499999999999997,
        "occlusion_reappearance_top1": 0.1843971631205674,
        "long_gap_persistence_top1": 0.21739130434782608,
        "small_object_top1": 0.1628498727735369,
        "MRR": 0.40037821494341447,
        "top5_hit": 0.727069351230425
      }
    },
    "official_hybrid_vs_legacysem": {
      "left_method": "TUSB-v3.1::best_semantic_hard.pt",
      "left_scoring_mode": "hybrid_light",
      "right_method": "legacysem::best.pt",
      "right_scoring_mode": "coord_only",
      "left_mean": {
        "overall_top1": 0.2046979865771812,
        "hit_rate": 0.006711409395973154,
        "localization_error": 0.22109845300039466,
        "mask_iou_at_top1": 0.20516015210300073,
        "hard_subset_top1": 0.2046979865771812,
        "ambiguity_top1": 0.20336391437308868,
        "appearance_change_top1": 0.20166666666666666,
        "occlusion_reappearance_top1": 0.2145390070921986,
        "long_gap_persistence_top1": 0.24999999999999997,
        "small_object_top1": 0.19720101781170485,
        "MRR": 0.4357040549908244,
        "top5_hit": 0.7695749440715883
      },
      "right_mean": {
        "overall_top1": 0.16666666666666666,
        "hit_rate": 0.008948545861297539,
        "localization_error": 0.2241010540619334,
        "mask_iou_at_top1": 0.1671956459341152,
        "hard_subset_top1": 0.16666666666666666,
        "ambiguity_top1": 0.15902140672782875,
        "appearance_change_top1": 0.17666666666666667,
        "occlusion_reappearance_top1": 0.17730496453900713,
        "long_gap_persistence_top1": 0.2318840579710145,
        "small_object_top1": 0.1590330788804071,
        "MRR": 0.3997711276778471,
        "top5_hit": 0.7438478747203581
      },
      "seedwise_delta_vs_legacysem": [
        {
          "seed": 42,
          "delta_top1": 0.053691275167785234
        },
        {
          "seed": 123,
          "delta_top1": 0.026845637583892617
        },
        {
          "seed": 456,
          "delta_top1": 0.040268456375838924
        },
        {
          "seed": 654,
          "delta_top1": 0.0
        },
        {
          "seed": 789,
          "delta_top1": 0.053691275167785234
        },
        {
          "seed": 321,
          "delta_top1": 0.053691275167785234
        }
      ]
    },
    "official_hybrid_vs_calibration": {
      "left_mean": {
        "overall_top1": 0.2046979865771812,
        "hit_rate": 0.006711409395973154,
        "localization_error": 0.22109845300039466,
        "mask_iou_at_top1": 0.20516015210300073,
        "hard_subset_top1": 0.2046979865771812,
        "ambiguity_top1": 0.20336391437308868,
        "appearance_change_top1": 0.20166666666666666,
        "occlusion_reappearance_top1": 0.2145390070921986,
        "long_gap_persistence_top1": 0.24999999999999997,
        "small_object_top1": 0.19720101781170485,
        "MRR": 0.4357040549908244,
        "top5_hit": 0.7695749440715883
      },
      "right_mean": {
        "overall_top1": 0.1610738255033557,
        "hit_rate": 0.012304250559284115,
        "localization_error": 0.2135172144593076,
        "mask_iou_at_top1": 0.1614893619538501,
        "hard_subset_top1": 0.1610738255033557,
        "ambiguity_top1": 0.14678899082568808,
        "appearance_change_top1": 0.17999999999999997,
        "occlusion_reappearance_top1": 0.17198581560283688,
        "long_gap_persistence_top1": 0.1956521739130435,
        "small_object_top1": 0.1450381679389313,
        "MRR": 0.39471102649825474,
        "top5_hit": 0.7360178970917226
      }
    },
    "official_hybrid_vs_cropenc": {
      "left_mean": {
        "overall_top1": 0.2046979865771812,
        "hit_rate": 0.006711409395973154,
        "localization_error": 0.22109845300039466,
        "mask_iou_at_top1": 0.20516015210300073,
        "hard_subset_top1": 0.2046979865771812,
        "ambiguity_top1": 0.20336391437308868,
        "appearance_change_top1": 0.20166666666666666,
        "occlusion_reappearance_top1": 0.2145390070921986,
        "long_gap_persistence_top1": 0.24999999999999997,
        "small_object_top1": 0.19720101781170485,
        "MRR": 0.4357040549908244,
        "top5_hit": 0.7695749440715883
      },
      "right_mean": {
        "overall_top1": 0.16219239373601788,
        "hit_rate": 0.012304250559284115,
        "localization_error": 0.21948327669506848,
        "mask_iou_at_top1": 0.16267438521850885,
        "hard_subset_top1": 0.16219239373601788,
        "ambiguity_top1": 0.14525993883792052,
        "appearance_change_top1": 0.17500000000000002,
        "occlusion_reappearance_top1": 0.17375886524822692,
        "long_gap_persistence_top1": 0.2282608695652174,
        "small_object_top1": 0.14376590330788805,
        "MRR": 0.3947195286198852,
        "top5_hit": 0.7393736017897092
      }
    },
    "bestpt_hybrid_vs_sidecar_hybrid": {
      "bestpt_hybrid_mean": {
        "overall_top1": 0.19351230425055924,
        "hit_rate": 0.010067114093959731,
        "localization_error": 0.21955725109678034,
        "mask_iou_at_top1": 0.19399613666127347,
        "hard_subset_top1": 0.19351230425055924,
        "ambiguity_top1": 0.18042813455657492,
        "appearance_change_top1": 0.19499999999999998,
        "occlusion_reappearance_top1": 0.20035460992907803,
        "long_gap_persistence_top1": 0.24275362318840576,
        "small_object_top1": 0.1921119592875318,
        "MRR": 0.4245883186907308,
        "top5_hit": 0.756152125279642
      },
      "sidecar_hybrid_mean": {
        "overall_top1": 0.2046979865771812,
        "hit_rate": 0.006711409395973154,
        "localization_error": 0.22109845300039466,
        "mask_iou_at_top1": 0.20516015210300073,
        "hard_subset_top1": 0.2046979865771812,
        "ambiguity_top1": 0.20336391437308868,
        "appearance_change_top1": 0.20166666666666666,
        "occlusion_reappearance_top1": 0.2145390070921986,
        "long_gap_persistence_top1": 0.24999999999999997,
        "small_object_top1": 0.19720101781170485,
        "MRR": 0.4357040549908244,
        "top5_hit": 0.7695749440715883
      }
    }
  },
  "improved_vs_bestpt_coordonly": true,
  "improved_vs_legacysem": true,
  "improved_vs_calibration": true,
  "improved_vs_cropenc": true
}
