{
  "audit_name": "stwm_ostf_v19_eval_summary",
  "corrected_semantic_metrics_from": "reports/stwm_ostf_semantic_fair_eval_v19_20260502.json",
  "experiments": {
    "v19_refinement_m128_seed42_h8": {
      "model_kind": "v19_refinement_m128",
      "source_combo": "M128_H8",
      "test_metrics": {
        "PCK_16px": 0.7445004376309577,
        "PCK_32px": 0.8553085961329338,
        "PCK_4px": 0.5262154205235657,
        "PCK_8px": 0.6335013128928733,
        "anchor_centroid_L1_px": 60.89815902709961,
        "endpoint_error_px": 31.422000885009766,
        "object_extent_iou": 0.8247943581058409,
        "point_L1_px": 17.313432693481445,
        "semantic_changed_top5": null,
        "semantic_metric_note": "future semantic target is constant per object prototype in current OSTF teacher cache; changed/stable semantic split remains weak.",
        "semantic_top1": 0.7098901098901099,
        "semantic_top5": 1.0,
        "stable_semantic_preservation": null,
        "visibility_F1": 0.9502669769103148
      },
      "test_metrics_by_dataset": {
        "VIPSEG": {
          "PCK_16px": 0.5084254502568613,
          "PCK_32px": 0.6229036320386991,
          "PCK_4px": 0.24384832190617067,
          "PCK_8px": 0.382093669418514,
          "anchor_centroid_L1_px": 134.1033477783203,
          "endpoint_error_px": 76.96681213378906,
          "object_extent_iou": 0.532489200254924,
          "point_L1_px": 47.533668518066406,
          "semantic_changed_top5": null,
          "semantic_metric_note": "future semantic target is constant per object prototype in current OSTF teacher cache; changed/stable semantic split remains weak.",
          "semantic_top1": 0.6857142857142857,
          "semantic_top5": 1.0,
          "stable_semantic_preservation": null,
          "visibility_F1": 0.8896213327374469
        },
        "VSPW": {
          "PCK_16px": 0.7806166915899854,
          "PCK_32px": 0.8908633865744351,
          "PCK_4px": 0.5694137362654165,
          "PCK_8px": 0.6719632541597478,
          "anchor_centroid_L1_px": 47.5881233215332,
          "endpoint_error_px": 24.612911224365234,
          "object_extent_iou": 0.8740549650354708,
          "point_L1_px": 12.690146446228027,
          "semantic_changed_top5": null,
          "semantic_metric_note": "future semantic target is constant per object prototype in current OSTF teacher cache; changed/stable semantic split remains weak.",
          "semantic_top1": 0.7142857142857143,
          "semantic_top5": 1.0,
          "stable_semantic_preservation": null,
          "visibility_F1": 0.9600569948731669
        }
      },
      "val_metrics": {
        "PCK_16px": 0.7142630210528363,
        "PCK_32px": 0.8292204550317381,
        "PCK_4px": 0.45898036062788933,
        "PCK_8px": 0.5940245475941931,
        "anchor_centroid_L1_px": 84.71695709228516,
        "endpoint_error_px": 40.60887908935547,
        "object_extent_iou": 0.7949093417430481,
        "point_L1_px": 21.322547912597656,
        "semantic_changed_top5": null,
        "semantic_metric_note": "future semantic target is constant per object prototype in current OSTF teacher cache; changed/stable semantic split remains weak.",
        "semantic_top1": 0.710594315245478,
        "semantic_top5": 1.0,
        "stable_semantic_preservation": null,
        "visibility_F1": 0.9430247697930882
      }
    },
    "v19_refinement_m512_seed42_h8": {
      "model_kind": "v19_refinement_m512",
      "source_combo": "M512_H8",
      "test_metrics": {
        "PCK_16px": 0.7380678352342698,
        "PCK_32px": 0.846641167391107,
        "PCK_4px": 0.4680120923344881,
        "PCK_8px": 0.6124429814970402,
        "anchor_centroid_L1_px": 85.90830993652344,
        "endpoint_error_px": 37.73838806152344,
        "object_extent_iou": 0.8503641392090452,
        "point_L1_px": 18.537206649780273,
        "semantic_changed_top5": null,
        "semantic_metric_note": "future semantic target is constant per object prototype in current OSTF teacher cache; changed/stable semantic split remains weak.",
        "semantic_top1": 0.7883064516129032,
        "semantic_top5": 1.0,
        "stable_semantic_preservation": null,
        "visibility_F1": 0.9439682076160714
      },
      "test_metrics_by_dataset": {
        "VSPW": {
          "PCK_16px": 0.7380678352342698,
          "PCK_32px": 0.846641167391107,
          "PCK_4px": 0.4680120923344881,
          "PCK_8px": 0.6124429814970402,
          "anchor_centroid_L1_px": 85.90830993652344,
          "endpoint_error_px": 37.73838806152344,
          "object_extent_iou": 0.8503641392090452,
          "point_L1_px": 18.537206649780273,
          "semantic_changed_top5": null,
          "semantic_metric_note": "future semantic target is constant per object prototype in current OSTF teacher cache; changed/stable semantic split remains weak.",
          "semantic_top1": 0.7883064516129032,
          "semantic_top5": 1.0,
          "stable_semantic_preservation": null,
          "visibility_F1": 0.9439682076160714
        }
      },
      "val_metrics": {
        "PCK_16px": 0.7724681406161154,
        "PCK_32px": 0.8683078569756163,
        "PCK_4px": 0.48584607151219183,
        "PCK_8px": 0.6474589423687995,
        "anchor_centroid_L1_px": 92.70635223388672,
        "endpoint_error_px": 30.038490295410156,
        "object_extent_iou": 0.8581413679728453,
        "point_L1_px": 15.603514671325684,
        "semantic_changed_top5": null,
        "semantic_metric_note": "future semantic target is constant per object prototype in current OSTF teacher cache; changed/stable semantic split remains weak.",
        "semantic_top1": 0.7597535934291582,
        "semantic_top5": 0.997946611909651,
        "stable_semantic_preservation": null,
        "visibility_F1": 0.950928748032974
      }
    },
    "v19_refinement_m512_wo_dense_points_seed42_h8": {
      "model_kind": "v19_refinement_m512_wo_dense_points",
      "source_combo": "M512_H8",
      "test_metrics": {
        "PCK_16px": 0.7378779334077595,
        "PCK_32px": 0.8466047215860192,
        "PCK_4px": 0.4683605653831349,
        "PCK_8px": 0.6125548765126607,
        "anchor_centroid_L1_px": 85.89530181884766,
        "endpoint_error_px": 37.73926544189453,
        "object_extent_iou": 0.850376922923547,
        "point_L1_px": 18.53308868408203,
        "semantic_changed_top5": null,
        "semantic_metric_note": "future semantic target is constant per object prototype in current OSTF teacher cache; changed/stable semantic split remains weak.",
        "semantic_top1": 0.7540322580645161,
        "semantic_top5": 0.9959677419354839,
        "stable_semantic_preservation": null,
        "visibility_F1": 0.9439682076160714
      },
      "test_metrics_by_dataset": {
        "VSPW": {
          "PCK_16px": 0.7378779334077595,
          "PCK_32px": 0.8466047215860192,
          "PCK_4px": 0.4683605653831349,
          "PCK_8px": 0.6125548765126607,
          "anchor_centroid_L1_px": 85.89530181884766,
          "endpoint_error_px": 37.73926544189453,
          "object_extent_iou": 0.850376922923547,
          "point_L1_px": 18.53308868408203,
          "semantic_changed_top5": null,
          "semantic_metric_note": "future semantic target is constant per object prototype in current OSTF teacher cache; changed/stable semantic split remains weak.",
          "semantic_top1": 0.7540322580645161,
          "semantic_top5": 0.9959677419354839,
          "stable_semantic_preservation": null,
          "visibility_F1": 0.9439682076160714
        }
      },
      "val_metrics": {
        "PCK_16px": 0.7723905408569421,
        "PCK_32px": 0.8682563467906479,
        "PCK_4px": 0.48589089206274877,
        "PCK_8px": 0.6472615981536609,
        "anchor_centroid_L1_px": 92.7060775756836,
        "endpoint_error_px": 30.040395736694336,
        "object_extent_iou": 0.8580457346452622,
        "point_L1_px": 15.601362228393555,