{
  "changed_hard_top5_delta": -0.11875735764681716,
  "copy_residual_vs_no_change_gate_delta": {
    "changed_top5_delta_test": -0.032748935363319576,
    "identity_auc_delta_test": 0.022898648994595483,
    "semantic_hard_top5_delta_test": -0.032748935363319576,
    "stable_top5_delta_test": -0.015148396866655034
  },
  "copy_residual_vs_no_copy_prior_delta": {
    "changed_top5_delta_test": -0.11875735764681716,
    "identity_auc_delta_test": 0.029150263151015543,
    "semantic_hard_top5_delta_test": -0.11875735764681716,
    "stable_top5_delta_test": 0.18657021696102116
  },
  "generated_at_utc": "2026-05-10T11:00:44.880966+00:00",
  "identity_regression_delta": 0.029150263151015543,
  "main_exists": true,
  "no_change_gate_exists": true,
  "no_copy_prior_exists": true,
  "stable_preservation_delta": 0.18657021696102116
}
