{
  "generated_at_utc": "2026-05-16T11:02:38.051998+00:00",
  "semantic_seed_rows": [
    {
      "seed": 42,
      "thresholds": {
        "changed": 0.2505941927433014,
        "hard": 0.23719071745872497,
        "uncertainty": 0.4694036684930325
      },
      "val": {
        "semantic_changed": {
          "roc_auc": 0.607142704670486,
          "balanced_accuracy": 0.5911882448173136,
          "f1": 0.26264761292101274,
          "positive_ratio": 0.12543333333333334
        },
        "semantic_hard": {
          "roc_auc": 0.6253671250596587,
          "balanced_accuracy": 0.5897139187480462,
          "f1": 0.36851894422269127,
          "positive_ratio": 0.19751666666666667
        },
        "semantic_uncertainty": {
          "roc_auc": 0.6708577142849612,
          "balanced_accuracy": 0.6267197762360184,
          "f1": 0.4665386319988181,
          "positive_ratio": 0.28908333333333336
        },
        "cluster": {
          "cluster_top1": 0.5116833333333334,
          "cluster_top5": 0.9046333333333333,
          "copy_top1": 0.8646166666666667,
          "stable_top5": 1.0,
          "stable_copy_top1": 1.0,
          "stable_token_ratio": 0.8646166666666667
        }
      },
      "test": {
        "semantic_changed": {
          "roc_auc": 0.6366412843449651,
          "balanced_accuracy": 0.5966882575315395,
          "f1": 0.26350997935306264,
          "positive_ratio": 0.12215
        },
        "semantic_hard": {
          "roc_auc": 0.6292317454056477,
          "balanced_accuracy": 0.5879596593455849,
          "f1": 0.35662299854439594,
          "positive_ratio": 0.19166666666666668
        },
        "semantic_uncertainty": {
          "roc_auc": 0.6455303701199364,
          "balanced_accuracy": 0.5851373606493345,
          "f1": 0.40049857116799414,
          "positive_ratio": 0.28628333333333333
        },
        "cluster": {
          "cluster_top1": 0.6386166666666667,
          "cluster_top5": 0.9500666666666666,
          "copy_top1": 0.9293833333333333,
          "stable_top5": 1.0,
          "stable_copy_top1": 1.0,
          "stable_token_ratio": 0.9293833333333333
        }
      },
      "stable_preservation": true,
      "semantic_smoke_passed": true
    },
    {
      "seed": 123,
      "thresholds": {
        "changed": 0.2843007370829582,
        "hard": 0.3671633541584015,
        "uncertainty": 0.3677692115306854
      },
      "val": {
        "semantic_changed": {
          "roc_auc": 0.6032697815986637,
          "balanced_accuracy": 0.5893197408536586,
          "f1": 0.26099511328298536,
          "positive_ratio": 0.12533333333333332
        },
        "semantic_hard": {
          "roc_auc": 0.6216288302459614,
          "balanced_accuracy": 0.5947782148842492,
          "f1": 0.36120851684573735,
          "positive_ratio": 0.19411666666666666
        },
        "semantic_uncertainty": {
          "roc_auc": 0.6692616830807465,
          "balanced_accuracy": 0.6340220130061855,
          "f1": 0.4883726814949771,
          "positive_ratio": 0.28365
        },
        "cluster": {
          "cluster_top1": 0.5107666666666667,
          "cluster_top5": 0.9032833333333333,
          "copy_top1": 0.8633666666666666,
          "stable_top5": 1.0,
          "stable_copy_top1": 1.0,
          "stable_token_ratio": 0.8633666666666666
        }
      },
      "test": {
        "semantic_changed": {
          "roc_auc": 0.6298010886716902,
          "balanced_accuracy": 0.5965673661927198,
          "f1": 0.26340719769151194,
          "positive_ratio": 0.12226666666666666
        },
        "semantic_hard": {
          "roc_auc": 0.6162788193553703,
          "balanced_accuracy": 0.5902429794404387,
          "f1": 0.35305601010535986,
          "positive_ratio": 0.19161666666666666
        },
        "semantic_uncertainty": {
          "roc_auc": 0.6477364281593205,
          "balanced_accuracy": 0.6095129711626763,
          "f1": 0.4547047898082507,
          "positive_ratio": 0.2841666666666667
        },
        "cluster": {
          "cluster_top1": 0.64995,
          "cluster_top5": 0.9501166666666667,
          "copy_top1": 0.9279333333333334,
          "stable_top5": 1.0,
          "stable_copy_top1": 1.0,
          "stable_token_ratio": 0.9279333333333334
        }
      },
      "stable_preservation": true,
      "semantic_smoke_passed": true
    },
    {
      "seed": 456,
      "thresholds": {
        "changed": 0.41447693407535546,
        "hard": 0.3354896754026412,
        "uncertainty": 0.3652909755706787
      },
      "val": {
        "semantic_changed": {
          "roc_auc": 0.6055060542096525,
          "balanced_accuracy": 0.5830545112352845,
          "f1": 0.25812253423068,
          "positive_ratio": 0.12453333333333333
        },
        "semantic_hard": {
          "roc_auc": 0.6352729760041133,
          "balanced_accuracy": 0.6019656153114163,
          "f1": 0.3702082631908037,
          "positive_ratio": 0.19303333333333333
        },
        "semantic_uncertainty": {
          "roc_auc": 0.6825689776103617,
          "balanced_accuracy": 0.6374198431181484,
          "f1": 0.4957739617586165,
          "positive_ratio": 0.28425
        },
        "cluster": {
          "cluster_top1": 0.6173333333333333,
          "cluster_top5": 0.9051166666666667,
          "copy_top1": 0.8622333333333333,
          "stable_top5": 1.0,
          "stable_copy_top1": 1.0,
          "stable_token_ratio": 0.8622333333333333
        }
      },
      "test": {
        "semantic_changed": {
          "roc_auc": 0.6345836072272886,
          "balanced_accuracy": 0.5850844238328061,
          "f1": 0.2563390290384056,
          "positive_ratio": 0.1216
        },
        "semantic_hard": {
          "roc_auc": 0.6333277517684776,
          "balanced_accuracy": 0.5888746932198422,
          "f1": 0.3520397489539749,
          "positive_ratio": 0.18955
        },
        "semantic_uncertainty": {
          "roc_auc": 0.6560157007493792,
          "balanced_accuracy": 0.6047333092184591,
          "f1": 0.45188432977671894,
          "positive_ratio": 0.28335
        },
        "cluster": {
          "cluster_top1": 0.6924833333333333,
          "cluster_top5": 0.9524666666666667,
          "copy_top1": 0.92835,
          "stable_top5": 1.0,
          "stable_copy_top1": 1.0,
          "stable_token_ratio": 0.92835
        }
      },
      "stable_preservation": true,
      "semantic_smoke_passed": true
    }
  ],
  "real_instance_identity_seed_rows": [
    {
      "seed": 42,
      "val": {
        "identity_retrieval_exclude_same_point_top1": 0.9956341911764706,
        "identity_retrieval_same_frame_top1": 0.9956341911764706,
        "identity_retrieval_instance_pooled_top1": 0.9541590073529411,
        "identity_confuser_separation": 0.4855721331849102,
        "identity_confuser_avoidance_top1": 0.995099986756721,
        "occlusion_reappear_retrieval_top1": 0.0,
        "trajectory_crossing_retrieval_top1": 0.9939556749496307,
        "same_pair_similarity_mean": 0.969341407058525,
        "confuser_pair_similarity_mean": 0.4837692738736148,
        "confuser_pair_count": 3150054.0,
        "occlusion_reappear_total": 0.0,
        "trajectory_crossing_total": 5956.0
      },
      "test": {
        "identity_retrieval_exclude_same_point_top1": 0.9977864583333333,
        "identity_retrieval_same_frame_top1": 0.9977864583333333,
        "identity_retrieval_instance_pooled_top1": 0.9490885416666667,
        "identity_confuser_separation": 0.45297289249756456,
        "identity_confuser_avoidance_top1": 0.9975755847119224,
        "occlusion_reappear_retrieval_top1": 0.0,
        "trajectory_crossing_retrieval_top1": 0.9968430826369545,
        "same_pair_similarity_mean": 0.9767208820252906,
        "confuser_pair_similarity_mean": 0.523747989527726,
        "confuser_pair_count": 3449788.0,
        "occlusion_reappear_total": 0.0,
        "trajectory_crossing_total": 5385.0
      },