{
  "audit_name": "stwm_semantic_proto_persistence_baseline_v1",
  "changed_subset_count": 9488,
  "changed_subset_top5": 0.10265598650927488,
  "copy_baseline_remains_strong": true,
  "copy_baseline_strong": true,
  "copy_baseline_top1": 0.38349577647823263,
  "copy_baseline_top5": 0.44678362573099417,
  "frequency_top1": 0.049317738791423,
  "frequency_top5": 0.22339181286549709,
  "observed_report": "reports/stwm_observed_semantic_prototype_targets_v2_20260428.json",
  "observed_soft_distribution_copy_top1": 0.38349577647823263,
  "observed_soft_distribution_copy_top5": 0.6881741390513321,
  "results_by_prototype_count": [
    {
      "changed_subset_count": 9488,
      "changed_subset_ratio": 0.6165042235217674,
      "copy_changed_subset": {
        "ce": 3.5180399417877197,
        "top1": 0.0,
        "top5": 0.10265598650927488
      },
      "copy_stable_subset": {
        "ce": 2.5180397033691406,
        "top1": 1.0,
        "top5": 1.0
      },
      "eval_record_count": 15390,
      "frequency": {
        "ce": 3.420375108718872,
        "top1": 0.049317738791423,
        "top5": 0.22339181286549709
      },
      "future_report": "reports/stwm_future_semantic_trace_prototype_targets_v2_c32_20260428.json",
      "future_target_valid_count": 25472,
      "observed_cache_path": "outputs/cache/stwm_observed_semantic_prototype_targets_v2_20260428/observed_proto_targets_c32.npz",
      "observed_feature_nearest_prototype": {
        "ce": 3.1345441341400146,
        "top1": 0.38349577647823263,
        "top5": 0.44678362573099417
      },
      "observed_last_copy": {
        "ce": 3.1345441341400146,
        "top1": 0.38349577647823263,
        "top5": 0.44678362573099417
      },
      "observed_proto_valid_slot_count": 2051,
      "observed_soft_distribution_copy": {
        "ce": 3.3959953784942627,
        "top1": 0.38349577647823263,
        "top5": 0.6881741390513321
      },
      "prototype_count": 32,
      "stable_subset_count": 5902,
      "target_coverage_ratio": 0.6041928391959799
    },
    {
      "changed_subset_count": 9576,
      "changed_subset_ratio": 0.6222222222222222,
      "copy_changed_subset": {
        "ce": 4.185378074645996,
        "top1": 0.0,
        "top5": 0.07988721804511278
      },
      "copy_stable_subset": {
        "ce": 3.1853768825531006,
        "top1": 1.0,
        "top5": 1.0
      },
      "eval_record_count": 15390,
      "frequency": {
        "ce": 4.058293342590332,
        "top1": 0.04678362573099415,
        "top5": 0.17342430149447693
      },
      "future_report": "reports/stwm_future_semantic_trace_prototype_targets_v2_c64_20260428.json",
      "future_target_valid_count": 25472,
      "observed_cache_path": "outputs/cache/stwm_observed_semantic_prototype_targets_v2_20260428/observed_proto_targets_c64.npz",
      "observed_feature_nearest_prototype": {
        "ce": 3.807600259780884,
        "top1": 0.37777777777777777,
        "top5": 0.4274853801169591
      },
      "observed_last_copy": {
        "ce": 3.807600259780884,
        "top1": 0.37777777777777777,
        "top5": 0.4274853801169591
      },
      "observed_proto_valid_slot_count": 2051,
      "observed_soft_distribution_copy": {
        "ce": 4.101245403289795,
        "top1": 0.37777777777777777,
        "top5": 0.6285899935022742
      },
      "prototype_count": 64,
      "stable_subset_count": 5814,
      "target_coverage_ratio": 0.6041928391959799
    },
    {
      "changed_subset_count": 9490,
      "changed_subset_ratio": 0.6166341780376868,
      "copy_changed_subset": {
        "ce": 4.8653645515441895,
        "top1": 0.0,
        "top5": 0.05690200210748156
      },
      "copy_stable_subset": {
        "ce": 3.8653645515441895,
        "top1": 1.0,
        "top5": 1.0
      },
      "eval_record_count": 15390,
      "frequency": {
        "ce": 4.73438835144043,
        "top1": 0.008576998050682261,
        "top5": 0.07381416504223522
      },
      "future_report": "reports/stwm_future_semantic_trace_prototype_targets_v2_20260428.json",
      "future_target_valid_count": 25472,
      "observed_cache_path": "outputs/cache/stwm_observed_semantic_prototype_targets_v2_20260428/observed_proto_targets_c128.npz",
      "observed_feature_nearest_prototype": {
        "ce": 4.481998920440674,
        "top1": 0.38336582196231317,
        "top5": 0.4184535412605588
      },
      "observed_last_copy": {
        "ce": 4.481998920440674,
        "top1": 0.38336582196231317,
        "top5": 0.4184535412605588
      },
      "observed_proto_valid_slot_count": 2051,
      "observed_soft_distribution_copy": {
        "ce": 4.808210849761963,
        "top1": 0.38336582196231317,
        "top5": 0.5911630929174789
      },
      "prototype_count": 128,
      "stable_subset_count": 5900,
      "target_coverage_ratio": 0.6041928391959799
    }
  ],
  "selected_prototype_count": 32,
  "selection_reason": "highest observed-last copy top5 with low prototype count tie-break",
  "stable_subset_count": 5902,
  "stable_subset_top5": 1.0,
  "target_coverage_ratio": 0.6041928391959799
}
