{
  "generated_at_utc": "2026-05-09T17:04:05.592633+00:00",
  "recommended_eval_protocol_fix": "Use separated identity/semantic masks, report val/test separately, and do not promote claims until validation and test agree.",
  "split_shift_reason": [
    "occlusion/reappearance counts differ materially"
  ],
  "split_shift_suspected": true,
  "splits": {
    "test": {
      "assignment_confidence_mean": 0.9996406191967253,
      "crop_failure_ratio": 0.01682281494140625,
      "future_visibility_ratio": 1.0001575354454753,
      "identity_negative_ratio": 0.08010052261758896,
      "identity_positive_ratio": 0.9198994773824111,
      "instance_count_mean": 16.5625,
      "occlusion_reappearance_count": 124279,
      "sample_count": 128,
      "semantic_prototype_entropy": 0.8271863206292094,
      "teacher_embedding_coverage": 0.9831771850585938
    },
    "train": {
      "assignment_confidence_mean": 0.9994323730552424,
      "crop_failure_ratio": 0.030483245849609375,
      "future_visibility_ratio": 1.0002336888742636,
      "identity_negative_ratio": 0.046797389361433225,
      "identity_positive_ratio": 0.9532026106385668,
      "instance_count_mean": 16.390625,
      "occlusion_reappearance_count": 104800,
      "sample_count": 128,
      "semantic_prototype_entropy": 0.755063455561425,
      "teacher_embedding_coverage": 0.9695167541503906
    },
    "val": {
      "assignment_confidence_mean": 0.9988642939859922,
      "crop_failure_ratio": 0.016696929931640625,
      "future_visibility_ratio": 1.0004870731309217,
      "identity_negative_ratio": 0.05801870049924996,
      "identity_positive_ratio": 0.94198129950075,
      "instance_count_mean": 15.752136752136753,
      "occlusion_reappearance_count": 93069,
      "sample_count": 117,
      "semantic_prototype_entropy": 0.74603270839054,
      "teacher_embedding_coverage": 0.9833030700683594
    }
  },
  "whether_test_hard_subset_is_easier_than_val": false,
  "which_split_is_easier": "test"
}
