{
  "bootstrap_name": "stwm_ostf_v30_external_gt_existing_bootstrap",
  "comparisons": {
    "last_visible_copy_vs_constant_velocity_MissRate@128": {
      "ci95": [
        0.28681771369721937,
        0.33419155509783727
      ],
      "item_count": 1942,
      "mean_delta": 0.31050463439752835,
      "zero_excluded": true
    },
    "last_visible_copy_vs_constant_velocity_MissRate@32": {
      "ci95": [
        0.06023429454170958,
        0.08446189495365601
      ],
      "item_count": 1942,
      "mean_delta": 0.07312049433573635,
      "zero_excluded": true
    },
    "last_visible_copy_vs_constant_velocity_MissRate@64": {
      "ci95": [
        0.15190525231719876,
        0.194129763130793
      ],
      "item_count": 1942,
      "mean_delta": 0.17353244078269825,
      "zero_excluded": true
    },
    "last_visible_copy_vs_constant_velocity_minFDE": {
      "ci95": [
        313.04439732481006,
        379.4503257925204
      ],
      "item_count": 1942,
      "mean_delta": 346.44334886763664,
      "zero_excluded": true
    },
    "last_visible_copy_vs_constant_velocity_threshold_auc_endpoint_16_32_64_128": {
      "ci95": [
        0.13529544284243047,
        0.15756951596292482
      ],
      "item_count": 1942,
      "mean_delta": 0.14688465499485068,
      "zero_excluded": true
    },
    "last_visible_copy_vs_fixed_affine_MissRate@128": {
      "ci95": [
        0.047888774459320285,
        0.08341915550978372
      ],
      "item_count": 1942,
      "mean_delta": 0.06642636457260556,
      "zero_excluded": true
    },
    "last_visible_copy_vs_fixed_affine_MissRate@32": {
      "ci95": [
        0.025231719876416064,
        0.04582904222451081
      ],
      "item_count": 1942,
      "mean_delta": 0.03553038105046344,
      "zero_excluded": true
    },
    "last_visible_copy_vs_fixed_affine_MissRate@64": {
      "ci95": [
        0.03654737384140062,
        0.06642636457260556
      ],
      "item_count": 1942,
      "mean_delta": 0.05149330587023687,
      "zero_excluded": true
    },
    "last_visible_copy_vs_fixed_affine_minFDE": {
      "ci95": [
        39.209457186573985,
        54.05406237349973
      ],
      "item_count": 1942,
      "mean_delta": 46.675539010070274,
      "zero_excluded": true
    },
    "last_visible_copy_vs_fixed_affine_threshold_auc_endpoint_16_32_64_128": {
      "ci95": [
        0.037075180226570546,
        0.05213697219361483
      ],
      "item_count": 1942,
      "mean_delta": 0.04492790937178167,
      "zero_excluded": true
    },
    "last_visible_copy_vs_last_observed_copy_MissRate@128": {
      "ci95": [
        0.0,
        0.0
      ],
      "item_count": 1942,
      "mean_delta": 0.0,
      "zero_excluded": false
    },
    "last_visible_copy_vs_last_observed_copy_MissRate@32": {
      "ci95": [
        0.0,
        0.0
      ],
      "item_count": 1942,
      "mean_delta": 0.0,
      "zero_excluded": false
    },
    "last_visible_copy_vs_last_observed_copy_MissRate@64": {
      "ci95": [
        0.0,
        0.0
      ],
      "item_count": 1942,
      "mean_delta": 0.0,
      "zero_excluded": false
    },
    "last_visible_copy_vs_last_observed_copy_minFDE": {
      "ci95": [
        0.0,
        0.0
      ],
      "item_count": 1942,
      "mean_delta": 0.0,
      "zero_excluded": false
    },
    "last_visible_copy_vs_last_observed_copy_threshold_auc_endpoint_16_32_64_128": {
      "ci95": [
        0.0,
        0.0
      ],
      "item_count": 1942,
      "mean_delta": 0.0,
      "zero_excluded": false
    },
    "last_visible_copy_vs_visibility_aware_cv_MissRate@128": {
      "ci95": [
        0.28166838311019565,
        0.3290422245108136
      ],
      "item_count": 1942,
      "mean_delta": 0.30535530381050463,
      "zero_excluded": true
    },
    "last_visible_copy_vs_visibility_aware_cv_MissRate@32": {
      "ci95": [
        0.06023429454170958,
        0.08446189495365601
      ],
      "item_count": 1942,
      "mean_delta": 0.07312049433573635,
      "zero_excluded": true
    },
    "last_visible_copy_vs_visibility_aware_cv_MissRate@64": {
      "ci95": [
        0.15087538619979401,
        0.19309989701338826
      ],
      "item_count": 1942,
      "mean_delta": 0.1725025746652935,
      "zero_excluded": true
    },
    "last_visible_copy_vs_visibility_aware_cv_minFDE": {
      "ci95": [
        298.63693426272886,
        361.9891581629985
      ],
      "item_count": 1942,
      "mean_delta": 330.61754943833665,
      "zero_excluded": true
    },
    "last_visible_copy_vs_visibility_aware_cv_threshold_auc_endpoint_16_32_64_128": {
      "ci95": [
        0.13401132852729145,
        0.15576725025746652
      ],
      "item_count": 1942,
      "mean_delta": 0.14533985581874356,
      "zero_excluded": true
    },
    "last_visible_copy_vs_visibility_aware_damped_MissRate@128": {
      "ci95": [
        0.0,
        0.0
      ],
      "item_count": 1942,
      "mean_delta": 0.0,
      "zero_excluded": false
    },
    "last_visible_copy_vs_visibility_aware_damped_MissRate@32": {
      "ci95": [
        0.0,
        0.0
      ],
      "item_count": 1942,
      "mean_delta": 0.0,
      "zero_excluded": false
    },
    "last_visible_copy_vs_visibility_aware_damped_MissRate@64": {
      "ci95": [
        0.0,
        0.0
      ],
      "item_count": 1942,
      "mean_delta": 0.0,
      "zero_excluded": false
    },
    "last_visible_copy_vs_visibility_aware_damped_minFDE": {
      "ci95": [
        0.0,
        0.0
      ],
      "item_count": 1942,
      "mean_delta": 0.0,
      "zero_excluded": false
    },
    "last_visible_copy_vs_visibility_aware_damped_threshold_auc_endpoint_16_32_64_128": {
      "ci95": [
        0.0,
        0.0
      ],
      "item_count": 1942,
      "mean_delta": 0.0,
      "zero_excluded": false
    }
  },
  "generated_at_utc": "2026-05-07T17:24:33.949629+00:00"
}
