{
  "candidate_AP": 0.08843539430066598,
  "candidate_AUROC": 0.5406077698900339,
  "candidate_MRR": 0.352038426395864,
  "candidate_feature_used_for_rollout": false,
  "candidate_feature_used_for_scoring": true,
  "candidate_positive_rate": 0.06858251057827927,
  "candidate_record_count": 5672,
  "candidate_top1": 0.15025906735751296,
  "dev": {
    "candidate_AP": 0.09977832198655436,
    "candidate_AUROC": 0.5808735807141682,
    "candidate_MRR": 0.3818254811080028,
    "candidate_positive_rate": 0.06780776826859776,
    "candidate_record_count": 3038,
    "candidate_top1": 0.18536585365853658,
    "metric_items": 205
  },
  "full_free_rollout_executed": true,
  "full_model_forward_executed": true,
  "future_candidate_used_as_input": false,
  "generated_at_utc": "2026-04-28T15:19:02.840172+00:00",
  "heldout": {
    "candidate_AP": 0.08021704790296627,
    "candidate_AUROC": 0.49573832917533384,
    "candidate_MRR": 0.31830170697051435,
    "candidate_positive_rate": 0.06947608200455581,
    "candidate_record_count": 2634,
    "candidate_top1": 0.11049723756906077,
    "metric_items": 181
  },
  "metric_items": 386,
  "mode": "aligned_predicted_semantic_identity_to_candidate",
  "old_association_report_used": false,
  "per_subset_breakdown": {
    "OOD_hard": {
      "candidate_AP": null,
      "candidate_AUROC": null,
      "candidate_MRR": null,
      "candidate_positive_rate": null,
      "candidate_record_count": 0,
      "candidate_top1": null,
      "metric_items": 0
    },
    "appearance_change": {
      "candidate_AP": 0.16994810007404357,
      "candidate_AUROC": 0.5188774348801665,
      "candidate_MRR": 0.4621164517757968,
      "candidate_positive_rate": 0.1442652329749104,
      "candidate_record_count": 1116,
      "candidate_top1": 0.22784810126582278,
      "metric_items": 158
    },
    "crossing_ambiguity": {
      "candidate_AP": 0.06659933129510627,
      "candidate_AUROC": 0.5369934551276645,
      "candidate_MRR": 0.3130713472666153,
      "candidate_positive_rate": 0.05753476852733854,
      "candidate_record_count": 5249,
      "candidate_top1": 0.1291390728476821,
      "metric_items": 302
    },
    "long_gap_persistence": {
      "candidate_AP": 0.2702631407158881,
      "candidate_AUROC": 0.5565488565488566,
      "candidate_MRR": 0.5296932234432232,
      "candidate_positive_rate": 0.21940928270042195,
      "candidate_record_count": 237,
      "candidate_top1": 0.2692307692307692,
      "metric_items": 52
    },
    "occlusion_reappearance": {
      "candidate_AP": 0.15557759497776327,
      "candidate_AUROC": 0.49622876087857437,
      "candidate_MRR": 0.46802044564676065,
      "candidate_positive_rate": 0.12932790224032586,
      "candidate_record_count": 982,
      "candidate_top1": 0.23622047244094488,
      "metric_items": 127
    }
  },
  "score_components_used": [
    "aligned_predicted_semantic_embedding",
    "aligned_predicted_identity_embedding",
    "candidate_crop_feature"
  ],
  "source_dataset": "reports/stwm_semantic_state_measurement_alignment_dataset_v1_20260428.json",
  "stage2_val_fallback_used": false
}
