{
  "batch_size": 64,
  "checkpoint_path": "outputs/checkpoints/stwm_ostf_v33_13_gate_repaired_copy_semantic_h32_m128/v33_13_gate_repaired_copy_semantic_m128_h32_seed42_best.pt",
  "complete_train_sample_count": 128,
  "copy_residual_target_root": "outputs/cache/stwm_ostf_v33_12_copy_conservative_semantic_targets/pointodyssey/clip_vit_b32_local/K256",
  "double_sigmoid_bug_fixed": true,
  "duration_seconds": 1055.9672224521637,
  "experiment_name": "v33_13_gate_repaired_copy_semantic_m128_h32_seed42",
  "fresh_training_completed": true,
  "future_teacher_leakage_detected": false,
  "gate_protocol_repaired": true,
  "gate_threshold": 0.1,
  "generated_at_utc": "2026-05-10T14:36:15.773802+00:00",
  "identity_path_frozen_or_distilled": true,
  "identity_teacher_checkpoint_loaded": true,
  "loss_tail": [
    {
      "changed_change_prob_mean": 0.9216989278793335,
      "identity_distillation_loss": 0.0,
      "loss": 1.0236093997955322,
      "semantic_change_gate_focal_bce": 0.06308477371931076,
      "semantic_changed_ce": 0.3591742217540741,
      "semantic_full_ce": 0.08369167894124985,
      "semantic_hard_ce": 0.3065393269062042,
      "semantic_stable_ce": 0.03791763260960579,
      "stable_change_prob_mean": 0.1381976306438446,
      "stable_effective_gate_mean": 0.08014766126871109,
      "stable_margin_loss": 0.08008819073438644,
      "step": 1791.0
    },
    {
      "changed_change_prob_mean": 0.9271595478057861,
      "identity_distillation_loss": 0.0,
      "loss": 0.9650662541389465,
      "semantic_change_gate_focal_bce": 0.05843847990036011,
      "semantic_changed_ce": 0.3431619107723236,
      "semantic_full_ce": 0.0804457888007164,
      "semantic_hard_ce": 0.2988630533218384,
      "semantic_stable_ce": 0.035167399793863297,
      "stable_change_prob_mean": 0.13244038820266724,
      "stable_effective_gate_mean": 0.07543155550956726,
      "stable_margin_loss": 0.07096320390701294,
      "step": 1792.0
    },
    {
      "changed_change_prob_mean": 0.9279027581214905,
      "identity_distillation_loss": 0.0,
      "loss": 0.9853587746620178,
      "semantic_change_gate_focal_bce": 0.0627821609377861,
      "semantic_changed_ce": 0.3364847004413605,
      "semantic_full_ce": 0.0828297808766365,
      "semantic_hard_ce": 0.30024102330207825,
      "semantic_stable_ce": 0.0373280793428421,
      "stable_change_prob_mean": 0.14197354018688202,
      "stable_effective_gate_mean": 0.08480896800756454,
      "stable_margin_loss": 0.07418732345104218,
      "step": 1793.0
    },
    {
      "changed_change_prob_mean": 0.9207947254180908,
      "identity_distillation_loss": 0.0,
      "loss": 1.0019630193710327,
      "semantic_change_gate_focal_bce": 0.0593065544962883,
      "semantic_changed_ce": 0.367383748292923,
      "semantic_full_ce": 0.08124811202287674,
      "semantic_hard_ce": 0.30583664774894714,
      "semantic_stable_ce": 0.03555266186594963,
      "stable_change_prob_mean": 0.12906496226787567,
      "stable_effective_gate_mean": 0.07095498591661453,
      "stable_margin_loss": 0.0749608501791954,
      "step": 1794.0
    },
    {
      "changed_change_prob_mean": 0.919883131980896,
      "identity_distillation_loss": 0.0,
      "loss": 1.0039174556732178,
      "semantic_change_gate_focal_bce": 0.06255874782800674,
      "semantic_changed_ce": 0.3654518127441406,
      "semantic_full_ce": 0.08125092834234238,
      "semantic_hard_ce": 0.3132116496562958,
      "semantic_stable_ce": 0.03442242369055748,
      "stable_change_prob_mean": 0.131429985165596,
      "stable_effective_gate_mean": 0.07465919107198715,
      "stable_margin_loss": 0.07114361226558685,
      "step": 1795.0
    },
    {
      "changed_change_prob_mean": 0.9281399250030518,
      "identity_distillation_loss": 0.0,
      "loss": 0.9830194115638733,
      "semantic_change_gate_focal_bce": 0.059808433055877686,
      "semantic_changed_ce": 0.3418962061405182,
      "semantic_full_ce": 0.08250010013580322,
      "semantic_hard_ce": 0.2968009412288666,
      "semantic_stable_ce": 0.037383805960416794,
      "stable_change_prob_mean": 0.13801413774490356,
      "stable_effective_gate_mean": 0.07941248267889023,
      "stable_margin_loss": 0.07614642381668091,
      "step": 1796.0
    },
    {
      "changed_change_prob_mean": 0.9343243837356567,
      "identity_distillation_loss": 0.0,
      "loss": 0.9415821433067322,
      "semantic_change_gate_focal_bce": 0.05490921437740326,
      "semantic_changed_ce": 0.3213900923728943,
      "semantic_full_ce": 0.08074771612882614,
      "semantic_hard_ce": 0.29859769344329834,
      "semantic_stable_ce": 0.0355968214571476,
      "stable_change_prob_mean": 0.13499455153942108,
      "stable_effective_gate_mean": 0.07609205693006516,
      "stable_margin_loss": 0.0713268518447876,
      "step": 1797.0
    },
    {
      "changed_change_prob_mean": 0.9120663404464722,
      "identity_distillation_loss": 0.0,
      "loss": 1.049631118774414,
      "semantic_change_gate_focal_bce": 0.06811337918043137,
      "semantic_changed_ce": 0.38781577348709106,
      "semantic_full_ce": 0.08302883058786392,
      "semantic_hard_ce": 0.3089127540588379,
      "semantic_stable_ce": 0.036654211580753326,
      "stable_change_prob_mean": 0.1348842829465866,
      "stable_effective_gate_mean": 0.07815408706665039,
      "stable_margin_loss": 0.07740983366966248,
      "step": 1798.0
    },
    {
      "changed_change_prob_mean": 0.9228312969207764,
      "identity_distillation_loss": 0.0,
      "loss": 1.0065823793411255,
      "semantic_change_gate_focal_bce": 0.0640983134508133,
      "semantic_changed_ce": 0.3484136760234833,
      "semantic_full_ce": 0.08211355656385422,
      "semantic_hard_ce": 0.3173972964286804,
      "semantic_stable_ce": 0.03653040900826454,
      "stable_change_prob_mean": 0.1392449289560318,
      "stable_effective_gate_mean": 0.07959973812103271,
      "stable_margin_loss": 0.07308028638362885,
      "step": 1799.0
    },
    {
      "changed_change_prob_mean": 0.9244511127471924,
      "identity_distillation_loss": 0.0,
      "loss": 0.9792696833610535,
      "semantic_change_gate_focal_bce": 0.05804474279284477,
      "semantic_changed_ce": 0.35825833678245544,
      "semantic_full_ce": 0.08137574791908264,
      "semantic_hard_ce": 0.29260918498039246,
      "semantic_stable_ce": 0.03504452481865883,
      "stable_change_prob_mean": 0.12941692769527435,
      "stable_effective_gate_mean": 0.07339280098676682,
      "stable_margin_loss": 0.0749339684844017,
      "step": 1800.0
    }
  ],
  "observed_instance_context_used": false,
  "observed_visual_teacher_context_used": true,
  "prototype_K": 256,
  "semantic_baseline_bank_root": "outputs/cache/stwm_ostf_v33_12_semantic_baseline_bank/pointodyssey/clip_vit_b32_local/K256",
  "semantic_prototype_target_root": "outputs/cache/stwm_ostf_v33_12_semantic_prototype_targets/pointodyssey/clip_vit_b32_local/K256",
  "steps": 1800,
  "target_root": "outputs/cache/stwm_ostf_v33_8_complete_h32_m128",
  "target_space_info": {
    "K": 256,
    "files_by_split": {
      "test": 169,
      "train": 128,
      "val": 75
    },
    "target_space": "clip_vit_b32_local/K256"
  },
  "teacher": "clip_vit_b32_local",
  "train_eval_gate_consistent": true,
  "train_loss_decreased": true,
  "train_loss_first": {
    "changed_change_prob_mean": 0.5020501613616943,
    "identity_distillation_loss": 0.0,
    "loss": 16.736087799072266,
    "semantic_change_gate_focal_bce": 0.1768486052751541,
    "semantic_changed_ce": 7.687166213989258,
    "semantic_full_ce": 1.5223630666732788,
    "semantic_hard_ce": 4.482867240905762,
    "semantic_stable_ce": 0.5946863293647766,
    "stable_change_prob_mean": 0.5030905604362488,
    "stable_effective_gate_mean": 0.4478784501552582,
    "stable_margin_loss": 1.2017889022827148,
    "step": 1.0
  },
  "train_loss_last": {
    "changed_change_prob_mean": 0.9244511127471924,
    "identity_distillation_loss": 0.0,
    "loss": 0.9792696833610535,