{
  "candidate": "v33_10_no_change_gate_control",
  "changed_top5_beats_nontrivial_baseline": true,
  "copy_prior_active": true,
  "fresh_training_completed": true,
  "future_teacher_leakage_detected": false,
  "gate_collapse_detected": true,
  "generated_at_utc": "2026-05-10T10:59:50.013285+00:00",
  "hard_identity_ROC_AUC_test": {
    "mean": 0.5501794024769654,
    "std": 0.001159186713814053,
    "worst": 0.5493479010399334
  },
  "hard_identity_ROC_AUC_val": {
    "mean": 0.5947091080612706,
    "std": 0.0006949840292762361,
    "worst": 0.5938422842542862
  },
  "identity_regressed": true,
  "pass_gate": false,
  "semantic_change_AUROC": {
    "test": {
      "mean": 0.5349327351184775,
      "std": 0.0,
      "worst": 0.5349327351184775
    },
    "val": {
      "mean": 0.513202128926278,
      "std": 0.0,
      "worst": 0.513202128926278
    }
  },
  "semantic_change_gate_active": false,
  "semantic_hard_top5_beats_nontrivial_baseline": true,
  "stable_preservation_not_degraded_top5": true,
  "trajectory_degraded": false,
  "val_calibrated_balanced_accuracy_test": {
    "mean": 0.5320660113754024,
    "std": 0.00047939858513628515,
    "worst": 0.5315092974767031
  },
  "val_calibrated_balanced_accuracy_val": {
    "mean": 0.5721809377161858,
    "std": 0.0018869187479139083,
    "worst": 0.5707638749414207
  },
  "visibility_AUROC": null,
  "visibility_F1": null
}
