{
  "K16_improves_changed_subset_or_coverage": false,
  "K32_improves_or_saturates": false,
  "audit_name": "stwm_fstf_trace_density_scaling_v12",
  "changed_gain": {
    "mean": 0.08833823266165204,
    "std": 0.01257535383922518
  },
  "dense_trace_field_claim_allowed": false,
  "overall_top5": {
    "mean": 0.7865319428572588,
    "std": 0.008941635832050814
  },
  "run_count": 3,
  "runs": [
    {
      "axis": "density",
      "changed_gain": 0.07167856691890984,
      "proto_top5": 0.7752427667264095,
      "report_path": "reports/stwm_fstf_scaling_v12_density_k8_seed123_eval_20260502.json",
      "seed": 123,
      "stable_drop": 0.06010137059760212,
      "trace_error": 0.06769089330067267,
      "value": "K8"
    },
    {
      "axis": "density",
      "changed_gain": 0.09127817320778608,
      "proto_top5": 0.7872424500817854,
      "report_path": "reports/stwm_fstf_scaling_v12_density_k8_seed42_eval_20260502.json",
      "seed": 42,
      "stable_drop": 0.05792903209578548,
      "trace_error": 0.06769089330067267,
      "value": "K8"
    },
    {
      "axis": "density",
      "changed_gain": 0.10205795785826022,
      "proto_top5": 0.7971106117635817,
      "report_path": "reports/stwm_fstf_scaling_v12_density_k8_seed456_eval_20260502.json",
      "seed": 456,
      "stable_drop": 0.049239677759420175,
      "trace_error": 0.06769089330067267,
      "value": "K8"
    }
  ],
  "stable_drop": {
    "mean": 0.05575669348426926,
    "std": 0.00469278766549027
  },
  "trace_density_scaling_positive": false,
  "trace_error": {
    "mean": 0.06769089330067267,
    "std": 0.0
  }
}
