{
  "audit_name": "stwm_ostf_v21_mode_selection_audit_v22",
  "best_of_k_vs_expected_fde_bootstrap": {
    "ci95": [
      9.392298064272282,
      10.199391620230577
    ],
    "item_count": 455,
    "mean_delta": 9.786892473672145,
    "zero_excluded": true
  },
  "best_of_k_vs_expected_fde_bootstrap_hard": {
    "ci95": [
      13.706890222604077,
      15.498642763186648
    ],
    "item_count": 91,
    "mean_delta": 14.613320791286016,
    "zero_excluded": true
  },
  "best_of_k_vs_weighted_average": true,
  "best_variant_name": "v21_multimodal_m128_seed42_h8",
  "deterministic_eval_used_weighted_average_point_pred": true,
  "expected_FDE_all_average": 42.69361161973518,
  "expected_FDE_hard_subset": 135.46998193285975,
  "generated_at_utc": "2026-05-05T09:05:26.336342+00:00",
  "mode_calibration": {
    "collapse_rate_16px": 0.041758241758241756,
    "ece_top1_mode": 0.037827206758797645,
    "hypothesis_diversity_valid": true,
    "item_count": 455,
    "mode_nll_mean": null,
    "oracle_best_mode_prob_mean": 0.29864924581830116,
    "pairwise_endpoint_diversity_px": 16.20813642480871,
    "top1_mode_accuracy": 0.4747252747252747,
    "top1_mode_prob_mean": 0.48638822880576954
  },
  "nll_available": false,
  "oracle_best_mode_index_distribution": [
    216,
    51,
    18,
    44,
    53,
    73
  ],
  "point_hypotheses_exist": true,
  "predicted_top1_mode_index_distribution": [
    455,
    0,
    0,
    0,
    0,
    0
  ],
  "top1_mode_accuracy_against_oracle_best": 0.4747252747252747,
  "top1_selected_mode_hard_subset_metrics": {
    "BestOfK_PCK_16px": 0.23497206388148784,
    "BestOfK_PCK_32px": 0.4043211965600662,
    "BestOfK_PCK_8px": 0.11402949161697559,
    "MissRate_16px": 0.989010989010989,
    "MissRate_32px": 0.978021978021978,
    "best_mode_non_cv_rate": 0.978021978021978,
    "collapse_rate_16px": 0.13186813186813187,
    "collapse_rate_8px": 0.0,
    "cv_mode_probability": 0.48482077683570324,
    "expected_ADE_px": 77.56657929840573,
    "expected_FDE_px": 135.46998193285975,
    "item_count": 91,
    "minADE_K_px": 66.49709615602598,
    "minFDE_K_px": 120.85666114157372,
    "mode_entropy": 1.3565046728128658,
    "mode_nll": null,
    "oracle_best_mode_prob": 0.14675315046577195,
    "pairwise_endpoint_diversity_px": 16.07861002312475,
    "semantic_top1": 0.06593406593406594,
    "semantic_top5": 0.18681318681318682,
    "top1_MissRate_16px": 0.989010989010989,
    "top1_MissRate_32px": 0.989010989010989,
    "top1_PCK_16px": 0.17336887300938122,
    "top1_PCK_32px": 0.3337683916910688,
    "top1_PCK_8px": 0.09561199828256609,
    "top1_endpoint_error_px": 134.82262410698357,
    "top1_mode_accuracy": 0.02197802197802198,
    "top1_mode_prob": 0.48482077683570324,
    "top1_non_cv_rate": 0.0,
    "top1_object_extent_iou": 0.509087783748782,
    "top1_point_l1_px": 75.88939203534808,
    "weighted_PCK_16px": 0.17634687135907787,
    "weighted_PCK_32px": 0.3343808308473926,
    "weighted_PCK_8px": 0.0958034615360783,
    "weighted_endpoint_error_px": 134.68318648914715,
    "weighted_object_extent_iou": 0.5098332309998204,
    "weighted_point_l1_px": 75.75273805136209
  },
  "top1_selected_mode_metrics": {
    "BestOfK_PCK_16px": 0.7450257515159637,
    "BestOfK_PCK_32px": 0.8609710897977129,
    "BestOfK_PCK_8px": 0.609881652052513,
    "MissRate_16px": 0.3868131868131868,
    "MissRate_32px": 0.26373626373626374,
    "best_mode_non_cv_rate": 0.5252747252747253,
    "collapse_rate_16px": 0.041758241758241756,
    "collapse_rate_8px": 0.0,
    "cv_mode_probability": 0.48638822880576954,
    "expected_ADE_px": 26.567835629491892,
    "expected_FDE_px": 42.69361161973518,
    "item_count": 455,
    "minADE_K_px": 18.50827250506852,
    "minFDE_K_px": 32.90671914606304,
    "mode_entropy": 1.3569999617603556,
    "mode_nll": null,
    "oracle_best_mode_prob": 0.29864924581830116,
    "pairwise_endpoint_diversity_px": 16.20813642480871,
    "semantic_top1": 0.04835164835164835,
    "semantic_top5": 0.15604395604395604,
    "top1_MissRate_16px": 0.48131868131868133,
    "top1_MissRate_32px": 0.3516483516483517,
    "top1_PCK_16px": 0.7104795470486184,
    "top1_PCK_32px": 0.8254559553245631,
    "top1_PCK_8px": 0.5970748293136787,
    "top1_endpoint_error_px": 38.24929027897971,
    "top1_mode_accuracy": 0.4747252747252747,
    "top1_mode_prob": 0.48638822880576954,
    "top1_non_cv_rate": 0.0,
    "top1_object_extent_iou": 0.8107897767728591,
    "top1_point_l1_px": 20.87718923687935,
    "weighted_PCK_16px": 0.7104451354014076,
    "weighted_PCK_32px": 0.825883772825638,
    "weighted_PCK_8px": 0.5957070174163442,
    "weighted_endpoint_error_px": 38.2186660024491,
    "weighted_object_extent_iou": 0.8096189244961574,
    "weighted_point_l1_px": 20.897052871263945
  },
  "top1_vs_cv_all_endpoint_delta": 0.0,
  "top1_vs_cv_hard_endpoint_delta": 0.0,
  "weighted_average_metrics": {
    "weighted_endpoint_error_px": 38.2186660024491,
    "weighted_point_L1_px": 20.897052871263945
  },
  "whether_best_of_k_gain_is_usable_without_oracle": true,
  "whether_mode_logits_are_calibrated": true
}
