{
  "generated_at_utc": "2026-04-30T17:45:28.592864+00:00",
  "rows": [
    {
      "change_ap": 0.6283345124109166,
      "change_auroc": 0.700411905111267,
      "changed_top5_gain": 0.08164124822622099,
      "copy_ce": 2.3253055187480562,
      "copy_changed_top5": 0.6784901947777398,
      "copy_stable_top5": 0.9999999961642385,
      "copy_top1": 0.5527545471228387,
      "copy_top5": 0.8562062023496299,
      "dataset": "mixed",
      "future_trace_coord_error": 0.27704221628061154,
      "overall_top5_gain": 0.036400633624272816,
      "stable_preservation_drop": 0.00020451294277912258,
      "stwm_ce": 2.043676973305594,
      "stwm_changed_top5": 0.7601314430039607,
      "stwm_stable_top5": 0.9997954832214594,
      "stwm_top1": 0.5607430910098813,
      "stwm_top5": 0.8926068359739027,
      "test_items": 647
    },
    {
      "change_ap": 0.7222034260302593,
      "change_auroc": 0.7171750371833633,
      "changed_top5_gain": 0.135471813729928,
      "copy_ce": 2.561425643531763,
      "copy_changed_top5": 0.5568358849087855,
      "copy_stable_top5": 0.9999999982319148,
      "copy_top1": 0.43888161559684824,
      "copy_top5": 0.7513324707609798,
      "dataset": "VSPW",
      "future_trace_coord_error": 0.23947533014519462,
      "overall_top5_gain": 0.0758409800264267,
      "stable_preservation_drop": 0.0003981684015111897,
      "stwm_ce": 2.2446751293109046,
      "stwm_changed_top5": 0.6923076986387136,
      "stwm_stable_top5": 0.9996018298304036,
      "stwm_top1": 0.48186981931374345,
      "stwm_top5": 0.8271734507874065,
      "test_items": 229
    },
    {
      "change_ap": 0.48523522236014477,
      "change_auroc": 0.6497569209803051,
      "changed_top5_gain": 0.018175139971253862,
      "copy_ce": 2.1462559707357642,
      "copy_changed_top5": 0.8219203357688217,
      "copy_stable_top5": 0.9999999950875292,
      "copy_top1": 0.6391042258689436,
      "copy_top5": 0.9357318008411225,
      "dataset": "VIPSeg",
      "future_trace_coord_error": 0.29816758210928934,
      "overall_top5_gain": 0.006493076175611234,
      "stable_preservation_drop": 0.00010366996442434662,
      "stwm_ce": 1.8912603630741887,
      "stwm_changed_top5": 0.8400954757400756,
      "stwm_stable_top5": 0.9998963251231049,
      "stwm_top1": 0.6205525784916475,
      "stwm_top5": 0.9422248770167337,
      "test_items": 418
    }
  ],
  "significance": [
    {
      "bootstrap_win_rate": 0.34098360655737703,
      "changed_item_count": 610,
      "ci95": [
        0.04312341928588929,
        0.07121790725768344
      ],
      "dataset": "mixed",
      "mean_delta": 0.05670806466311705,
      "zero_excluded": true
    },
    {
      "bootstrap_win_rate": 0.56,
      "changed_item_count": 225,
      "ci95": [
        0.08793045383360651,
        0.14494100372617444
      ],
      "dataset": "VSPW",
      "mean_delta": 0.11701032986243566,
      "zero_excluded": true
    },
    {
      "bootstrap_win_rate": 0.21298701298701297,
      "changed_item_count": 385,
      "ci95": [
        0.008215346046082385,
        0.035472012489260005
      ],
      "dataset": "VIPSeg",
      "mean_delta": 0.021466481105073706,
      "zero_excluded": true
    }
  ],
  "title": "Semantic Trace Field Main Result"
}
