{
  "video_identity_pairwise_retrieval_training_ran": true,
  "checkpoint_path": "outputs/checkpoints/stwm_ostf_v35_16_video_identity_pairwise_retrieval_h32_m128/v35_16_video_identity_pairwise_retrieval_m128_h32_seed456_best.pt",
  "seed": 456,
  "steps": 1200,
  "batch_points": 640,
  "loss_trace": {
    "loss": {
      "first": 5.803267478942871,
      "last": 4.5308613777160645,
      "mean": 5.216429439783096
    },
    "supcon_loss": {
      "first": 5.650997638702393,
      "last": 4.479789733886719,
      "mean": 5.112274928490321
    },
    "confuser_margin_loss": {
      "first": 0.14603209495544434,
      "last": 0.01866527646780014,
      "mean": 0.0857025836088603
    },
    "residual_loss": {
      "first": 0.013038350269198418,
      "last": 0.04808298498392105,
      "mean": 0.04080721031253536
    },
    "base_align_loss": {
      "first": 0.7036653161048889,
      "last": 0.7035526633262634,
      "mean": 0.6955262340108553
    }
  },
  "v30_backbone_frozen": true,
  "future_leakage_detected": false,
  "future_teacher_embedding_input_allowed": false
}