{
  "V21_beats_CV_all_average_minFDE": true,
  "V21_beats_CV_hard_subset_minFDE": true,
  "V21_no_harm_deterministic": false,
  "audit_name": "stwm_ostf_v21_decision",
  "best_of_K_beats_weighted_average": true,
  "best_variant_metrics": {
    "BestOfK_PCK_16px": 0.7112184528110166,
    "BestOfK_PCK_32px": 0.837531214396172,
    "BestOfK_PCK_4px": 0.48617273231127167,
    "BestOfK_PCK_8px": 0.5974008535372352,
    "MissRate_16px": 0.48131868131868133,
    "MissRate_32px": 0.2857142857142857,
    "best_mode_non_cv_rate": 0.3032967032967033,
    "collapse_rate_4px": 0.0,
    "collapse_rate_8px": 0.0,
    "item_count": 455,
    "minADE_K_px": 18.01932348392822,
    "minFDE_K_px": 29.327146370987315,
    "mode_entropy": 1.3569989048517668,
    "oracle_cv_learned_minFDE_px": 29.327146370987315,
    "pairwise_endpoint_diversity_px": 65.18376977103097,
    "semantic_top5": 0.15604395604395604,
    "weighted_PCK_16px": 0.7091909429201152,
    "weighted_PCK_32px": 0.8254185206982104,
    "weighted_PCK_4px": 0.46232683691734594,
    "weighted_PCK_8px": 0.5850426086538324,
    "weighted_anchor_centroid_L1_px": 60.86414539735396,
    "weighted_endpoint_error_px": 38.44414572728859,
    "weighted_object_extent_iou": 0.7997407742062024,
    "weighted_point_L1_px": 21.368977858077038,
    "weighted_visibility_F1": 0.9184029805638058
  },
  "best_variant_name": "v21_multimodal_m128_seed42_h8",
  "context_load_bearing": true,
  "dense_points_load_bearing": false,
  "generated_at_utc": "2026-05-05T07:13:02.199872+00:00",
  "hard_subset_metrics": {
    "best_v21": {
      "BestOfK_PCK_16px": 0.17706340182137248,
      "BestOfK_PCK_32px": 0.3941446870491132,
      "BestOfK_PCK_4px": 0.044725922880645204,
      "BestOfK_PCK_8px": 0.09724211940034795,
      "MissRate_16px": 0.989010989010989,
      "MissRate_32px": 0.7912087912087912,
      "best_mode_non_cv_rate": 0.978021978021978,
      "collapse_rate_4px": 0.0,
      "collapse_rate_8px": 0.0,
      "item_count": 91,
      "minADE_K_px": 61.60006388989124,
      "minFDE_K_px": 94.7759421474331,
      "mode_entropy": 1.3565037276718643,
      "oracle_cv_learned_minFDE_px": 94.7759421474331,
      "pairwise_endpoint_diversity_px": 65.18907325136793,
      "semantic_top5": 0.18681318681318682,
      "weighted_PCK_16px": 0.18131975516034152,
      "weighted_PCK_32px": 0.32920302543686203,
      "weighted_PCK_4px": 0.04174553311197564,
      "weighted_PCK_8px": 0.09731113299601415,
      "weighted_anchor_centroid_L1_px": 157.64530257340317,
      "weighted_endpoint_error_px": 134.3214201769986,
      "weighted_object_extent_iou": 0.510272614148338,
      "weighted_point_L1_px": 75.49203734345488,
      "weighted_visibility_F1": 0.8478728659771981
    },
    "matching_cv": {
      "BestOfK_PCK_16px": 0.17336887300938122,
      "BestOfK_PCK_32px": 0.3337683916910688,
      "BestOfK_PCK_4px": 0.04458577430891804,
      "BestOfK_PCK_8px": 0.09561199828256609,
      "MissRate_16px": 0.989010989010989,
      "MissRate_32px": 0.989010989010989,
      "best_mode_non_cv_rate": 0.0,
      "collapse_rate_4px": 1.0,
      "collapse_rate_8px": 1.0,
      "item_count": 91,
      "minADE_K_px": 75.88939138559195,
      "minFDE_K_px": 134.82262393930455,
      "mode_entropy": 0.0,
      "oracle_cv_learned_minFDE_px": 134.82262393930455,
      "pairwise_endpoint_diversity_px": 0.0,
      "semantic_top5": 1.0,
      "weighted_PCK_16px": 0.17336887300938122,
      "weighted_PCK_32px": 0.3337683916910688,
      "weighted_PCK_4px": 0.04458577430891804,
      "weighted_PCK_8px": 0.09561199828256609,
      "weighted_anchor_centroid_L1_px": 157.99528782184308,
      "weighted_endpoint_error_px": 134.82262410698357,
      "weighted_object_extent_iou": 0.509087783748782,
      "weighted_point_L1_px": 75.88939203534808,
      "weighted_visibility_F1": 0.8478728659771981
    }
  },
  "hypothesis_diversity_valid": true,
  "matching_affine_metrics": {
    "BestOfK_PCK_16px": 0.5497863393611615,
    "BestOfK_PCK_32px": 0.7033426377086307,
    "BestOfK_PCK_4px": 0.29548442175770706,
    "BestOfK_PCK_8px": 0.4083249337899947,
    "MissRate_16px": 0.6703296703296703,
    "MissRate_32px": 0.5076923076923077,
    "best_mode_non_cv_rate": 0.0,
    "collapse_rate_4px": 1.0,
    "collapse_rate_8px": 1.0,
    "item_count": 455,
    "minADE_K_px": 37.53974025534404,
    "minFDE_K_px": 66.89625120235013,
    "mode_entropy": 0.0,
    "oracle_cv_learned_minFDE_px": 66.89625120235013,
    "pairwise_endpoint_diversity_px": 0.0,
    "semantic_top5": 1.0,
    "weighted_PCK_16px": 0.5497863393611615,
    "weighted_PCK_32px": 0.7033426377086307,
    "weighted_PCK_4px": 0.29548442175770706,
    "weighted_PCK_8px": 0.4083249337899947,
    "weighted_anchor_centroid_L1_px": 61.78158140744154,
    "weighted_endpoint_error_px": 66.89625108065187,
    "weighted_object_extent_iou": 0.7396141812317123,
    "weighted_point_L1_px": 37.53974027483018,
    "weighted_visibility_F1": 0.9184029805638058
  },
  "matching_cv_metrics": {
    "BestOfK_PCK_16px": 0.7104795470486184,
    "BestOfK_PCK_32px": 0.8254559553245631,
    "BestOfK_PCK_4px": 0.4861447025969262,
    "BestOfK_PCK_8px": 0.5970748293136787,
    "MissRate_16px": 0.48131868131868133,
    "MissRate_32px": 0.3516483516483517,
    "best_mode_non_cv_rate": 0.0,
    "collapse_rate_4px": 1.0,
    "collapse_rate_8px": 1.0,
    "item_count": 455,
    "minADE_K_px": 20.877189116622066,
    "minFDE_K_px": 38.249290241251934,
    "mode_entropy": 0.0,
    "oracle_cv_learned_minFDE_px": 38.249290241251934,
    "pairwise_endpoint_diversity_px": 0.0,
    "semantic_top5": 1.0,
    "weighted_PCK_16px": 0.7104795470486184,
    "weighted_PCK_32px": 0.8254559553245631,
    "weighted_PCK_4px": 0.4861447025969262,
    "weighted_PCK_8px": 0.5970748293136787,
    "weighted_anchor_centroid_L1_px": 60.87271668727581,
    "weighted_endpoint_error_px": 38.24929027897971,
    "weighted_object_extent_iou": 0.8107897767728591,
    "weighted_point_L1_px": 20.87718923687935,
    "weighted_visibility_F1": 0.9184029805638058
  },
  "multi_hypothesis_beats_single_mode": true,
  "multimodal_eval_gap_confirmed": true,
  "multimodal_world_model_claim_allowed": false,
  "next_step_choice": "improve_multimodal_objective",
  "object_dense_semantic_trace_field_claim_allowed": false
}
