{
  "generated_at_utc": "2026-05-08T08:41:10.697490+00:00",
  "horizons": [
    32,
    64,
    96
  ],
  "m512_vs_m128_beats_by_horizon": {
    "H32": false,
    "H64": true,
    "H96": true
  },
  "per_horizon": {
    "H32": [
      {
        "batch_size": 8,
        "completed": true,
        "delta_minFDE_vs_strongest_prior": 21.724192527403314,
        "effective_batch_size": 8,
        "grad_accum_steps": 1,
        "m128_same_seed_MissRate@128": 0.31952662721893493,
        "m128_same_seed_MissRate@64": 0.6923076923076923,
        "m128_same_seed_minFDE_K": 97.40924714443952,
        "m128_same_seed_motion_minFDE_K": 123.49698053669725,
        "m128_same_seed_relative_deformation_layout_error": 42.64064091707982,
        "m128_same_seed_threshold_auc": 0.3328402366863905,
        "m512_MissRate@128": 0.3192771084337349,
        "m512_MissRate@64": 0.7048192771084337,
        "m512_minFDE_K": 94.65101939511587,
        "m512_minus_m128_minFDE_K": -2.758227749323652,
        "m512_minus_m128_motion_minFDE_K": -5.522021260206955,
        "m512_minus_m128_threshold_auc": -8.911385185716991e-06,
        "m512_motion_minFDE_K": 117.9749592764903,
        "m512_relative_deformation_layout_error": 43.37251973293542,
        "m512_threshold_auc": 0.3328313253012048,
        "motion_delta_minFDE_vs_strongest_prior": 29.77840903653937,
        "point_encoder_activation_norm_last": 12.280940055847168,
        "point_valid_ratio_last": 1.0,
        "report_path": "reports/stwm_ostf_v30_external_gt_runs/v30_extgt_m512_h32_seed42.json",
        "reused_from_round1": false,
        "seed": 42,
        "steps": 4000,
        "threshold_auc_delta_vs_prior": 0.0677710843373494,
        "train_loss_decreased": true
      },
      {
        "batch_size": 8,
        "completed": true,
        "delta_minFDE_vs_strongest_prior": 18.519338366496992,
        "effective_batch_size": 8,
        "grad_accum_steps": 1,
        "m128_same_seed_MissRate@128": 0.3254437869822485,
        "m128_same_seed_MissRate@64": 0.6923076923076923,
        "m128_same_seed_minFDE_K": 94.82746144582534,
        "m128_same_seed_motion_minFDE_K": 119.46678557762733,
        "m128_same_seed_relative_deformation_layout_error": 42.34715278219079,
        "m128_same_seed_threshold_auc": 0.32840236686390534,
        "m512_MissRate@128": 0.3313253012048193,
        "m512_MissRate@64": 0.7108433734939759,
        "m512_minFDE_K": 97.85587355602219,
        "m512_minus_m128_minFDE_K": 3.0284121101968537,
        "m512_minus_m128_motion_minFDE_K": 2.689397455038886,
        "m512_minus_m128_threshold_auc": 0.002922934340913952,
        "m512_motion_minFDE_K": 122.15618303266622,
        "m512_relative_deformation_layout_error": 43.70148862448398,
        "m512_threshold_auc": 0.3313253012048193,
        "motion_delta_minFDE_vs_strongest_prior": 25.597185280363437,
        "point_encoder_activation_norm_last": 12.95864200592041,
        "point_valid_ratio_last": 1.0,
        "report_path": "reports/stwm_ostf_v30_external_gt_runs/v30_extgt_m512_h32_seed123.json",
        "reused_from_round1": false,
        "seed": 123,
        "steps": 4000,
        "threshold_auc_delta_vs_prior": 0.06626506024096386,
        "train_loss_decreased": true
      },
      {
        "batch_size": 8,
        "completed": true,
        "delta_minFDE_vs_strongest_prior": 18.869228454957526,
        "effective_batch_size": 8,
        "grad_accum_steps": 1,
        "m128_same_seed_MissRate@128": 0.33727810650887574,
        "m128_same_seed_MissRate@64": 0.6923076923076923,
        "m128_same_seed_minFDE_K": 94.79019070235935,
        "m128_same_seed_motion_minFDE_K": 119.51695148761456,
        "m128_same_seed_relative_deformation_layout_error": 45.917643097615056,
        "m128_same_seed_threshold_auc": 0.33579881656804733,
        "m512_MissRate@128": 0.3253012048192771,
        "m512_MissRate@64": 0.7048192771084337,
        "m512_minFDE_K": 97.50598346756165,
        "m512_minus_m128_minFDE_K": 2.715792765202295,
        "m512_minus_m128_motion_minFDE_K": 2.27109146988532,
        "m512_minus_m128_threshold_auc": -0.004473515363228042,
        "m512_motion_minFDE_K": 121.78804295749988,
        "m512_relative_deformation_layout_error": 43.49515250166991,
        "m512_threshold_auc": 0.3313253012048193,
        "motion_delta_minFDE_vs_strongest_prior": 25.965325355529785,
        "point_encoder_activation_norm_last": 12.311410903930664,
        "point_valid_ratio_last": 1.0,
        "report_path": "reports/stwm_ostf_v30_external_gt_runs/v30_extgt_m512_h32_seed456.json",
        "reused_from_round1": false,
        "seed": 456,
        "steps": 4000,
        "threshold_auc_delta_vs_prior": 0.06626506024096386,
        "train_loss_decreased": true
      }
    ],
    "H64": [
      {
        "batch_size": 8,
        "completed": true,
        "delta_minFDE_vs_strongest_prior": 23.95215643906012,
        "effective_batch_size": 8,
        "grad_accum_steps": 1,
        "m128_same_seed_MissRate@128": 0.36633663366336633,
        "m128_same_seed_MissRate@64": 0.7376237623762376,
        "m128_same_seed_minFDE_K": 103.76228536945759,
        "m128_same_seed_motion_minFDE_K": 126.51686990981133,
        "m128_same_seed_relative_deformation_layout_error": 51.46739329809163,
        "m128_same_seed_threshold_auc": 0.29207920792079206,
        "m512_MissRate@128": 0.3853658536585366,
        "m512_MissRate@64": 0.7365853658536585,
        "m512_minFDE_K": 105.47402126033131,
        "m512_minus_m128_minFDE_K": 1.711735890873726,
        "m512_minus_m128_motion_minFDE_K": 2.1160636315367753,
        "m512_minus_m128_threshold_auc": 0.000603718908476214,
        "m512_motion_minFDE_K": 128.6329335413481,
        "m512_relative_deformation_layout_error": 51.80123840717687,
        "m512_threshold_auc": 0.2926829268292683,
        "motion_delta_minFDE_vs_strongest_prior": 31.49947936911332,
        "point_encoder_activation_norm_last": 11.87673568725586,
        "point_valid_ratio_last": 1.0,
        "report_path": "reports/stwm_ostf_v30_external_gt_runs/v30_extgt_m512_h64_seed42.json",
        "reused_from_round1": false,
        "seed": 42,
        "steps": 4000,
        "threshold_auc_delta_vs_prior": 0.05121951219512195,
        "train_loss_decreased": true
      },
      {
        "batch_size": 8,
        "completed": true,
        "delta_minFDE_vs_strongest_prior": 24.176740841749236,
        "effective_batch_size": 8,
        "grad_accum_steps": 1,
        "m128_same_seed_MissRate@128": 0.3910891089108911,
        "m128_same_seed_MissRate@64": 0.7475247524752475,
        "m128_same_seed_minFDE_K": 106.2816466954675,
        "m128_same_seed_motion_minFDE_K": 129.31873563472055,
        "m128_same_seed_relative_deformation_layout_error": 53.57939345068018,
        "m128_same_seed_threshold_auc": 0.28465346534653463,
        "m512_MissRate@128": 0.3853658536585366,
        "m512_MissRate@64": 0.7365853658536585,
        "m512_minFDE_K": 105.2494368576422,
        "m512_minus_m128_minFDE_K": -1.032209837825306,
        "m512_minus_m128_motion_minFDE_K": -0.9836116691058407,
        "m512_minus_m128_threshold_auc": 0.006809949287611694,
        "m512_motion_minFDE_K": 128.3351239656147,
        "m512_relative_deformation_layout_error": 51.80123840717687,
        "m512_threshold_auc": 0.2914634146341463,
        "motion_delta_minFDE_vs_strongest_prior": 31.797288944846706,
        "point_encoder_activation_norm_last": 12.738648414611816,
        "point_valid_ratio_last": 1.0,
        "report_path": "reports/stwm_ostf_v30_external_gt_runs/v30_extgt_m512_h64_seed123.json",
        "reused_from_round1": false,
        "seed": 123,
        "steps": 4000,
        "threshold_auc_delta_vs_prior": 0.05,
        "train_loss_decreased": false
      },
      {
        "batch_size": 8,
        "completed": true,
        "delta_minFDE_vs_strongest_prior": 24.313822425284037,
        "effective_batch_size": 8,
        "grad_accum_steps": 1,