{
  "audit_name": "stwm_ostf_v19_bootstrap",
  "generated_at_utc": "2026-05-02T18:15:38.983022+00:00",
  "v19_m128_vs_cv_endpoint": {
    "ci95": [
      -0.022081621615113792,
      0.022819037949973413
    ],
    "item_count": 455,
    "mean_delta": 4.2432939613258445e-05,
    "metric_available_in_both_reports": true,
    "zero_excluded": false
  },
  "v19_m128_vs_cv_point_L1": {
    "ci95": [
      -0.046790526707421294,
      -0.006543261471030502
    ],
    "item_count": 455,
    "mean_delta": -0.026646045800093766,
    "metric_available_in_both_reports": true,
    "zero_excluded": true
  },
  "v19_m512_vs_cv_endpoint": {
    "ci95": [
      -0.006952984492865301,
      0.01020332321584705
    ],
    "item_count": 496,
    "mean_delta": 0.001662858191036409,
    "metric_available_in_both_reports": true,
    "zero_excluded": false
  },
  "v19_m512_vs_cv_point_L1": {
    "ci95": [
      -0.012970524727396907,
      0.0016095717798077275
    ],
    "item_count": 496,
    "mean_delta": -0.005586591759516347,
    "metric_available_in_both_reports": true,
    "zero_excluded": false
  },
  "v19_m512_vs_point_transformer_point_L1": {
    "ci95": [
      114.05157982834405,
      128.72713739841785
    ],
    "item_count": 496,
    "mean_delta": 121.00639826461914,
    "metric_available_in_both_reports": true,
    "zero_excluded": true
  },
  "v19_m512_vs_v18_m512_endpoint": {
    "ci95": [
      -0.004499254742216679,
      0.01309751156687496
    ],
    "item_count": 496,
    "mean_delta": 0.004254956699667438,
    "metric_available_in_both_reports": true,
    "zero_excluded": false
  },
  "v19_m512_vs_v18_m512_point_L1": {
    "ci95": [
      -0.011872293202266578,
      0.0020466877042406018
    ],
    "item_count": 496,
    "mean_delta": -0.0049048472916887655,
    "metric_available_in_both_reports": true,
    "zero_excluded": false
  },
  "v19_m512_vs_wo_dense_point_L1": {
    "ci95": [
      -0.008631667861294361,
      0.0010463174838091986
    ],
    "item_count": 496,
    "mean_delta": -0.003759804091626598,
    "metric_available_in_both_reports": true,
    "zero_excluded": false
  },
  "v19_m512_vs_wo_refinement_point_L1": {
    "ci95": [
      -0.009248370934097517,
      0.006041789250147919
    ],
    "item_count": 496,
    "mean_delta": -0.001492150608570345,
    "metric_available_in_both_reports": true,
    "zero_excluded": false
  }
}
