{
  "checkpoint": "outputs/checkpoints/stage2_tusb_semantic_only_unfreeze_v1_c64_20260428/latest.pt",
  "feature_backbone": "openai_clip_vit_b_32_local",
  "full_free_rollout_executed": true,
  "full_model_forward_executed": true,
  "generated_at_utc": "2026-04-29T06:45:23.111664+00:00",
  "no_candidate_leakage": true,
  "overall": {
    "free_rollout": {
      "frequency_baseline_top1": 0.060221354166666664,
      "frequency_baseline_top5": 0.2490234375,
      "future_trace_coord_error": 0.2061468083096744,
      "masked_CE": 4.3856365618606405,
      "proto_accuracy": 0.010416666666666666,
      "proto_top5_accuracy": 0.040690104166666664,
      "reappearance_AP": 0.011995119128247666,
      "reappearance_AUROC": 0.3851514274691358,
      "target_valid_ratio": 0.75,
      "valid_items": 64,
      "valid_output_ratio": 1.0,
      "valid_target_count": 3072,
      "visibility_AP": 1.0,
      "visibility_AUROC": null
    },
    "free_rollout_vs_teacher_forced_gap_proto_accuracy": 0.0,
    "teacher_forced": {
      "frequency_baseline_top1": 0.060221354166666664,
      "frequency_baseline_top5": 0.2490234375,
      "future_trace_coord_error": 0.20561326774747915,
      "masked_CE": 4.385872587561607,
      "proto_accuracy": 0.010416666666666666,
      "proto_top5_accuracy": 0.042317708333333336,
      "reappearance_AP": 0.01197661305684603,
      "reappearance_AUROC": 0.3837632275132275,
      "target_valid_ratio": 0.75,
      "valid_items": 64,
      "valid_output_ratio": 1.0,
      "valid_target_count": 3072,
      "visibility_AP": 1.0,
      "visibility_AUROC": null
    }
  },
  "prototype_count": 64,
  "prototype_target_cache": "reports/stwm_future_semantic_trace_prototype_targets_v2_c64_20260428.json",
  "target_valid_ratio": 0.621874988079071
}
