{
  "report_name": "stwm_reappearance_visibility_joint_v1_baseline_comparison",
  "source_reports": {
    "joint_free_rollout_eval": "reports/stwm_reappearance_visibility_joint_v1_free_rollout_eval_20260427.json",
    "joint_teacher_forced_eval": "reports/stwm_reappearance_visibility_joint_v1_teacher_forced_eval_20260427.json",
    "headonly_v2_eval": "reports/stwm_reappearance_headonly_v2_eval_20260427.json",
    "random_head_baseline": "reports/stwm_reappearance_random_head_baseline_v1_20260427.json",
    "pre_headonly_medium_free_rollout": "reports/stwm_strengthened_reappearance_targets_v1_free_rollout_eval_20260427.json"
  },
  "joint_free_rollout": {
    "event_AP_joint": 0.8035736167497645,
    "event_AUROC_joint": 0.7130555555555556,
    "per_horizon_AP_joint": 0.16071598083031027,
    "per_horizon_AUROC_joint": 0.2840988988639995,
    "visibility_AP": 0.9996528742420828,
    "visibility_AUROC": 0.9953954559650219,
    "future_trace_coord_error": 0.20921914785867557,
    "valid_output_ratio": 1.0,
    "output_degenerate": false
  },
  "joint_teacher_forced": {
    "event_AP": 0.8036797292403649,
    "event_AUROC": 0.7130555555555556,
    "per_horizon_AP": 0.1609344024296843,
    "per_horizon_AUROC": 0.2854876666957204,
    "visibility_AP": 0.9996700542572827,
    "visibility_AUROC": 0.9956210636581303
  },
  "headonly_v2": {
    "event_AP_headonly_v2": 0.7981041933338294,
    "event_AUROC_headonly_v2": 0.7061111111111111,
    "per_horizon_AP_headonly_v2": 0.1529472430291964,
    "per_horizon_AUROC_headonly_v2": 0.24275545483599176
  },
  "random_head_distribution": {
    "event_AP_random_mean": 0.6192627921940244,
    "event_AP_random_std": 0.14281798445995952,
    "event_AP_random_max": 0.8488019905107611,
    "event_AUROC_random_mean": 0.4943888888888889,
    "event_AUROC_random_std": 0.19730842404096907,
    "event_AUROC_random_max": 0.7861111111111111,
    "per_horizon_AP_random_mean": 0.220448628280088,
    "per_horizon_AP_random_std": 0.22971085437503497,
    "per_horizon_AP_random_max": 0.9067754939749451,
    "per_horizon_AUROC_random_mean": 0.22310816700078445
  },
  "gains": {
    "event_AP_gain_vs_headonly": 0.0054694234159350374,
    "event_AUROC_gain_vs_headonly": 0.00694444444444442,
    "per_horizon_AP_gain_vs_headonly": 0.0077687378011138675,
    "per_horizon_AUROC_gain_vs_headonly": 0.04134344402800777,
    "event_AP_margin_vs_random_mean_plus_1std": 0.04149284009578058,
    "event_AP_margin_vs_random_max": -0.04522837376099664
  },
  "success_criteria": {
    "no_trace_rollout_regression": true,
    "output_degenerate_false": true,
    "event_AP_preserved_vs_headonly_minus_0p02": true,
    "event_AUROC_preserved_vs_headonly_minus_0p02": true,
    "per_horizon_AP_improved_vs_headonly": true,
    "event_AP_above_random_mean_plus_1std": true,
    "event_AP_above_random_max": false
  },
  "joint_signal_positive": true,
  "trace_rollout_regression_detected": false,
  "paper_world_model_claimable": "unclear",
  "notes": [
    "Event AP/AUROC slightly improve over headonly and exceed random mean+1std, but event AP remains below best random seed and per-horizon AP remains below random mean; keep paper claim conservative."
  ]
}
