{
  "fresh_training_completed": true,
  "future_leakage_detected": false,
  "generated_at_utc": "2026-05-11T08:52:51.241682+00:00",
  "per_split": {
    "test": {
      "changed_copy_cosine": 0.3497981131076813,
      "changed_model_cosine": 0.3003581762313843,
      "changed_semantic_signal": false,
      "hard_identity_ROC_AUC": 0.5216576800676852,
      "semantic_belief_consistency": 0.9994074106216431,
      "semantic_hard_copy_cosine": 0.5209877490997314,
      "semantic_hard_model_cosine": 0.3373298943042755,
      "semantic_hard_signal": false,
      "semantic_uncertainty_quality": -0.10945738978013998,
      "stable_copy_cosine": 0.8961519002914429,
      "stable_model_cosine": 0.37049049139022827,
      "stable_preservation": false,
      "teacher_agreement_weighted_top5": 0.34149303287193244,
      "trajectory_degraded": false,
      "val_calibrated_balanced_accuracy": 0.5109357048636228,
      "visibility_AUROC": 0.5735278933927341,
      "visibility_F1": 0.8583454003898842
    },
    "val": {
      "changed_copy_cosine": 0.34274667501449585,
      "changed_model_cosine": 0.3220486044883728,
      "changed_semantic_signal": false,
      "hard_identity_ROC_AUC": 0.5340608951293409,
      "semantic_belief_consistency": 0.9994032382965088,
      "semantic_hard_copy_cosine": 0.5267162919044495,
      "semantic_hard_model_cosine": 0.3693912923336029,
      "semantic_hard_signal": false,
      "semantic_uncertainty_quality": -0.03147145498260214,
      "stable_copy_cosine": 0.9000649452209473,
      "stable_model_cosine": 0.44062376022338867,
      "stable_preservation": false,
      "teacher_agreement_weighted_top5": 0.33848668670593696,
      "trajectory_degraded": false,
      "val_calibrated_balanced_accuracy": 0.5177746535448885,
      "visibility_AUROC": 0.596204658626712,
      "visibility_F1": 0.8755469903861464
    }
  },
  "real_pointwise_no_unit_baseline_built": true,
  "v30_backbone_frozen": true
}
