{
  "audit_name": "stwm_free_rollout_semantic_trace_field_v4_significance",
  "bootstrap_unit": "item",
  "c32": {
    "bootstrap_unit": "item",
    "item_level_bootstrap": {
      "bootstrap_unit": "item",
      "residual_vs_copy_changed_top5": {
        "bootstrap_win_rate": 0.7285714285714285,
        "ci95": [
          0.1346094636858574,
          0.23154820154820163
        ],
        "item_count": 70,
        "mean_delta": 0.17933012726051467,
        "zero_excluded": true
      },
      "residual_vs_copy_overall_top5": {
        "bootstrap_win_rate": 0.7183098591549296,
        "ci95": [
          0.09029735938554079,
          0.1484357319562368
        ],
        "item_count": 71,
        "mean_delta": 0.11779235093526437,
        "zero_excluded": true
      },
      "stable_preservation_drop": {
        "bootstrap_win_rate": 0.015873015873015872,
        "ci95": [
          0.0,
          0.00952380895614624
        ],
        "item_count": 63,
        "mean_delta": 0.00317460298538208,
        "zero_excluded": false
      }
    },
    "prototype_count": 32,
    "residual_vs_copy_changed_top5": {
      "ci95": [
        0.17246014574612387,
        0.1863198887035781
      ],
      "mean_delta": 0.17939001722485098,
      "zero_excluded": true
    },
    "residual_vs_copy_overall_top5": {
      "ci95": [
        0.10882314334178808,
        0.11764056178152027
      ],
      "mean_delta": 0.11323185256165418,
      "zero_excluded": true
    },
    "seed_count": 5,
    "seed_mean_std": {
      "changed_subset_gain_over_copy": {
        "mean": 0.17939001722485098,
        "std": 0.007071297427272578
      },
      "future_trace_coord_error": {
        "mean": 0.5491586678557926,
        "std": 0.13423760283222536
      },
      "heldout_top5": {
        "mean": 0.8011709663397534,
        "std": 0.004498682877414381
      }
    },
    "stable_preservation_drop": {
      "ci95": [
        0.0007347443830032475,
        0.0015016771137202254
      ],
      "mean_delta": 0.0011182107483617364,
      "zero_excluded": true
    }
  },
  "c64": {
    "bootstrap_unit": "item",
    "item_level_bootstrap": {
      "bootstrap_unit": "item",
      "residual_vs_copy_changed_top5": {
        "bootstrap_win_rate": 0.6428571428571429,
        "ci95": [
          0.13090027730113693,
          0.25383355935503327
        ],
        "item_count": 70,
        "mean_delta": 0.1889702454741512,
        "zero_excluded": true
      },
      "residual_vs_copy_overall_top5": {
        "bootstrap_win_rate": 0.6056338028169014,
        "ci95": [
          0.06361476851391121,
          0.1364884932538573
        ],
        "item_count": 71,
        "mean_delta": 0.09962440775313848,
        "zero_excluded": true
      },
      "stable_preservation_drop": {
        "bootstrap_win_rate": 0.16666666666666666,
        "ci95": [
          0.015364742549982938,
          0.10234021788293664
        ],
        "item_count": 66,
        "mean_delta": 0.05291128881049879,
        "zero_excluded": true
      }
    },
    "prototype_count": 64,
    "residual_vs_copy_changed_top5": {
      "ci95": [
        0.1720042332138942,
        0.1860683050617309
      ],
      "mean_delta": 0.17903626913781254,
      "zero_excluded": true
    },
    "residual_vs_copy_overall_top5": {
      "ci95": [
        0.0874678849284891,
        0.09988574320202274
      ],
      "mean_delta": 0.09367681406525592,
      "zero_excluded": true
    },
    "seed_count": 5,
    "seed_mean_std": {
      "changed_subset_gain_over_copy": {
        "mean": 0.17903626913781254,
        "std": 0.0071755468611411815
      },
      "future_trace_coord_error": {
        "mean": 0.5834980073902342,
        "std": 0.1508959204135988
      },
      "heldout_top5": {
        "mean": 0.7526346662598694,
        "std": 0.006335641976292675
      }
    },
    "stable_preservation_drop": {
      "ci95": [
        0.023410163560062473,
        0.03418071156084143
      ],
      "mean_delta": 0.028795437560451952,
      "zero_excluded": true
    }
  },
  "item_level_bootstrap_required_before_paper_claim": false,
  "v2_residual_vs_copy": {
    "bootstrap_unit": "item",
    "item_level_bootstrap": {
      "bootstrap_unit": "item",
      "residual_vs_copy_changed_top5": {
        "bootstrap_win_rate": 0.7285714285714285,
        "ci95": [
          0.1346094636858574,
          0.23154820154820163
        ],
        "item_count": 70,
        "mean_delta": 0.17933012726051467,
        "zero_excluded": true
      },
      "residual_vs_copy_overall_top5": {
        "bootstrap_win_rate": 0.7183098591549296,
        "ci95": [
          0.09029735938554079,
          0.1484357319562368
        ],
        "item_count": 71,
        "mean_delta": 0.11779235093526437,
        "zero_excluded": true
      },
      "stable_preservation_drop": {
        "bootstrap_win_rate": 0.015873015873015872,
        "ci95": [
          0.0,
          0.00952380895614624
        ],
        "item_count": 63,
        "mean_delta": 0.00317460298538208,
        "zero_excluded": false
      }
    },
    "prototype_count": 32,
    "residual_vs_copy_changed_top5": {
      "ci95": [
        0.17246014574612387,
        0.1863198887035781
      ],
      "mean_delta": 0.17939001722485098,
      "zero_excluded": true
    },
    "residual_vs_copy_overall_top5": {
      "ci95": [
        0.10882314334178808,
        0.11764056178152027
      ],
      "mean_delta": 0.11323185256165418,
      "zero_excluded": true
    },
    "seed_count": 5,
    "seed_mean_std": {
      "changed_subset_gain_over_copy": {
        "mean": 0.17939001722485098,
        "std": 0.007071297427272578
      },
      "future_trace_coord_error": {
        "mean": 0.5491586678557926,
        "std": 0.13423760283222536
      },
      "heldout_top5": {
        "mean": 0.8011709663397534,
        "std": 0.004498682877414381
      }
    },
    "stable_preservation_drop": {
      "ci95": [
        0.0007347443830032475,
        0.0015016771137202254
      ],
      "mean_delta": 0.0011182107483617364,
      "zero_excluded": true
    }
  }
}
