{
  "candidate_AP": 0.10917607102366916,
  "candidate_AUROC": 0.6528458178986465,
  "candidate_MRR": 0.44935957643772007,
  "candidate_feature_used_for_rollout": false,
  "candidate_feature_used_for_scoring": true,
  "candidate_positive_rate": 0.06808961016052213,
  "candidate_record_count": 5669,
  "candidate_score_mode": "posterior_v7",
  "candidate_top1": 0.24093264248704663,
  "dev": {
    "candidate_AP": 0.11443879300534193,
    "candidate_AUROC": 0.6856569519085022,
    "candidate_MRR": 0.48493046958833247,
    "candidate_positive_rate": 0.0675008231807705,
    "candidate_record_count": 3037,
    "candidate_top1": 0.2731707317073171,
    "metric_items": 205
  },
  "full_free_rollout_executed": true,
  "full_model_forward_executed": true,
  "future_candidate_used_as_input": false,
  "generated_at_utc": "2026-04-28T16:54:50.775275+00:00",
  "heldout": {
    "candidate_AP": 0.10548108231554292,
    "candidate_AUROC": 0.613760084394463,
    "candidate_MRR": 0.4090721007698998,
    "candidate_positive_rate": 0.06876899696048633,
    "candidate_record_count": 2632,
    "candidate_top1": 0.20441988950276244,
    "metric_items": 181
  },
  "metric_items": 386,
  "mode": "posterior_v7",
  "old_association_report_used": false,
  "per_subset_breakdown": {
    "OOD_hard": {
      "candidate_AP": null,
      "candidate_AUROC": null,
      "candidate_MRR": null,
      "candidate_positive_rate": null,
      "candidate_record_count": 0,
      "candidate_top1": null,
      "metric_items": 0
    },
    "appearance_change": {
      "candidate_AP": 0.1730383628869601,
      "candidate_AUROC": 0.6045198488965472,
      "candidate_MRR": 0.5514282807342622,
      "candidate_positive_rate": 0.14195867026055706,
      "candidate_record_count": 1113,
      "candidate_top1": 0.3227848101265823,
      "metric_items": 158
    },
    "crossing_ambiguity": {
      "candidate_AP": 0.10342347461536469,
      "candidate_AUROC": 0.6820991248960839,
      "candidate_MRR": 0.40492875798263944,
      "candidate_positive_rate": 0.05753476852733854,
      "candidate_record_count": 5249,
      "candidate_top1": 0.2052980132450331,
      "metric_items": 302
    },
    "long_gap_persistence": {
      "candidate_AP": 0.3188005321021317,
      "candidate_AUROC": 0.6076923076923076,
      "candidate_MRR": 0.5894230769230768,
      "candidate_positive_rate": 0.21940928270042195,
      "candidate_record_count": 237,
      "candidate_top1": 0.34615384615384615,
      "metric_items": 52
    },
    "occlusion_reappearance": {
      "candidate_AP": 0.1526467536909843,
      "candidate_AUROC": 0.5763779527559055,
      "candidate_MRR": 0.555787651584558,
      "candidate_positive_rate": 0.12932790224032586,
      "candidate_record_count": 982,
      "candidate_top1": 0.33070866141732286,
      "metric_items": 127
    }
  },
  "predicted_candidate_index_0_ratio": 0.11398963730569948,
  "score_tie_rate": 0.0,
  "stage2_val_fallback_used": false
}
