{
  "M128_vs_M1_anchor_L1": {
    "ci95": [
      10.046192919028984,
      18.334577524111822
    ],
    "item_count": 455,
    "mean_delta": 14.39685450753013,
    "zero_excluded": true
  },
  "M128_vs_M1_point_L1": {
    "ci95": [
      -60.57019672488118,
      -41.731944317450896
    ],
    "item_count": 455,
    "mean_delta": -51.22710168859461,
    "zero_excluded": true
  },
  "M512_vs_M1_anchor_L1": {
    "ci95": [
      -24.022941245378988,
      -18.852902168083578
    ],
    "item_count": 496,
    "mean_delta": -21.427392168391137,
    "zero_excluded": true
  },
  "M512_vs_M1_point_L1": {
    "ci95": [
      -112.62992628759915,
      -98.64869971972318
    ],
    "item_count": 496,
    "mean_delta": -105.70501960958204,
    "zero_excluded": true
  },
  "M512_vs_point_transformer_point_L1": {
    "ci95": [
      -11.084126563995117,
      -6.060397225137681
    ],
    "item_count": 496,
    "mean_delta": -8.621552928801506,
    "zero_excluded": true
  },
  "audit_name": "stwm_ostf_v17_bootstrap",
  "generated_at_utc": "2026-05-02T14:43:36.784011+00:00"
}
