{
  "generated_at_utc": "2026-04-23T18:01:22.845735+00:00",
  "splits": {
    "heldout_burst_heavy_context_preserving": {
      "hybrid_vs_semantic_teacher_only": {
        "overall_top1": {
          "count": 1836,
          "mean_delta": -0.11601307189542484,
          "ci95_low": -0.13944716775599128,
          "ci95_high": -0.09313725490196079,
          "zero_excluded": true,
          "bootstrap_win_rate": 0.07461873638344227
        },
        "hard_subset_top1": {
          "count": 1836,
          "mean_delta": -0.11601307189542484,
          "ci95_low": -0.1394335511982571,
          "ci95_high": -0.09421296296296292,
          "zero_excluded": true,
          "bootstrap_win_rate": 0.07461873638344227
        },
        "ambiguity_top1": {
          "count": 1212,
          "mean_delta": -0.08168316831683169,
          "ci95_low": -0.10891089108910891,
          "ci95_high": -0.054455445544554455,
          "zero_excluded": true,
          "bootstrap_win_rate": 0.08168316831683169
        },
        "occlusion_reappearance_top1": {
          "count": 792,
          "mean_delta": -0.16161616161616163,
          "ci95_low": -0.19823232323232323,
          "ci95_high": -0.125,
          "zero_excluded": true,
          "bootstrap_win_rate": 0.06944444444444445
        },
        "long_gap_persistence_top1": {
          "count": 438,
          "mean_delta": -0.18493150684931506,
          "ci95_low": -0.23515981735159816,
          "ci95_high": -0.1324200913242009,
          "zero_excluded": true,
          "bootstrap_win_rate": 0.07534246575342465
        }
      },
      "hybrid_vs_legacysem": {
        "overall_top1": {
          "count": 1836,
          "mean_delta": 0.061546840958605666,
          "ci95_low": 0.039746732026143795,
          "ci95_high": 0.08442265795206971,
          "zero_excluded": true,
          "bootstrap_win_rate": 0.15577342047930284
        },
        "hard_subset_top1": {
          "count": 1836,
          "mean_delta": 0.061546840958605666,
          "ci95_low": 0.0392020697167756,
          "ci95_high": 0.08387799564270153,
          "zero_excluded": true,
          "bootstrap_win_rate": 0.15577342047930284
        },
        "ambiguity_top1": {
          "count": 1212,
          "mean_delta": 0.07013201320132013,
          "ci95_low": 0.041254125412541254,
          "ci95_high": 0.09900990099009901,
          "zero_excluded": true,
          "bootstrap_win_rate": 0.1674917491749175
        },
        "occlusion_reappearance_top1": {
          "count": 792,
          "mean_delta": 0.04292929292929293,
          "ci95_low": 0.010101010101010102,
          "ci95_high": 0.07702020202020202,
          "zero_excluded": true,
          "bootstrap_win_rate": 0.13762626262626262
        },
        "long_gap_persistence_top1": {
          "count": 438,
          "mean_delta": 0.02054794520547945,
          "ci95_low": -0.02511415525114155,
          "ci95_high": 0.06621004566210045,
          "zero_excluded": false,
          "bootstrap_win_rate": 0.1278538812785388
        }
      },
      "semantic_teacher_only_vs_legacysem": {
        "overall_top1": {
          "count": 1836,
          "mean_delta": 0.1775599128540305,
          "ci95_low": 0.14978213507625274,
          "ci95_high": 0.2047930283224401,
          "zero_excluded": true,
          "bootstrap_win_rate": 0.29411764705882354
        },
        "hard_subset_top1": {
          "count": 1836,
          "mean_delta": 0.1775599128540305,
          "ci95_low": 0.14978213507625274,
          "ci95_high": 0.20588235294117646,
          "zero_excluded": true,
          "bootstrap_win_rate": 0.29411764705882354
        },
        "ambiguity_top1": {
          "count": 1212,
          "mean_delta": 0.15181518151815182,
          "ci95_low": 0.11633663366336634,
          "ci95_high": 0.18566419141914198,
          "zero_excluded": true,
          "bootstrap_win_rate": 0.2739273927392739
        },
        "occlusion_reappearance_top1": {
          "count": 792,
          "mean_delta": 0.20454545454545456,
          "ci95_low": 0.16035353535353536,
          "ci95_high": 0.2474747474747475,
          "zero_excluded": true,
          "bootstrap_win_rate": 0.32323232323232326
        },
        "long_gap_persistence_top1": {
          "count": 438,
          "mean_delta": 0.2054794520547945,
          "ci95_low": 0.14383561643835616,
          "ci95_high": 0.2671232876712329,
          "zero_excluded": true,
          "bootstrap_win_rate": 0.3447488584474886
        }
      }
    },
    "heldout_scene_category_video_context_preserving": {
      "hybrid_vs_semantic_teacher_only": {
        "overall_top1": {
          "count": 1818,
          "mean_delta": -0.19471947194719472,
          "ci95_low": -0.21727172717271728,
          "ci95_high": -0.17216721672167218,
          "zero_excluded": true,
          "bootstrap_win_rate": 0.0429042904290429
        },
        "hard_subset_top1": {
          "count": 1818,
          "mean_delta": -0.19471947194719472,
          "ci95_low": -0.21727172717271728,
          "ci95_high": -0.17216721672167218,
          "zero_excluded": true,
          "bootstrap_win_rate": 0.0429042904290429
        },
        "ambiguity_top1": {
          "count": 1554,
          "mean_delta": -0.20334620334620335,
          "ci95_low": -0.2277992277992278,
          "ci95_high": -0.17953667953667954,
          "zero_excluded": true,
          "bootstrap_win_rate": 0.03861003861003861
        },
        "occlusion_reappearance_top1": {
          "count": 378,
          "mean_delta": -0.1402116402116402,
          "ci95_low": -0.1931216931216931,
          "ci95_high": -0.08994708994708994,
          "zero_excluded": true,
          "bootstrap_win_rate": 0.06613756613756613
        },
        "long_gap_persistence_top1": {
          "count": 126,
          "mean_delta": -0.15079365079365079,
          "ci95_low": -0.24603174603174602,
          "ci95_high": -0.05555555555555555,
          "zero_excluded": true,
          "bootstrap_win_rate": 0.0873015873015873
        }
      },
      "hybrid_vs_legacysem": {
        "overall_top1": {
          "count": 1818,
          "mean_delta": 0.0242024202420242,
          "ci95_low": 0.006600660066006601,
          "ci95_high": 0.041254125412541254,
          "zero_excluded": true,
          "bootstrap_win_rate": 0.08195819581958196
        },
        "hard_subset_top1": {
          "count": 1818,
          "mean_delta": 0.0242024202420242,
          "ci95_low": 0.007150715071507151,
          "ci95_high": 0.041254125412541254,
          "zero_excluded": true,
          "bootstrap_win_rate": 0.08195819581958196
        },
        "ambiguity_top1": {
          "count": 1554,
          "mean_delta": 0.029601029601029602,
          "ci95_low": 0.011583011583011582,
          "ci95_high": 0.046975546975546977,
          "zero_excluded": true,
          "bootstrap_win_rate": 0.08108108108108109
        },
        "occlusion_reappearance_top1": {
          "count": 378,
          "mean_delta": 0.021164021164021163,
          "ci95_low": -0.021164021164021163,
          "ci95_high": 0.06349206349206349,
          "zero_excluded": false,
          "bootstrap_win_rate": 0.10052910052910052
        },
        "long_gap_persistence_top1": {
          "count": 126,
          "mean_delta": -0.007936507936507936,
          "ci95_low": -0.09523809523809523,
          "ci95_high": 0.07936507936507936,
          "zero_excluded": false,
          "bootstrap_win_rate": 0.11904761904761904
        }
      },
      "semantic_teacher_only_vs_legacysem": {
        "overall_top1": {
          "count": 1818,
          "mean_delta": 0.21892189218921893,
          "ci95_low": 0.19416941694169418,
          "ci95_high": 0.24367436743674367,
          "zero_excluded": true,
          "bootstrap_win_rate": 0.27997799779978
        },
        "hard_subset_top1": {
          "count": 1818,
          "mean_delta": 0.21892189218921893,