{
  "audit_name": "stwm_mixed_fullscale_v2_decision",
  "best_prototype_count": 64,
  "best_seed": 42,
  "changed_gain_CI_excludes_zero_mixed": true,
  "changed_gain_CI_excludes_zero_vipseg": false,
  "changed_gain_CI_excludes_zero_vspw": true,
  "free_rollout_semantic_field_signal": true,
  "mixed_test_metrics": {
    "change_detection": {
      "ap": 0.6794411873912978,
      "auroc": 0.7181173282810304,
      "eligible": true
    },
    "changed_subset_count": 12930,
    "changed_subset_gain_over_copy": 0.059860789645045376,
    "changed_subset_top5": 0.6590100632592955,
    "copy_changed_subset_top5": 0.5991492736142501,
    "copy_proto_ce": 2.7850666267734043,
    "copy_proto_top1": 0.512774140545612,
    "copy_proto_top5": 0.8046951617999806,
    "copy_stable_subset_top5": 0.9999999969032566,
    "future_trace_coord_error": 0.31564322468347666,
    "overall_gain_over_copy": 0.028562816323574824,
    "proto_ce": 2.431075334679219,
    "proto_logit_std_mean": 2.0485592142837805,
    "proto_top1": 0.5152988218929012,
    "proto_top5": 0.8332579781235554,
    "reappearance": {
      "ap": 0.036918848749171465,
      "auroc": 0.6289161422052293,
      "eligible": true
    },
    "stable_preservation_drop": 0.0011757786951297478,
    "stable_subset_count": 13608,
    "stable_subset_top5": 0.9988242182081268,
    "valid_count": 26538,
    "visibility": {
      "ap": 0.0,
      "auroc": 0.0,
      "eligible": false
    }
  },
  "mixed_training_completed": false,
  "paper_world_model_claimable": "unclear",
  "recommended_next_step_choice": "run_larger_training",
  "residual_beats_copy_mixed": true,
  "residual_beats_copy_vipseg": true,
  "residual_beats_copy_vspw": true,
  "semantic_field_branch_status": "main_supporting_evidence",
  "stable_copy_preserved": true,
  "trace_regression_detected": false,
  "vipseg_test_metrics": {
    "change_detection": {
      "ap": 0.5427192892650037,
      "auroc": 0.6668986302925886,
      "eligible": true
    },
    "changed_subset_count": 6152,
    "changed_subset_gain_over_copy": 0.01414174035734106,
    "changed_subset_top5": 0.7420351194636836,
    "copy_changed_subset_top5": 0.7278933791063426,
    "copy_proto_ce": 2.5913242323217087,
    "copy_proto_top1": 0.5923938297896832,
    "copy_proto_top5": 0.8890876625401358,
    "copy_stable_subset_top5": 0.9999999967867756,
    "future_trace_coord_error": 0.338762954580334,
    "overall_gain_over_copy": 0.00530047047894866,
    "proto_ce": 2.2320831375820913,
    "proto_logit_std_mean": 2.1941165761002956,
    "proto_top1": 0.579208908644185,
    "proto_top5": 0.8943881330190845,
    "reappearance": {
      "ap": 0.047926860724143074,
      "auroc": 0.6478758009562401,
      "eligible": true
    },
    "stable_preservation_drop": 0.0007829098823606273,
    "stable_subset_count": 8941,
    "stable_subset_top5": 0.999217086904415,
    "valid_count": 15093,
    "visibility": {
      "ap": 0.0,
      "auroc": 0.0,
      "eligible": false
    }
  },
  "vspw_test_metrics": {
    "change_detection": {
      "ap": 0.761851095464996,
      "auroc": 0.7327086024226782,
      "eligible": true
    },
    "changed_subset_count": 6778,
    "changed_subset_gain_over_copy": 0.10135733600355207,
    "changed_subset_top5": 0.5836530042788595,
    "copy_changed_subset_top5": 0.4822956682753074,
    "copy_proto_ce": 3.0405628224448273,
    "copy_proto_top1": 0.40777632754772913,
    "copy_proto_top5": 0.6934032427374064,
    "copy_stable_subset_top5": 0.9999999971264099,
    "future_trace_coord_error": 0.27522923309227515,
    "overall_gain_over_copy": 0.059239844356160254,
    "proto_ce": 2.6934946646175826,
    "proto_logit_std_mean": 1.821486873873349,
    "proto_top1": 0.43101791849953086,
    "proto_top5": 0.7526430870935666,
    "reappearance": {
      "ap": 0.01844738687352792,
      "auroc": 0.5527774309036926,
      "eligible": true
    },
    "stable_preservation_drop": 0.0019284335172786715,
    "stable_subset_count": 4667,
    "stable_subset_top5": 0.9980715636091312,
    "valid_count": 11445,
    "visibility": {
      "ap": 0.0,
      "auroc": 0.0,
      "eligible": false
    }
  },
  "world_model_output_contract_satisfied": true
}
