{
  "audit_name": "stwm_papergrade_protocol_v2_seed_robustness",
  "selected_on_val_only": true,
  "selected_prototype_count": 64,
  "selected_seed": 123,
  "train_completed_run_count": 10,
  "train_failed_run_count": 0,
  "val_c32_seed_mean_std": {
    "changed_subset_gain_over_copy": {
      "mean": 0.14845854566750039,
      "std": 0.0031999758064472023
    },
    "future_trace_coord_error": {
      "mean": 0.27169182583175855,
      "std": 0.012400573536024284
    },
    "heldout_top5": {
      "mean": 0.82730749960145,
      "std": 0.0017277626317424143
    }
  },
  "val_c64_seed_mean_std": {
    "changed_subset_gain_over_copy": {
      "mean": 0.1532914521035781,
      "std": 0.003625383267658754
    },
    "future_trace_coord_error": {
      "mean": 0.37410970212056716,
      "std": 0.07329672646140074
    },
    "heldout_top5": {
      "mean": 0.7578654699109129,
      "std": 0.0025799591880892297
    }
  }
}
