{
  "bootstrap_name": "stwm_ostf_v30_density_pooling_pilot_bootstrap",
  "comparisons": {
    "M1024_H32_moments_vs_mean_minFDE_K": {
      "ci95": [
        3.575793936152658,
        7.671569642620884
      ],
      "item_count": 334,
      "mean_delta": 5.528190247312991,
      "zero_excluded": true
    },
    "M1024_H32_moments_vs_mean_threshold_auc": {
      "ci95": [
        0.004491017964071856,
        0.016467065868263474
      ],
      "item_count": 334,
      "mean_delta": 0.010479041916167664,
      "zero_excluded": true
    },
    "M1024_H64_induced_attention_vs_mean_minFDE_K": {
      "ci95": [
        10.811828860197917,
        17.06143034484127
      ],
      "item_count": 404,
      "mean_delta": 13.829744782778295,
      "zero_excluded": true
    },
    "M1024_H64_induced_attention_vs_mean_threshold_auc": {
      "ci95": [
        0.013613861386138614,
        0.029084158415841586
      ],
      "item_count": 404,
      "mean_delta": 0.02103960396039604,
      "zero_excluded": true
    },
    "M1024_H96_moments_vs_mean_minFDE_K": {
      "ci95": [
        8.62139539291765,
        13.588041734799546
      ],
      "item_count": 458,
      "mean_delta": 11.078250501874232,
      "zero_excluded": true
    },
    "M1024_H96_moments_vs_mean_threshold_auc": {
      "ci95": [
        0.0010780567685589528,
        0.016921397379912665
      ],
      "item_count": 458,
      "mean_delta": 0.008733624454148471,
      "zero_excluded": true
    }
  },
  "generated_at_utc": "2026-05-08T10:34:47.299970+00:00"
}
