{
  "audit_name": "stwm_semantic_memory_world_model_v3_significance",
  "bootstrap_unit": "item",
  "c32": {
    "bootstrap_unit": "item",
    "item_level_bootstrap": {
      "bootstrap_unit": "item",
      "residual_vs_copy_changed_top5": {
        "bootstrap_win_rate": 0.7272727272727273,
        "ci95": [
          0.12968590740453112,
          0.2815128559246659
        ],
        "item_count": 33,
        "mean_delta": 0.20112040616346127,
        "zero_excluded": true
      },
      "residual_vs_copy_overall_top5": {
        "bootstrap_win_rate": 0.7058823529411765,
        "ci95": [
          0.07424194117021911,
          0.16987515246386034
        ],
        "item_count": 34,
        "mean_delta": 0.11830228172680911,
        "zero_excluded": true
      },
      "stable_preservation_drop": {
        "bootstrap_win_rate": 0.0,
        "ci95": [
          0.0,
          0.0
        ],
        "item_count": 31,
        "mean_delta": 0.0,
        "zero_excluded": false
      }
    },
    "prototype_count": 32,
    "residual_vs_copy_changed_top5": {
      "ci95": [
        0.1711373692111159,
        0.19827437376828916
      ],
      "mean_delta": 0.18470587148970252,
      "zero_excluded": true
    },
    "residual_vs_copy_overall_top5": {
      "ci95": [
        0.10581960113543719,
        0.12257847095481579
      ],
      "mean_delta": 0.11419903604512649,
      "zero_excluded": true
    },
    "seed_count": 5,
    "seed_mean_std": {
      "changed_subset_gain_over_copy": {
        "mean": 0.18470587148970252,
        "std": 0.013845410488353704
      },
      "heldout_top5": {
        "mean": 0.7871359371155211,
        "std": 0.008550443785397252
      }
    },
    "stable_preservation_drop": {
      "ci95": [
        -0.0003057324658533673,
        0.0009426751030478825
      ],
      "mean_delta": 0.00031847131859725765,
      "zero_excluded": false
    }
  },
  "c64": {
    "bootstrap_unit": "item",
    "item_level_bootstrap": {
      "bootstrap_unit": "item",
      "residual_vs_copy_changed_top5": {
        "bootstrap_win_rate": 0.6666666666666666,
        "ci95": [
          0.11236828173313176,
          0.3086079543625766
        ],
        "item_count": 33,
        "mean_delta": 0.2034373176143025,
        "zero_excluded": true
      },
      "residual_vs_copy_overall_top5": {
        "bootstrap_win_rate": 0.5882352941176471,
        "ci95": [
          0.03882080629906234,
          0.15475597469245678
        ],
        "item_count": 34,
        "mean_delta": 0.09480470068314496,
        "zero_excluded": true
      },
      "stable_preservation_drop": {
        "bootstrap_win_rate": 0.1935483870967742,
        "ci95": [
          0.00867760758246145,
          0.06685512171637628
        ],
        "item_count": 31,
        "mean_delta": 0.032756211296204596,
        "zero_excluded": true
      }
    },
    "prototype_count": 64,
    "residual_vs_copy_changed_top5": {
      "ci95": [
        0.17687721570127304,
        0.1809286955333894
      ],
      "mean_delta": 0.17890295561733122,
      "zero_excluded": true
    },
    "residual_vs_copy_overall_top5": {
      "ci95": [
        0.08464569370674105,
        0.09059704725074133
      ],
      "mean_delta": 0.08762137047874119,
      "zero_excluded": true
    },
    "seed_count": 5,
    "seed_mean_std": {
      "changed_subset_gain_over_copy": {
        "mean": 0.17890295561733122,
        "std": 0.0020670815469981288
      },
      "heldout_top5": {
        "mean": 0.7514563272517283,
        "std": 0.003036404869387903
      }
    },
    "stable_preservation_drop": {
      "ci95": [
        0.030302844192941977,
        0.04169715495556303
      ],
      "mean_delta": 0.035999999574252504,
      "zero_excluded": true
    }
  },
  "item_level_bootstrap_required_before_paper_claim": false,
  "v2_residual_vs_copy": {
    "bootstrap_unit": "item",
    "item_level_bootstrap": {
      "bootstrap_unit": "item",
      "residual_vs_copy_changed_top5": {
        "bootstrap_win_rate": 0.7272727272727273,
        "ci95": [
          0.12968590740453112,
          0.2815128559246659
        ],
        "item_count": 33,
        "mean_delta": 0.20112040616346127,
        "zero_excluded": true
      },
      "residual_vs_copy_overall_top5": {
        "bootstrap_win_rate": 0.7058823529411765,
        "ci95": [
          0.07424194117021911,
          0.16987515246386034
        ],
        "item_count": 34,
        "mean_delta": 0.11830228172680911,
        "zero_excluded": true
      },
      "stable_preservation_drop": {
        "bootstrap_win_rate": 0.0,
        "ci95": [
          0.0,
          0.0
        ],
        "item_count": 31,
        "mean_delta": 0.0,
        "zero_excluded": false
      }
    },
    "prototype_count": 32,
    "residual_vs_copy_changed_top5": {
      "ci95": [
        0.1711373692111159,
        0.19827437376828916
      ],
      "mean_delta": 0.18470587148970252,
      "zero_excluded": true
    },
    "residual_vs_copy_overall_top5": {
      "ci95": [
        0.10581960113543719,
        0.12257847095481579
      ],
      "mean_delta": 0.11419903604512649,
      "zero_excluded": true
    },
    "seed_count": 5,
    "seed_mean_std": {
      "changed_subset_gain_over_copy": {
        "mean": 0.18470587148970252,
        "std": 0.013845410488353704
      },
      "heldout_top5": {
        "mean": 0.7871359371155211,
        "std": 0.008550443785397252
      }
    },
    "stable_preservation_drop": {
      "ci95": [
        -0.0003057324658533673,
        0.0009426751030478825
      ],
      "mean_delta": 0.00031847131859725765,
      "zero_excluded": false
    }
  }
}
