{
  "generated_at_utc": "2026-04-07T17:10:14.740609+00:00",
  "task": "trace_only_future_trace_state_generation",
  "train_datasets": [
    "pointodyssey",
    "kubric"
  ],
  "teacher_forced_supported": true,
  "free_rollout_supported": true,
  "device": "cuda",
  "seed": 20260408,
  "steps": 40,
  "batch_size": 2,
  "train_samples": 36,
  "val_samples": 14,
  "train_teacher_mse_last": 0.0013831999385729432,
  "train_free_mse_last": 0.002486263168975711,
  "train_total_loss_last": 0.0026263315230607986,
  "train_teacher_mse_mean": 0.022895270337176043,
  "train_free_mse_mean": 0.03043062695360277,
  "train_total_loss_mean": 0.03811058411665726,
  "val_metrics": {
    "val_teacher_mse": 0.004692599031841382,
    "val_free_mse": 0.00794441462494433,
    "val_batches": 6
  },
  "checkpoint_path": "/home/chen034/workspace/stwm/outputs/training/tracewm_stage1_tiny_20260408/tiny_trace_model.pt"
}